CreditScore,Age,Tenure,Balance,NumOfProducts,HasCrCard,IsActiveMember,EstimatedSalary,CreditScoreBins,Geography_France,Geography_Germany,Geography_Spain,Gender_Female,Gender_Male
634,0.6829268292682928,5,0.4927991281240922,1,1,1,0.2485916405016679,1,0,1,0,1,0
794,0.5609756097560976,7,0.7048495666108898,3,1,0,0.8326529183537028,3,1,0,0,1,0
683,0.3658536585365854,9,0.0,2,1,1,0.1938827157993588,2,1,0,0,1,0
729,0.1951219512195122,4,0.38767971489938413,2,1,0,0.1967427889363434,2,0,1,0,0,1
704,0.43902439024390244,7,0.4783893731514656,2,0,1,0.5029987863840997,2,1,0,0,0,1
728,0.4634146341463415,3,0.48900137103474967,2,0,0,0.5348808311193719,2,1,0,0,0,1
422,0.878048780487805,3,0.5580529528941414,1,0,1,0.43173818099628514,0,1,0,0,0,1
691,0.3170731707317073,5,0.16307637096798946,1,1,0,0.6310715673346804,2,1,0,0,1,0
542,0.878048780487805,8,0.4215661426517835,1,0,1,0.704659294962669,0,0,0,1,0,1
699,0.43902439024390244,2,0.4926365122986788,2,1,0,0.5177807980662154,2,0,1,0,0,1
603,0.3170731707317073,4,0.0,2,0,1,0.0479821822984095,1,1,0,0,0,1
729,0.48780487804878053,7,0.0,2,0,0,0.22886345646009193,2,1,0,0,1,0
656,0.5100518941359626,10,0.0,2,1,1,0.4944625211707718,1,1,0,0,0,1
744,0.43902439024390244,10,0.0,2,1,1,0.9143686222034203,3,1,0,0,0,1
502,0.5853658536585367,0,0.5261207847377396,1,0,1,0.14098046363427705,0,0,1,0,1,0
740,0.9268292682926831,4,0.3949704439758789,1,1,1,0.4250658937928572,2,0,0,1,1,0
640,0.3658536585365854,6,0.3376635111092317,2,1,1,0.5652400304229053,1,1,0,0,1,0
640,0.6829268292682928,3,0.0,1,1,1,0.7813171157845573,1,0,0,1,1,0
814,0.3170731707317073,6,0.34983335265724824,1,1,0,0.9426143696723037,4,1,0,0,1,0
678,0.902439024390244,4,0.5167313549497329,1,1,1,0.9206555226024085,2,0,1,0,0,1
713,0.5365853658536586,3,0.4561487096215041,2,1,1,0.4365246881077142,2,0,1,0,0,1
712,0.4146341463414634,7,0.49668066424897855,1,1,1,0.3465800483946217,2,1,0,0,0,1
596,0.5100518941359626,0,0.31138650756568137,1,1,1,0.7674299395592279,1,0,0,1,1,0
784,0.2439024390243903,2,0.27992935298949473,2,1,1,0.8962913458235261,3,0,1,0,0,1
535,0.7317073170731709,9,0.0,1,1,0,0.7494776251131983,0,1,0,0,1,0
526,0.34146341463414637,7,0.5003627169899939,1,0,0,0.43391558893874366,0,1,0,0,0,1
516,0.21951219512195125,9,0.0,1,1,0,0.7134134309826589,0,1,0,0,0,1
560,0.21951219512195125,5,0.0,2,1,0,0.6596024920379896,0,1,0,0,1,0
708,0.07317073170731708,8,0.533979194500843,2,1,0,0.2514365621916893,2,0,1,0,0,1
725,0.4634146341463415,6,0.4956130993265035,2,0,1,0.8849483125638498,2,1,0,0,0,1
583,0.1951219512195122,10,0.2902993801188363,2,1,0,0.4839490671359114,1,0,1,0,1,0
602,0.5853658536585367,1,0.553659734914682,1,1,1,0.6974824595748894,1,0,0,1,1,0
778,0.26829268292682934,7,0.49115344002818045,1,1,0,0.9061340858051943,3,0,1,0,1,0
544,0.7073170731707319,5,0.41947393860192406,1,0,0,0.4996002118202288,0,0,1,0,0,1
643,0.39024390243902446,7,0.6394072987960969,1,0,1,0.9426976776282133,1,0,1,0,1,0
673,0.4146341463414634,6,0.0,2,1,0,0.49308313943981646,2,0,0,1,1,0
667,0.3170731707317073,5,0.0,2,1,1,0.10168526094241999,1,0,0,1,0,1
631,0.5100518941359626,1,0.42406253471279914,1,1,1,0.7533211421690772,1,0,1,0,0,1
673,0.5365853658536586,5,0.5480084762701861,1,1,0,0.4087507356952589,2,1,0,0,1,0
664,0.6829268292682928,2,0.0,1,1,1,0.887141922053556,1,1,0,0,0,1
579,0.09756097560975613,3,0.4730230110560029,1,1,1,0.24911489047204008,0,0,0,1,0,1
650,0.5609756097560976,3,0.5133903171602463,3,0,0,0.5683840306749294,1,0,0,1,0,1
676,0.26829268292682934,7,0.5259500381210555,1,0,0,0.9463765289585154,2,1,0,0,0,1
487,0.4634146341463415,6,0.0,2,1,1,0.6323895432013757,0,1,0,0,0,1
499,0.07317073170731708,3,0.7035170335493587,1,1,1,0.7696166983946966,0,1,0,0,1,0
528,0.5121951219512195,0,0.5086990498811689,1,0,1,0.11094169493186598,0,0,1,0,0,1
700,0.5100518941359626,9,0.0,1,1,1,0.8748838514078094,2,1,0,0,1,0
688,0.3658536585365854,2,0.0,1,0,0,0.13774115428023376,2,0,0,1,1,0
809,0.3658536585365854,8,0.5901030972376076,1,0,0,0.9960532730875797,4,0,1,0,0,1
764,0.6341463414634148,1,0.0,2,1,1,0.05728447066694868,3,1,0,0,1,0
565,0.48780487804878053,7,0.5795209122556494,2,1,1,0.4192060841810392,0,0,1,0,1,0
712,0.5121951219512195,5,0.65005496853324,2,1,1,0.11846551345653508,2,0,0,1,1,0
772,0.5853658536585367,3,0.29922631136809374,2,1,0,0.46442905297455905,3,0,1,0,0,1
601,0.5365853658536586,10,0.5095609137558601,1,0,0,0.8662532271831959,1,1,0,0,0,1
444,0.43902439024390244,7,0.0,2,0,1,0.6937276509906695,0,1,0,0,0,1
561,0.3658536585365854,6,0.0,2,1,0,0.22627105888612362,0,0,0,1,1,0
464,0.5100518941359626,5,0.3029180891731779,1,1,1,0.7933622160916367,0,0,0,1,1,0
544,0.26829268292682934,1,0.4725446495029118,1,1,1,0.8207072775450054,0,1,0,0,1,0
689,0.3170731707317073,4,0.0,2,1,1,0.6830574319847544,2,0,0,1,1,0
690,0.26829268292682934,5,0.0,2,1,0,0.5428837954024609,2,1,0,0,0,1
493,0.43902439024390244,5,0.5925426136165485,2,1,0,0.2804314312016798,0,1,0,0,1,0
686,0.09756097560975613,5,0.0,2,1,0,0.7948902620200229,2,0,0,1,0,1
653,0.4146341463414634,9,0.0,2,1,1,0.22974429057975035,1,0,0,1,0,1
656,0.2926829268292683,4,0.2962286400825132,1,1,1,0.11459844415141646,1,1,0,0,1,0
850,0.39024390243902446,6,0.40361610564671896,1,1,0,0.16746799319334996,4,1,0,0,1,0
605,0.2439024390243903,10,0.45313549417614146,1,1,0,0.16552910802981682,1,0,1,0,0,1
711,0.17073170731707316,5,0.7575447864110884,1,0,0,0.2566935642353845,2,1,0,0,1,0
460,0.5100518941359626,8,0.4095005665447673,2,1,1,0.9467305127639689,0,0,1,0,1,0
669,0.2926829268292683,7,0.37915338454748704,1,0,0,0.09894784951962911,1,1,0,0,0,1
609,0.1951219512195122,7,0.0,2,1,0,0.49230906551575676,1,1,0,0,0,1
613,0.6829268292682928,8,0.6687799018318554,1,0,1,0.22191519290092201,1,1,0,0,1,0
603,0.6829268292682928,2,0.0,2,1,0,0.8724181159300713,1,0,0,1,0,1
503,0.2926829268292683,10,0.5445340377043125,2,0,0,0.236515887267234,0,0,1,0,0,1
633,0.5365853658536586,4,0.600156023507393,1,0,1,0.1733117512722465,1,1,0,0,0,1
605,0.5100518941359626,2,0.24440054525723973,1,0,1,0.933306780797566,1,0,1,0,0,1
631,0.5365853658536586,3,0.43025217928123727,1,1,0,0.2622152415555686,1,0,1,0,0,1
579,0.3170731707317073,9,0.0,1,0,1,0.6952484962313901,0,1,0,0,0,1
660,0.4146341463414634,6,0.40163227229031523,1,1,0,0.09594931315940672,1,1,0,0,1,0
552,0.5853658536585367,4,0.0,2,0,0,0.9784970464679376,0,0,0,1,0,1
631,0.5100518941359626,9,0.5241948633407293,2,1,1,0.2587277084961614,1,0,1,0,0,1
646,0.43902439024390244,6,0.5770202953717185,2,1,0,0.2660540081577791,1,0,1,0,1,0
757,0.39024390243902446,1,0.515739318701071,2,0,0,0.224790767518298,3,0,1,0,1,0
687,0.7073170731707319,7,0.0,2,1,1,0.8881469680354473,2,1,0,0,1,0
682,0.5100518941359626,0,0.33122101487500366,2,1,1,0.27063259541286194,2,0,0,1,1,0
668,0.4634146341463415,6,0.6690541167531407,1,1,0,0.5781887670272511,1,0,1,0,1,0
579,0.7804878048780488,5,0.46919854989729104,1,0,1,0.9607670032488103,0,0,1,0,1,0
610,0.7804878048780488,1,0.45419640300968417,2,1,0,0.982668694860359,1,0,1,0,0,1
704,0.5121951219512195,1,0.4967774366078275,1,1,0,0.582553333843382,2,0,1,0,1,0
710,0.26829268292682934,3,0.4769672818154973,1,1,0,0.940144083759999,2,0,0,1,1,0
669,0.26829268292682934,7,0.5819550081070765,1,0,0,0.25121189073556527,1,1,0,0,1,0
689,0.2926829268292683,5,0.544646991932063,1,1,1,0.20929068726063338,2,0,1,0,1,0
684,0.2926829268292683,2,0.0,2,1,0,0.417351057025946,2,1,0,0,0,1
521,0.21951219512195125,4,0.48356621606804584,1,1,1,0.8211390187762931,0,1,0,0,0,1
533,0.5121951219512195,2,0.0,1,0,1,0.3683269752261341,0,1,0,0,1,0
596,0.9512195121951221,6,0.0,2,1,1,0.3619866697269589,1,0,0,1,0,1
585,0.7804878048780488,2,0.5015807812646164,1,1,0,0.04714315217103233,1,0,1,0,0,1
718,0.21951219512195125,2,0.0,2,0,0,0.13110082012832225,2,1,0,0,0,1
758,0.39024390243902446,1,0.6143508306500063,1,1,1,0.3036155452845747,3,1,0,0,1,0
663,0.5100518941359626,6,0.5986503524199807,1,0,1,0.7566007053673625,1,0,0,1,1,0
642,0.9268292682926831,6,0.4115011796223718,2,1,0,0.7152590072351909,1,0,1,0,1,0
689,0.39024390243902446,1,0.6588821381621518,1,1,0,0.7774945007248192,2,1,0,0,0,1
622,1.0,5,0.4758121913164026,1,1,1,0.3021181022787676,1,1,0,0,0,1
613,0.8048780487804879,7,0.5869399404355768,1,1,1,0.26812220567064154,1,0,1,0,1,0
663,0.09756097560975613,6,0.0,2,0,1,0.6591407979462038,1,1,0,0,0,1
596,0.3658536585365854,2,0.5558100103512148,1,0,0,0.3156828477119565,1,1,0,0,0,1
572,0.4634146341463415,1,0.5302697202676993,1,0,0,0.5562106681188053,0,1,0,0,0,1
733,0.6341463414634148,6,0.6702555607338423,1,0,1,0.9860037133546252,2,1,0,0,1,0
677,0.2439024390243903,0,0.5738903791575297,2,1,0,0.04372472571130542,2,0,1,0,0,1
560,0.48780487804878053,5,0.33365901669478637,1,1,1,0.16618782093689946,0,1,0,0,1,0
663,0.5365853658536586,6,0.62263602724118,1,0,1,0.1679967436890223,1,1,0,0,0,1
596,0.26829268292682934,6,0.0,2,1,0,0.5834816724997237,1,0,0,1,1,0
735,0.07317073170731708,1,0.7123138721382855,2,1,0,0.11189278576104017,2,1,0,0,1,0
607,0.3170731707317073,1,0.40862758261730897,1,1,1,0.8339852955957293,1,1,0,0,1,0
705,0.3658536585365854,5,0.46539094817341975,1,0,0,0.9533289929188238,2,0,1,0,1,0
708,0.5365853658536586,8,0.3308742206845816,1,1,0,0.5054391694406816,2,0,0,1,0,1
670,0.48780487804878053,10,0.35638768712826796,1,0,0,0.7213879425485135,1,1,0,0,0,1
586,0.34146341463414637,1,0.5971131147311645,1,1,0,0.15910759477530104,1,0,1,0,0,1
452,0.8292682926829269,1,0.3923630506712905,2,0,0,0.4601559448927372,0,0,1,0,0,1
655,0.48780487804878053,9,0.0,1,0,1,0.45243695772946313,1,0,0,1,0,1
703,0.2439024390243903,2,0.3235330727308447,2,0,1,0.8140806447015689,2,1,0,0,0,1
708,0.6829268292682928,7,0.2742138052944126,1,1,1,0.1984817550076032,2,0,0,1,0,1
740,0.5365853658536586,2,0.487429657196673,2,1,1,0.1540210090063601,2,0,1,0,1,0
540,0.4634146341463415,6,0.0,2,1,0,0.7100043554159422,0,1,0,0,0,1
444,0.5365853658536586,5,0.33619255531199943,1,1,0,0.7191895826051388,0,1,0,0,1,0
807,0.43902439024390244,4,0.0,2,0,1,0.735048947174455,4,1,0,0,1,0
681,0.5609756097560976,0,0.48047113471449704,2,1,0,0.8786375598869691,2,1,0,0,1,0
590,0.39024390243902446,0,0.2623070984717341,2,0,1,0.8017501671409618,1,0,0,1,0,1
423,0.43902439024390244,5,0.38926406334938624,1,1,0,0.5918613727610986,0,1,0,0,1,0
553,0.48780487804878053,3,0.39794914341516113,1,0,0,0.9396103327867811,0,1,0,0,0,1
479,0.4634146341463415,6,0.47204002230547076,1,0,1,0.800323030849446,0,0,0,1,0,1
661,0.04878048780487804,8,0.0,1,1,0,0.5512573950812302,1,0,0,1,0,1
632,0.7560975609756098,5,0.6694459092932913,1,0,0,0.7010150969417579,1,1,0,0,1,0
809,0.5100518941359626,2,0.0,1,1,0,0.8049032182573436,4,0,0,1,1,0
684,0.34146341463414637,9,0.3995622684891703,2,0,1,0.33797282640492166,2,1,0,0,0,1
629,0.4146341463414634,8,0.4477149666623609,1,1,1,0.4549906516072285,1,0,1,0,0,1
832,0.26829268292682934,5,0.0,2,1,0,0.89392506984417,4,1,0,0,1,0
695,0.3170731707317073,8,0.0,2,0,1,0.6582270106795198,2,0,0,1,1,0
695,0.853658536585366,8,0.3795641090771158,1,0,0,0.35067958990083553,2,0,1,0,1,0
537,0.5121951219512195,3,0.5393000799647378,1,1,0,0.15860154644768573,0,0,1,0,0,1
588,0.34146341463414637,1,0.0,2,1,1,0.04376562961762848,1,1,0,0,0,1
543,0.5609756097560976,6,0.5713491481740655,1,1,1,0.9603846167308977,0,0,1,0,0,1
613,1.0,8,0.36435414873026734,1,0,0,0.13978044903288261,1,0,1,0,0,1
648,0.39024390243902446,3,0.37879814071123463,2,1,1,0.7352916703545188,1,0,1,0,0,1
744,0.6097560975609757,10,0.58921193860025,1,0,1,0.12112421736275814,3,1,0,0,1,0
523,0.4146341463414634,8,0.5531439478076537,1,1,1,0.9306256247471633,0,0,1,0,0,1
622,0.1951219512195122,8,0.0,2,1,1,0.6248258708706681,1,0,0,1,1,0
653,0.6829268292682928,0,0.47651259521345907,1,1,0,0.39123011247574146,1,1,0,0,0,1
526,0.2926829268292683,8,0.0,1,1,0,0.18121440597577065,0,0,0,1,0,1
824,0.6585365853658538,3,0.5149878980744732,1,0,0,0.30072966968345477,4,1,0,0,0,1
615,0.34146341463414637,7,0.3674792422692417,1,1,1,0.013721060361264501,1,1,0,0,0,1
581,0.39024390243902446,1,0.4050769776685028,1,1,0,0.5521523805523427,1,0,1,0,1,0
535,0.7317073170731709,5,0.5362445365765839,1,1,1,0.29098823937686047,0,0,1,0,0,1
694,0.3170731707317073,4,0.5659240769828101,2,1,0,0.13053866644264525,2,0,1,0,0,1
609,0.853658536585366,7,0.0,2,0,1,0.2616313357925682,1,1,0,0,0,1
850,0.5121951219512195,6,0.5309491594774597,1,0,1,0.10380141303494483,4,0,0,1,0,1
518,0.7804878048780488,4,0.0,1,0,0,0.5355544954543159,0,0,0,1,0,1
733,0.5121951219512195,5,0.36484339119520603,1,1,1,0.46890188012955236,2,0,1,0,0,1
491,0.9512195121951221,4,0.44657462318664926,1,1,1,0.20611043354640368,0,0,1,0,1,0
651,0.5853658536585367,1,0.46491689115688367,1,1,0,0.2236224559445427,1,0,1,0,1,0
494,0.5609756097560976,2,0.2788967424981195,2,1,0,0.9421627265403846,0,0,0,1,1,0
701,0.34146341463414637,5,0.40853375966313654,1,0,0,0.531431701727515,2,0,1,0,0,1
605,0.21951219512195125,9,0.0,2,1,0,0.9904957423433937,1,1,0,0,0,1
619,0.6585365853658538,0,0.0,2,0,0,0.5682233653313891,1,0,0,1,1,0
762,0.1951219512195122,6,0.5198476401314973,1,1,0,0.8668543345889532,3,1,0,0,0,1
602,0.2926829268292683,9,0.4530611612069267,2,0,0,0.5106704690297923,1,0,0,1,0,1
658,0.48780487804878053,6,0.4101071474876513,1,0,0,0.7783452319696531,1,1,0,0,1,0
663,0.5853658536585367,1,0.32773732952690077,2,1,0,0.35677507201937786,1,1,0,0,1,0
516,0.7073170731707319,6,0.43598311170882176,1,0,0,0.6068273020073417,0,1,0,0,1,0
691,0.43902439024390244,7,0.517878155230277,1,0,0,0.37830102774814994,2,0,0,1,0,1
539,0.5121951219512195,1,0.0,1,1,1,0.14087905394965217,0,1,0,0,0,1
566,0.6341463414634148,5,0.5636909790744122,2,0,0,0.3420184627631939,0,0,1,0,1,0
571,0.7560975609756098,4,0.7198701273493155,1,0,0,0.0025573442263736182,0,1,0,0,0,1
742,0.43902439024390244,2,0.5171364198109281,2,0,0,0.23632271881964725,3,0,1,0,1,0
784,0.3658536585365854,10,0.0,2,1,0,0.8101318175885797,3,0,0,1,0,1
661,0.21951219512195125,3,0.0,2,1,1,0.3844277628513523,1,1,0,0,1,0
534,0.853658536585366,7,0.0,2,1,1,0.40307644380038293,0,1,0,0,1,0
643,0.7317073170731709,8,0.0,2,1,0,0.8736720356794072,1,0,0,1,0,1
769,0.21951219512195125,2,0.0,1,1,1,0.2893499829233692,3,1,0,0,1,0
685,0.07317073170731708,6,0.390423458385036,1,1,1,0.8248522233873333,2,0,1,0,1,0
611,0.2439024390243903,3,0.3841467266649978,2,1,0,0.9071251804547334,1,0,0,1,1,0
669,0.26829268292682934,7,0.0,2,1,1,0.6907361653037865,1,1,0,0,0,1
622,0.26829268292682934,7,0.40449474924261086,1,1,1,0.04388804130794491,1,1,0,0,0,1
757,0.3170731707317073,10,0.15759143483316276,2,0,0,0.9626309812587102,3,1,0,0,0,1
560,0.2439024390243903,1,0.0,2,1,1,0.6044034205266603,0,0,0,1,1,0
597,0.5365853658536586,9,0.425495506960615,2,1,0,0.7558539840554772,1,0,1,0,1,0
648,0.3658536585365854,7,0.5378438711908887,1,1,1,0.5851798846789869,1,1,0,0,0,1
774,0.6829268292682928,9,0.0,2,1,1,0.17383000076507304,3,0,0,1,0,1
686,0.6585365853658538,3,0.29603601207167424,3,1,0,0.32451049075186683,2,0,0,1,0,1
437,0.6097560975609757,6,0.0,1,1,0,0.7416677792729205,0,1,0,0,1,0
721,0.4634146341463415,3,0.4293402153838637,1,1,1,0.7929734289624658,2,0,1,0,0,1
675,0.5365853658536586,7,0.45121451502480553,2,1,0,0.1728454067363433,2,1,0,0,0,1
695,0.2439024390243903,0,0.3827086128874078,1,1,1,0.2899322385287795,2,0,0,1,0,1
709,0.12195121951219517,8,0.29220644924000816,2,1,0,0.31720474305296154,2,0,1,0,0,1
721,0.4634146341463415,4,0.3924286549969353,1,0,0,0.4540937659546487,2,0,1,0,0,1
543,0.39024390243902446,8,0.0,2,0,1,0.72802062596978,0,1,0,0,1,0
693,0.5121951219512195,4,0.0,2,0,1,0.7116670141998561,2,1,0,0,1,0
630,0.5609756097560976,7,0.42850672956498004,1,0,1,0.23074848648045887,1,0,0,1,0,1
740,0.8048780487804879,4,0.0,2,1,1,0.8946767416288255,2,1,0,0,1,0
472,0.4634146341463415,1,0.0,2,1,1,0.24175468757266316,0,1,0,0,1,0
705,0.4634146341463415,3,0.43832226861511786,1,1,1,0.18156378934188214,2,0,1,0,1,0
654,0.4634146341463415,6,0.3330776651189334,1,1,0,0.23519816142441602,1,1,0,0,0,1
846,0.39024390243902446,10,0.5675157192308639,2,0,1,0.34194295555225523,4,1,0,0,1,0
712,0.7560975609756098,5,0.6168895905106333,2,0,0,0.9813242164626721,2,0,1,0,1,0
716,0.0,3,0.5131318456828429,1,0,0,0.986646974786092,2,0,1,0,1,0
704,0.3658536585365854,3,0.0,2,1,0,0.36507066424843576,2,0,0,1,0,1
774,0.1951219512195122,2,0.3740350912994197,1,1,0,0.14203246410032158,3,1,0,0,0,1
573,0.4634146341463415,6,0.0,2,1,0,0.9700115861064731,0,1,0,0,1,0
590,0.12195121951219517,7,0.0,2,1,0,0.9839855706219943,1,0,0,1,1,0
621,0.5365853658536586,8,0.6940138523972025,3,1,0,0.8624783666840182,1,0,1,0,0,1
523,0.43902439024390244,8,0.6311368093714863,2,1,0,0.7765389094658539,0,1,0,0,0,1
619,0.48780487804878053,1,0.0,1,1,0,0.5622089409538611,1,0,0,1,1,0
602,0.5853658536585367,10,0.0,2,0,0,0.8496287895494018,1,1,0,0,1,0
635,0.7317073170731709,8,0.5213125775489165,2,1,1,0.21621424846072798,1,1,0,0,1,0
639,0.39024390243902446,5,0.5555769276681222,2,0,0,0.16970870718153583,1,0,0,1,0,1
684,0.5121951219512195,4,0.8251755124959301,2,0,0,0.7884912009096868,2,0,0,1,0,1
427,0.5121951219512195,9,0.0,2,1,0,0.14179749166045355,0,0,0,1,1,0
529,0.4146341463414634,5,0.0,2,1,1,0.9364740332701772,0,0,0,1,0,1
537,0.4634146341463415,6,0.0,1,1,1,0.088962695937462,0,1,0,0,0,1
712,0.48780487804878053,7,0.5291696720369614,2,1,1,0.29554917494620736,2,0,1,0,0,1
647,0.26829268292682934,2,0.0,2,1,0,0.8951909907396155,1,0,0,1,1,0
548,0.7560975609756098,9,0.4321989457950836,1,0,0,0.6351171036834017,0,0,1,0,0,1
665,0.5609756097560976,8,0.3832135589394085,1,1,0,0.6851973863503964,1,1,0,0,1,0
662,0.09756097560975613,9,0.0,2,1,1,0.22185153682176648,1,1,0,0,1,0
558,0.5365853658536586,4,0.6447513012155653,1,0,0,0.4618789094358511,0,0,0,1,0,1
620,0.26829268292682934,1,0.5529744766092082,2,0,0,0.7735190210665117,1,1,0,0,1,0
592,0.3170731707317073,2,0.33520426560441335,2,0,1,0.5819238737299413,1,1,0,0,1,0
609,0.17073170731707316,10,0.0,1,0,1,0.5494703744207572,1,1,0,0,0,1
744,0.878048780487805,6,0.37388212082443517,2,0,1,0.7003528336956178,3,1,0,0,0,1
525,0.4146341463414634,7,0.6590674723749392,1,0,1,0.4736800364434803,0,1,0,0,0,1
681,0.7560975609756098,8,0.569738015941054,1,0,0,0.9364340794545879,2,0,1,0,0,1
598,0.34146341463414637,4,0.4430345404383111,1,1,1,0.8369033242674675,1,1,0,0,1,0
597,0.024390243902439046,2,0.0,2,1,1,0.45516926866515756,1,1,0,0,0,1
728,1.0,4,0.0,1,1,1,0.8168493591137953,2,1,0,0,1,0
635,0.7073170731707319,2,0.5010996695909483,2,1,0,0.3161571430071572,1,1,0,0,1,0
637,0.43902439024390244,2,0.6082422548533551,1,1,1,0.35844033105161544,1,1,0,0,0,1
777,0.4634146341463415,10,0.4843885818341623,2,1,1,0.36730157730063223,3,0,1,0,1,0
700,0.34146341463414637,8,0.4421044018310383,2,1,1,0.809248433225373,2,1,0,0,1,0
850,0.09756097560975613,7,0.3649313551968451,2,0,0,0.052654028459717894,4,0,1,0,0,1
654,0.5100518941359626,5,0.4469787713409855,1,1,0,0.37961510324235964,1,0,1,0,0,1
588,0.7317073170731709,1,0.5710668423183294,2,1,0,0.15786117574228337,1,0,1,0,1,0
683,0.4146341463414634,5,0.3814249442871407,1,0,1,0.9128630784239895,2,0,1,0,1,0
647,0.5609756097560976,1,0.342396588192441,3,1,0,0.9458322769824518,1,0,1,0,1,0
850,0.5609756097560976,3,0.3983526937171981,2,1,0,0.3558726358367224,4,0,0,1,1,0
660,0.6097560975609757,1,0.0,1,0,1,0.56012609204179,1,1,0,0,1,0
709,0.2926829268292683,5,0.0,2,0,1,0.8069602647052793,2,1,0,0,1,0
688,0.6829268292682928,0,0.2967669064359956,1,0,1,0.03427692344618911,2,0,1,0,1,0
496,0.6097560975609757,3,0.0,2,0,1,0.9975650174591673,0,0,0,1,1,0
677,0.1951219512195122,6,0.3934811540414676,1,0,1,0.7557476238980823,2,0,1,0,1,0
607,0.17073170731707316,4,0.48293269191487276,1,0,1,0.5764383498624118,1,0,0,1,1,0
641,0.4634146341463415,6,0.0,2,1,0,0.22650993169847716,1,1,0,0,0,1
748,0.39024390243902446,8,0.0,2,1,0,0.267887833288079,3,1,0,0,1,0
779,0.26829268292682934,3,0.18488845411298271,3,1,0,0.6396994913014192,3,1,0,0,1,0
601,0.4146341463414634,2,0.0,2,1,1,0.5949148143647718,1,1,0,0,0,1
530,0.43902439024390244,2,0.0,2,1,1,0.07355812480091847,0,0,0,1,1,0
643,0.39024390243902446,7,0.0,2,0,1,0.5015106442665275,1,1,0,0,0,1
779,0.5609756097560976,10,0.39771606073206855,1,1,0,0.4346212563299795,3,1,0,0,1,0
697,0.6097560975609757,10,0.5110695342479491,1,0,0,0.9424668055799328,2,0,0,1,0,1
629,0.6097560975609757,0,0.0,2,1,1,0.20628024976385242,1,1,0,0,1,0
689,0.5365853658536586,1,0.0,2,1,1,0.5972323356880582,2,1,0,0,1,0
586,0.4146341463414634,7,0.0,2,1,0,0.353779335926581,1,1,0,0,1,0
511,0.6829268292682928,1,0.0,1,1,1,0.5788947844519151,0,1,0,0,1,0
460,0.6829268292682928,4,0.5084134757661967,2,1,1,0.6347652200785174,0,0,1,0,0,1
538,0.5121951219512195,2,0.4893361284655456,2,1,1,0.2923054151671485,0,0,0,1,0,1
652,0.21951219512195125,2,0.6637271730526129,2,0,1,0.7300503198055415,1,0,1,0,0,1
546,0.17073170731707316,7,0.5090841464755671,2,1,1,0.5263910703472181,0,0,0,1,0,1
683,0.5853658536585367,8,0.0,2,0,1,0.9907112129208339,2,1,0,0,1,0
519,0.39024390243902446,5,0.0,1,1,0,0.34237279660207554,0,1,0,0,0,1
639,0.6829268292682928,10,0.43854893435019776,2,1,1,0.6699840334751969,1,0,1,0,1,0
792,0.024390243902439046,7,0.5715089740220821,1,1,0,0.16637218854400593,3,1,0,0,0,1
580,0.4146341463414634,9,0.48368319583461167,1,0,1,0.17831637921421492,0,0,1,0,0,1
629,0.4634146341463415,1,0.14169023765784747,2,0,0,0.24834746718311598,1,0,1,0,1,0
467,0.8048780487804879,10,0.4564192178585338,2,1,0,0.8889503947626998,0,0,1,0,0,1
633,0.5121951219512195,9,0.5149068691595062,2,0,0,0.8550179042098519,1,1,0,0,1,0
752,0.7317073170731709,5,0.46257857124380664,1,1,0,0.7831087868891479,3,0,0,1,0,1
616,0.5853658536585367,6,0.46991170797673276,2,0,0,0.7513479037248056,1,0,1,0,1,0
563,0.4146341463414634,2,0.7316629632373847,1,1,1,0.33000736570342465,0,1,0,0,1,0
762,0.4146341463414634,3,0.475689910592783,3,1,1,0.23553549363964257,3,0,0,1,1,0
786,0.3658536585365854,0,0.3309552894563686,1,0,1,0.774969009540411,3,1,0,0,1,0
781,0.21951219512195125,7,0.7435630538279506,1,1,1,0.875382148995229,3,1,0,0,1,0
591,0.26829268292682934,6,0.0,2,1,1,0.543417246347026,1,1,0,0,0,1
813,0.34146341463414637,1,0.4897999821361734,1,1,1,0.1323356380534341,4,1,0,0,0,1
720,0.26829268292682934,2,0.0,2,1,0,0.19958876072664936,2,1,0,0,0,1
420,0.3170731707317073,1,0.43195924687987863,2,1,1,0.049469974382553523,0,0,1,0,1,0
591,0.14634146341463422,6,0.5873300988461092,1,1,1,0.12650828154088714,1,1,0,0,0,1
623,0.5853658536585367,1,0.5951917768684489,2,1,0,0.5041613474086775,1,0,1,0,0,1
775,0.3170731707317073,9,0.0,2,1,0,0.8464154826785958,3,1,0,0,0,1
659,0.3170731707317073,4,0.47167461498013,1,0,0,0.8078902035144356,1,1,0,0,0,1
547,0.5121951219512195,6,0.297316531983165,3,1,1,0.42871564234384385,0,0,1,0,1,0
791,0.3170731707317073,1,0.5190965383594591,1,0,0,0.48272094985071073,3,0,1,0,0,1
709,0.34146341463414637,7,0.0,2,1,1,0.9971274256691512,2,1,0,0,1,0
780,0.8048780487804879,4,0.5050865472909739,1,1,0,0.9763318896954658,3,0,1,0,0,1
706,0.853658536585366,7,0.0,2,0,1,0.589694265802384,2,0,0,1,0,1
558,0.6585365853658538,1,0.6125894780625871,2,0,0,0.44944202171307357,0,1,0,0,1,0
623,0.9512195121951221,7,0.2849036834038872,2,1,1,0.42208910950995815,1,1,0,0,1,0
679,0.5121951219512195,0,0.34613101279487624,1,0,1,0.7991713208611422,2,1,0,0,0,1
706,0.39024390243902446,0,0.5605513377961547,2,1,1,0.38633854533107914,2,0,1,0,0,1
689,0.2439024390243903,2,0.25830535417786565,2,0,0,0.3929353753283438,2,0,1,0,1,0
567,0.4146341463414634,8,0.6103583331383671,1,1,0,0.44327978321929745,0,0,0,1,0,1
619,0.6829268292682928,8,0.24870846964199692,1,1,1,0.6624973184939162,1,0,0,1,0,1
574,0.5121951219512195,5,0.47435139900825873,1,1,0,0.5171010331486657,0,1,0,0,1,0
588,0.5609756097560976,6,0.4229468626086393,2,1,0,0.9938700645911683,1,0,1,0,0,1
716,0.26829268292682934,6,0.0,2,1,1,0.49498242082118843,2,1,0,0,1,0
473,0.4146341463414634,6,0.2774726583211535,1,1,0,0.7167389985743639,0,1,0,0,1,0
704,0.6585365853658538,6,0.0,1,1,1,0.6887051213390879,2,1,0,0,1,0
685,0.04878048780487804,4,0.41738037942018613,2,1,0,0.19341727134941383,2,1,0,0,0,1
712,0.7073170731707319,1,0.557545137151104,1,1,1,0.4785864550064531,2,0,0,1,0,1
524,0.17073170731707316,7,0.5237274225563057,1,0,0,0.9683770300063654,0,0,1,0,1,0
613,0.04878048780487804,3,0.0,2,1,1,0.7480823918684233,1,1,0,0,0,1
526,0.4146341463414634,5,0.0,2,1,1,0.528083231948651,0,0,0,1,0,1
650,0.39024390243902446,4,0.5675336547998433,1,1,1,0.05632987950349257,1,0,1,0,0,1
497,0.5100518941359626,9,0.0,1,0,0,0.11032503604094189,0,1,0,0,0,1
583,0.5100518941359626,4,0.22230695339290948,2,1,0,0.13455710020306938,1,1,0,0,1,0
553,0.5121951219512195,1,0.5694622067469706,2,1,0,0.22178038002629247,0,0,0,1,1,0
611,0.5609756097560976,2,0.45519214594260166,1,1,0,0.8203284413661505,1,0,1,0,1,0
465,0.3658536585365854,6,0.0,2,1,1,0.47749260054335185,0,0,0,1,1,0
756,0.12195121951219517,1,0.4486614864226348,1,1,1,0.5670368020145924,3,1,0,0,1,0
554,0.6829268292682928,4,0.0,2,0,1,0.2865740678234771,0,0,0,1,0,1
488,0.5100518941359626,0,0.0,2,1,0,0.683383463120728,0,1,0,0,1,0
739,0.26829268292682934,1,0.0,2,1,1,0.8224445434538998,2,1,0,0,0,1
663,0.43902439024390244,6,0.30790788403371266,1,0,0,0.1790490491841971,1,0,1,0,1,0
615,0.6341463414634148,9,0.5026143483196704,2,0,1,0.5535850673739342,1,0,1,0,1,0
654,0.5365853658536586,3,0.0,2,1,0,0.8394677691719559,1,1,0,0,1,0
757,0.34146341463414637,9,0.0,2,1,0,0.5797522663414356,3,1,0,0,0,1
727,0.2439024390243903,1,0.0,1,1,0,0.20174831696427006,2,0,0,1,0,1
683,0.5100518941359626,1,0.5275899071212539,2,0,0,0.9306488269629749,2,0,1,0,1,0
768,0.7560975609756098,1,0.5316288378281397,1,1,0,0.511977093812459,3,0,1,0,0,1
551,0.1951219512195122,2,0.5749685858509326,1,1,0,0.2488598161124387,0,1,0,0,1,0
687,0.4146341463414634,8,0.4025076077701509,2,1,0,0.1111890685560471,2,0,0,1,0,1
562,0.4146341463414634,3,0.5671471233599268,1,0,1,0.8855901738616038,0,0,1,0,0,1
662,0.5609756097560976,4,0.0,2,1,0,0.6327599285731786,1,1,0,0,1,0
708,0.5100518941359626,7,0.44885100560151736,1,1,1,0.022403089495046775,2,0,0,1,0,1
663,0.7560975609756098,7,0.4629395544621324,3,1,1,0.4217759296012769,1,0,1,0,0,1
714,0.6829268292682928,1,0.0,1,1,0,0.760853711529451,2,1,0,0,0,1
704,0.43902439024390244,8,0.5077652843032803,1,1,0,0.756690563948857,2,0,0,1,0,1
520,0.48780487804878053,4,0.0,2,1,0,0.28191217261248447,0,1,0,0,1,0
507,0.39024390243902446,4,0.0,2,1,1,0.3034129759392022,0,0,0,1,1,0
664,0.1951219512195122,7,0.46331217587188495,2,1,1,0.47571323061352355,1,0,1,0,0,1
691,0.48780487804878053,9,0.65351509850075,2,0,1,0.5175478258173655,2,0,1,0,0,1
638,0.5100518941359626,7,0.6603474741477706,1,0,0,0.16453926349966422,1,1,0,0,1,0
576,0.43902439024390244,8,0.6627704898032505,1,1,1,0.11648247407627427,0,0,1,0,1,0
592,0.5100518941359626,3,0.0,1,1,1,0.06447770762107781,1,0,0,1,0,1
430,0.3170731707317073,5,0.0,1,1,0,0.47826357417133336,0,1,0,0,0,1
755,0.5609756097560976,6,0.4177688638442804,1,1,0,0.6300701717013975,3,1,0,0,0,1
649,0.14634146341463422,7,0.40333200623408494,1,0,0,0.6654622516450321,1,0,1,0,0,1
713,0.48780487804878053,6,0.4662481886569962,2,0,1,0.38017030626424825,2,0,0,1,0,1
609,0.4146341463414634,2,0.5894840809668977,1,1,0,0.7000104009932948,1,1,0,0,1,0
611,0.4634146341463415,4,0.0,2,1,0,0.6284834201666258,1,0,0,1,1,0
539,0.48780487804878053,5,0.0,2,1,0,0.236906774596974,0,1,0,0,0,1
468,0.34146341463414637,8,0.5486270142590564,1,0,0,0.9936084396059823,0,1,0,0,1,0
836,0.34146341463414637,4,0.43522320157957367,2,1,0,0.2760585635928231,4,0,1,0,1,0
651,0.6585365853658538,1,0.0,1,1,0,0.3386748434475492,1,1,0,0,0,1
742,0.3658536585365854,1,0.5497768038010972,1,1,1,0.2569021341538117,3,0,1,0,0,1
500,0.6585365853658538,2,0.43508828624402845,1,1,1,0.6307277344986446,0,1,0,0,0,1
691,0.3658536585365854,1,0.5113902222213011,1,1,1,0.5679002844771676,2,1,0,0,1,0
656,0.2439024390243903,8,0.4784722354801506,1,1,1,0.6858745510196224,1,0,0,1,0,1
713,0.853658536585366,6,0.45847060852476,1,0,0,0.9576401546347676,2,1,0,0,0,1
738,0.4634146341463415,7,0.5617855440828586,2,1,0,0.9767052753537963,2,0,1,0,0,1
519,0.5100518941359626,8,0.0,2,1,1,0.5074191585296396,0,1,0,0,0,1
701,0.5609756097560976,2,0.0,1,1,0,0.23924884826500928,2,1,0,0,1,0
680,0.34146341463414637,5,0.37051541524289805,1,1,0,0.5847859470579441,2,1,0,0,0,1
592,0.26829268292682934,7,0.0,2,1,1,0.4559689950390262,1,1,0,0,0,1
690,0.34146341463414637,0,0.4252065848727665,2,1,1,0.6895904058837619,2,0,1,0,0,1
669,0.6585365853658538,7,0.595319717260502,1,0,1,0.8672952766989247,1,1,0,0,0,1
691,0.14634146341463422,6,0.0,2,1,1,0.4640424160507328,2,1,0,0,0,1
568,0.43902439024390244,10,0.6122430425835446,1,1,1,0.27038692195104636,0,0,0,1,1,0
681,0.48780487804878053,2,0.39781665934563315,2,1,0,0.11761083183444018,2,0,0,1,0,1
636,0.4146341463414634,9,0.3805456231253096,1,0,0,0.846456636608796,1,1,0,0,0,1
647,0.7073170731707319,10,0.3979112395793846,1,0,1,0.4454998952399954,1,0,0,1,0,1
531,0.3170731707317073,7,0.4665353171879468,1,1,0,0.59253913748763,0,0,1,0,1,0
688,0.5609756097560976,2,0.44986866978540974,2,0,1,0.32757708361148485,2,0,1,0,0,1
675,0.34146341463414637,2,0.6204244520155574,1,1,0,0.48828203093395417,2,1,0,0,1,0
771,0.0,1,0.0,2,0,0,0.20767668312323823,3,0,0,1,0,1
452,0.4146341463414634,4,0.5905682263264739,1,1,1,0.0208224885476563,0,1,0,0,0,1
546,0.2439024390243903,8,0.0,1,1,0,0.7962895956563851,0,1,0,0,0,1
676,0.5365853658536586,2,0.5890976690974412,1,1,0,0.4758928477669617,2,1,0,0,1,0
556,0.6829268292682928,3,0.5251732287001468,1,1,1,0.5424972084834102,0,0,0,1,0,1
702,0.48780487804878053,9,0.0,2,1,1,0.7926550485571372,2,0,0,1,1,0
555,0.6829268292682928,4,0.4798481726186119,1,1,0,0.8886263638177445,0,0,1,0,1,0
716,0.4146341463414634,8,0.44961753196287785,1,0,1,0.08919211784725439,2,1,0,0,1,0
549,0.6585365853658538,6,0.49518483779609485,1,1,1,0.7318745440189538,0,0,1,0,0,1
777,0.4146341463414634,3,0.0,2,1,1,0.08623893581837065,3,0,0,1,1,0
733,0.4146341463414634,8,0.41019993416450484,1,1,1,0.2297633423991991,2,0,0,1,0,1
651,0.5609756097560976,4,0.1539158787538,1,1,1,0.5243761779249918,1,1,0,0,1,0
756,0.2439024390243903,8,0.7172641290334256,1,1,0,0.44967544400490245,3,1,0,0,0,1
771,0.7073170731707319,3,0.2896155965157009,2,1,1,0.5393655594109237,3,0,0,1,1,0
651,0.4146341463414634,1,0.6524592514833414,3,1,1,0.14787362193089437,1,0,1,0,1,0
698,0.5121951219512195,9,0.5308577279324845,2,0,1,0.2664149926317963,2,0,1,0,0,1
584,0.6829268292682928,6,0.3481932445161301,2,1,0,0.6018839299153068,1,0,1,0,1,0
651,0.48780487804878053,2,0.0,3,1,0,0.33512320426600745,1,0,0,1,0,1
625,0.43902439024390244,8,0.5179170156297325,2,0,0,0.9946110853586516,1,1,0,0,1,0
715,0.07317073170731708,8,0.0,2,1,0,0.34330803591743014,2,1,0,0,0,1
750,0.4146341463414634,3,0.0,1,1,0,0.9576360542431801,3,1,0,0,1,0
727,0.34146341463414637,1,0.23623862581018454,1,1,1,0.23006122084659084,2,1,0,0,0,1
764,0.26829268292682934,5,0.0,2,1,0,0.32931494957768465,3,0,0,1,0,1
701,0.3658536585365854,7,0.4937067077712709,1,1,0,0.48896234590403387,2,0,0,1,1,0
592,0.48780487804878053,4,0.0,2,1,0,0.17665377043507652,1,1,0,0,1,0
665,0.17073170731707316,5,0.612247905115579,2,1,0,0.17656721216876212,1,0,1,0,0,1
561,0.4634146341463415,5,0.0,2,1,0,0.41544802528641483,0,1,0,0,0,1
828,0.2439024390243903,8,0.5371378076253989,1,1,0,0.39675934051701933,4,0,0,1,0,1
571,0.6341463414634148,9,0.0,2,0,0,0.19212719814742305,0,1,0,0,0,1
646,0.2926829268292683,5,0.39065558450444965,1,1,1,0.06373388658616896,1,1,0,0,0,1
778,0.4634146341463415,3,0.5651847329726584,1,0,1,0.8971369765812635,3,1,0,0,0,1
660,0.2439024390243903,3,0.5138735013885519,1,1,1,0.9903852317896358,1,0,0,1,1,0
730,0.39024390243902446,1,0.0,2,1,1,0.632962597928102,2,1,0,0,0,1
558,0.43902439024390244,0,0.5046137656926764,2,1,1,0.8618420059115645,0,0,1,0,1,0
767,0.4146341463414634,2,0.0,2,0,0,0.7212678810826434,3,1,0,0,1,0
752,0.853658536585366,8,0.4552971288063612,1,1,1,0.2579019296342801,3,1,0,0,1,0
584,0.34146341463414637,8,0.16011644409090564,1,1,1,0.6872044280228762,1,0,1,0,0,1
696,0.2439024390243903,8,0.0,1,0,0,0.8835938332110717,2,0,0,1,0,1
636,0.5853658536585367,2,0.0,2,1,1,0.27732248429725037,1,1,0,0,0,1
707,0.8048780487804879,10,0.39234348097269295,1,0,0,0.3538690444937492,2,0,1,0,1,0
754,0.5365853658536586,2,0.6402008480813864,1,0,1,0.01771694196795794,3,0,0,1,0,1
584,0.7560975609756098,8,0.6883808481762457,1,1,0,0.569300518199488,1,1,0,0,0,1
815,0.4146341463414634,4,0.0,2,0,1,0.9924885326548684,4,1,0,0,0,1
610,0.39024390243902446,0,0.4109563767504169,1,0,0,0.6282361965567712,1,1,0,0,0,1
590,0.7073170731707319,3,0.0,2,1,0,0.8588966246276519,1,1,0,0,0,1
770,0.6829268292682928,5,0.5651243897472477,2,0,0,0.8248569238362262,3,0,1,0,1,0
717,0.17073170731707316,7,0.43310353618076575,2,1,0,0.9500920837940023,2,1,0,0,1,0
740,0.6097560975609757,9,0.0,1,1,0,0.9964906648584939,2,0,0,1,0,1
749,0.5100518941359626,5,0.229451487653812,1,1,1,0.3056127360162896,3,1,0,0,0,1
623,0.3658536585365854,2,0.318863846273202,1,1,1,0.5203898972351859,1,0,1,0,0,1
703,0.6585365853658538,5,0.0,2,1,0,0.6595372858107948,2,1,0,0,1,0
734,0.4634146341463415,3,0.3204002469687992,1,0,1,0.38634209567013644,2,1,0,0,0,1
648,0.902439024390244,1,0.32431522296562726,1,0,1,0.9076989852530917,1,0,0,1,0,1
581,0.14634146341463422,3,0.3806653131556323,1,1,1,0.22873894456920635,1,1,0,0,1,0
574,0.43902439024390244,1,0.0,2,0,1,0.3585219388451597,0,0,0,1,0,1
704,0.21951219512195125,5,0.5859125511876158,1,1,0,0.3218794894912464,2,0,1,0,0,1
681,0.7073170731707319,9,0.386703661235524,1,1,1,0.010783779850975768,2,1,0,0,0,1
614,0.8048780487804879,4,0.16216113881137956,1,1,1,0.23384083179943682,1,1,0,0,0,1
802,0.3658536585365854,8,0.0,2,1,0,0.7185416207247791,4,1,0,0,0,1
714,0.8292682926829269,4,0.40158001999935516,1,1,1,0.9339075381698951,2,1,0,0,0,1
755,0.48780487804878053,1,0.32715880778526457,1,0,1,0.05161592932125018,3,0,1,0,1,0
734,0.6097560975609757,3,0.22261361176563763,2,0,1,0.4740466214523487,2,0,0,1,1,0
645,0.4634146341463415,7,0.0,2,1,0,0.06789823428137387,1,0,0,1,1,0
581,0.5365853658536586,0,0.4026197648615022,1,0,1,0.039577629663632874,1,0,1,0,0,1
632,0.4634146341463415,1,0.5508494703965263,1,1,0,0.3038616687893694,1,0,0,1,0,1
850,0.26829268292682934,10,0.0,2,1,1,0.47406257297571913,4,0,0,1,1,0
726,0.7317073170731709,6,0.39819430271469985,1,1,0,0.32158901175062216,2,0,0,1,1,0
617,0.5121951219512195,5,0.3322021702118179,3,1,0,0.03971399268630153,1,0,1,0,1,0
786,0.39024390243902446,9,0.0,2,1,0,0.7225970580190408,3,1,0,0,0,1
850,0.09756097560975613,2,0.0,2,1,1,0.04836931926999028,4,0,0,1,0,1
646,0.8048780487804879,4,0.40506207121783994,1,0,0,0.6527099337986778,1,1,0,0,1,0
587,0.6585365853658538,8,0.5379903051474008,1,1,1,0.6165488304133044,1,0,1,0,1,0
692,0.5853658536585367,2,0.0,2,1,0,0.7261260950420765,2,1,0,0,1,0
767,0.12195121951219517,2,0.556173305265098,1,0,1,0.1401468840274246,3,0,1,0,0,1
850,0.34146341463414637,3,0.5488852067387202,1,0,1,0.7970366169969231,4,0,1,0,0,1
725,0.43902439024390244,4,0.472384066375316,1,0,0,0.655874235989537,2,0,0,1,1,0
850,0.34146341463414637,0,0.4662008786117105,1,0,0,0.875498810136368,4,0,1,0,1,0
850,0.9268292682926831,1,0.6765449270658059,1,0,0,0.7792685201436736,4,0,1,0,0,1
729,0.6341463414634148,5,0.0,2,0,1,0.04594918814746808,2,1,0,0,0,1
500,0.5365853658536586,1,0.3945994168389246,1,1,1,0.7642450354008807,0,0,0,1,0,1
522,0.2926829268292683,3,0.0,2,1,0,0.7274658229860952,0,0,0,1,0,1
790,0.7804878048780488,8,0.4840155618562103,1,1,1,0.8823852677930741,3,0,1,0,0,1
554,0.48780487804878053,4,0.5486452686825954,2,1,1,0.8631728830103275,0,1,0,0,1,0
648,0.3658536585365854,5,0.5526715647775557,1,1,0,0.14533732971498778,1,0,1,0,0,1
739,0.34146341463414637,3,0.4070508069630981,1,1,0,0.319879498492106,2,0,1,0,0,1
740,0.2926829268292683,8,0.41933176932514715,1,1,0,0.009205879161459918,2,1,0,0,1,0
655,0.9268292682926831,5,0.0,2,1,1,0.20887554761479718,1,0,0,1,1,0
598,0.5100518941359626,8,0.5181058173858558,2,0,1,0.2301694811854532,1,1,0,0,0,1
579,0.3170731707317073,6,0.5569175118072841,1,0,1,0.6790838525079145,0,0,1,0,0,1
669,0.48780487804878053,8,0.0,2,1,0,0.4202280317770347,1,1,0,0,1,0
544,0.09756097560975613,3,0.26498137152020573,1,0,1,0.5515817260548382,0,0,0,1,0,1
756,0.14634146341463422,1,0.0,2,1,0,0.9209412998941399,3,1,0,0,1,0
760,0.6097560975609757,6,0.7004258183073455,1,1,1,0.7867036802014592,3,0,0,1,0,1
706,0.34146341463414637,6,0.3765930222904447,1,1,1,0.7347609696726036,2,1,0,0,0,1
804,0.7804878048780488,4,0.0,1,1,1,0.04268052599023207,4,1,0,0,1,0
559,0.5365853658536586,7,0.575814546854462,1,1,1,0.09454087865391145,0,0,0,1,1,0
632,0.7804878048780488,2,0.0,2,0,0,0.289684164837742,1,1,0,0,0,1
702,0.7804878048780488,3,0.0,2,0,0,0.4747366373488668,2,1,0,0,0,1
785,0.34146341463414637,3,0.496189628227142,2,0,1,0.26288615562786244,3,0,1,0,1,0
636,0.5100518941359626,7,0.557434414905271,1,1,1,0.5420065616266353,1,1,0,0,1,0
733,0.2926829268292683,0,0.3320841541679333,1,0,0,0.2888156818976212,2,0,0,1,1,0
536,0.6829268292682928,1,0.26199246873501514,1,1,0,0.3054439198943499,0,1,0,0,0,1
663,0.5853658536585367,5,0.49671988335981365,1,1,1,0.39000184517621433,1,1,0,0,1,0
706,0.34146341463414637,5,0.35212874677523454,2,1,1,0.520900746021245,2,0,1,0,0,1
564,0.3170731707317073,0,0.4989100554731207,1,1,1,0.36376348941323894,0,0,0,1,0,1
561,0.09756097560975613,6,0.744481394816517,2,1,0,0.3664110922593108,0,1,0,0,1,0
516,0.3658536585365854,7,0.4591329491587601,1,1,1,0.05597494560730549,0,1,0,0,0,1
834,0.12195121951219517,4,0.5231399330301798,1,1,0,0.10094824055697317,4,1,0,0,0,1
724,0.4634146341463415,6,0.5001608421969255,1,1,0,0.5928513673055776,2,0,1,0,0,1
726,0.2439024390243903,2,0.0,1,0,0,0.4902914728356558,2,1,0,0,0,1
757,0.3170731707317073,8,0.5942089874020166,2,1,1,0.985423007897254,3,0,1,0,0,1
671,0.3170731707317073,6,0.42194263017307154,2,1,0,0.7278483095135585,2,0,1,0,1,0
707,0.7317073170731709,7,0.4188423275761088,1,1,1,0.9017516672842256,2,0,1,0,1,0
741,0.7804878048780488,1,0.31382307453994573,1,1,1,0.06504311161715942,3,0,0,1,0,1
566,0.5853658536585367,6,0.0,1,1,0,0.9035389879733514,0,1,0,0,1,0
683,0.43902439024390244,5,0.45975092915215104,1,1,1,0.6115300511198819,2,1,0,0,0,1
581,0.5100518941359626,6,0.0,1,1,1,0.1121634616105838,1,1,0,0,1,0
705,0.6097560975609757,7,0.3187531240273691,1,1,1,0.5155329833999147,2,0,1,0,1,0
696,0.34146341463414637,8,0.40319553648256157,1,1,1,0.5795801999090913,2,0,1,0,0,1
599,0.5365853658536586,10,0.5478570203543599,2,1,1,0.07051438412368381,1,0,1,0,0,1
805,0.1951219512195122,8,0.17023991693201015,2,1,1,0.14426432724325172,4,0,1,0,1,0
553,0.5609756097560976,9,0.43887356814872525,2,0,0,0.40947525488684167,0,0,1,0,0,1
725,0.6585365853658538,8,0.4659942608570676,1,0,0,0.8673470816462971,2,0,1,0,0,1
656,0.6829268292682928,9,0.5710172604343063,2,0,0,0.9655314582542632,1,1,0,0,0,1
493,0.34146341463414637,8,0.1839837840136607,1,1,1,0.39786709630769734,0,0,0,1,0,1
596,0.2926829268292683,1,0.0,2,1,0,0.04057292471431021,1,0,0,1,1,0
644,0.14634146341463422,8,0.3697140540208975,1,1,0,0.17944298680523987,1,1,0,0,1,0
625,0.7560975609756098,2,0.322108669699319,1,1,1,0.10004560435521592,1,0,0,1,1,0
547,0.6341463414634148,5,0.0,3,0,0,0.027240051424911073,0,0,0,1,1,0
850,0.4634146341463415,2,0.0,2,1,0,0.5998493356115508,4,0,0,1,0,1
666,0.7804878048780488,7,0.4346875657762082,1,1,1,0.7006895158487635,1,0,1,0,1,0
657,0.5100518941359626,2,0.0,2,1,1,0.03828315604140195,1,1,0,0,1,0
556,0.4634146341463415,9,0.5779981824492966,2,1,0,0.4546256167463993,0,0,1,0,0,1
465,0.853658536585366,1,0.46807119974488454,1,0,0,0.374471862062827,0,0,1,0,0,1
606,0.3658536585365854,8,0.0,2,1,1,0.3158561142589117,1,0,0,1,0,1
837,0.1951219512195122,4,0.35831376795255804,2,1,0,0.877411042754583,4,1,0,0,0,1
567,0.39024390243902446,10,0.0,2,0,1,0.8078782023683262,0,0,0,1,0,1
683,0.17073170731707316,4,0.0,2,1,0,0.7635062148435174,2,1,0,0,0,1
657,0.4634146341463415,6,0.38201008226088934,1,1,0,0.6110916092486832,1,1,0,0,1,0
570,0.26829268292682934,4,0.6099688921505939,1,1,1,0.656822676565612,0,1,0,0,1,0
698,0.48780487804878053,1,0.6849329941092817,1,0,0,0.08473744242575165,2,0,0,1,1,0
779,0.1951219512195122,4,0.6947766322174873,2,0,1,0.1914414326568187,3,0,0,1,1,0
534,0.8048780487804879,3,0.0,2,0,1,0.10423360430921152,0,0,0,1,0,1
599,0.8048780487804879,0,0.0,1,1,1,0.8762057276469902,1,0,0,1,0,1
624,0.5365853658536586,3,0.5977008035413901,2,1,0,0.5230463509265134,1,0,1,0,1,0
576,0.26829268292682934,5,0.43261006889291187,1,1,1,0.6323479392281962,0,1,0,0,1,0
799,0.3170731707317073,9,0.6161343037724999,1,0,1,0.44300885734587653,3,0,1,0,0,1
643,0.3170731707317073,3,0.6693932185773117,1,1,0,0.715822161016377,1,1,0,0,1,0
674,0.5100518941359626,2,0.696302829567176,1,1,0,0.45093376417447867,2,1,0,0,0,1
690,0.43902439024390244,7,0.4048779725664712,2,1,0,0.6188769527489875,2,1,0,0,0,1
468,0.1951219512195122,1,0.5246881313444834,1,1,0,0.322153665675072,0,0,0,1,0,1
765,0.6829268292682928,8,0.47626062039770817,2,0,1,0.8345018449261904,3,0,1,0,1,0
445,0.4634146341463415,3,0.0,2,1,1,0.9000900085958209,0,1,0,0,0,1
485,0.5609756097560976,2,0.3995835918878458,2,1,1,0.06348151248444225,0,1,0,0,0,1
569,0.4634146341463415,9,0.7124639330654132,1,1,0,0.9996834197665877,0,1,0,0,0,1
684,0.1951219512195122,2,0.45450880076448574,1,0,0,0.48441431156675463,2,0,1,0,1,0
471,0.2439024390243903,5,0.0,2,1,1,0.11173762094280003,0,0,0,1,1,0
771,0.7804878048780488,3,0.4194122003878149,1,1,1,0.08135826971475775,3,1,0,0,0,1
561,0.6585365853658538,2,0.6699348727604902,2,0,1,0.5785927556081606,0,0,1,0,1,0
759,0.6341463414634148,2,0.4427916529775098,2,1,0,0.5006784147886123,3,1,0,0,0,1
558,0.9268292682926831,7,0.48320435599968103,2,1,1,0.5812631106270649,0,1,0,0,1,0
544,0.07317073170731708,10,0.643791110566047,2,1,0,0.046260367865131116,0,1,0,0,1,0
642,0.902439024390244,7,0.0,2,1,1,0.5075693728751095,1,1,0,0,1,0
608,0.7317073170731709,2,0.5098653800034907,2,1,0,0.1609705226849164,1,0,1,0,1,0
589,0.024390243902439046,9,0.33278495663318924,1,1,1,0.7151219441456659,1,0,1,0,1,0
539,0.5365853658536586,7,0.323367188646195,1,1,0,0.8364710829884253,0,1,0,0,1,0
583,0.3170731707317073,4,0.6336389009577555,1,1,0,0.06264268237616692,1,1,0,0,1,0
445,0.5100518941359626,7,0.5224518448904893,2,1,1,0.35306581778559853,0,0,1,0,1,0
599,0.48780487804878053,9,0.3551706192741444,1,0,0,0.786215183550029,1,0,1,0,0,1
850,0.2926829268292683,2,0.5621406284918312,1,1,1,0.02983594933316131,4,0,0,1,0,1
656,0.6829268292682928,7,0.5641155737773851,1,1,0,0.25294200596156935,1,0,1,0,1,0
577,0.6097560975609757,8,0.31788687590248305,1,1,0,0.678260473875255,0,0,0,1,0,1
700,0.5365853658536586,4,0.592157038740311,1,1,0,0.9491675455005952,2,0,1,0,1,0
706,0.2926829268292683,3,0.3922523682822775,1,1,1,0.5525972730395752,2,1,0,0,0,1
489,0.9756097560975612,4,0.0,2,1,1,0.9571301059251158,0,0,0,1,0,1
606,0.4634146341463415,8,0.6166351445720452,2,1,0,0.44548054339189386,1,0,0,1,0,1
501,0.5121951219512195,9,0.46752711429568883,1,0,0,0.9101587701625505,0,1,0,0,1,0
595,0.6341463414634148,4,0.38483162625909195,2,1,0,0.7197720382296509,1,0,1,0,1,0
745,0.2439024390243903,6,0.0,2,1,0,0.7719617223444838,3,1,0,0,1,0
544,0.1951219512195122,6,0.0,1,1,0,0.5009919447307217,0,1,0,0,1,0
738,0.4634146341463415,8,0.4008238564111828,1,1,1,0.6440029022771674,2,0,0,1,1,0
797,0.3170731707317073,8,0.0,2,1,0,0.5895815550385062,3,0,0,1,1,0
645,0.6097560975609757,9,0.5584784244471531,1,1,0,0.05646099202473836,1,0,1,0,0,1
487,0.14634146341463422,7,0.5325990723962866,2,1,1,0.4928392161451418,0,1,0,0,0,1
767,0.6097560975609757,1,0.3045413777362754,2,1,0,0.3891674154881791,3,1,0,0,0,1
738,0.7560975609756098,3,0.0,3,1,1,0.3253055666816181,2,0,0,1,0,1
676,0.5609756097560976,4,0.40437589620550723,1,1,1,0.39548821912492643,2,1,0,0,1,0
700,0.1951219512195122,4,0.4743343004324984,1,1,0,0.7096420208129876,2,1,0,0,0,1
640,0.39024390243902446,3,0.31019287552169095,1,1,1,0.8427468323224868,1,0,0,1,1,0
705,0.5121951219512195,6,0.5311364865312447,1,1,1,0.39030887449751445,2,0,0,1,0,1
718,0.39024390243902446,5,0.45405861798310226,2,1,0,0.1538178896084576,2,0,0,1,0,1
677,0.43902439024390244,10,0.27424218335022005,1,1,0,0.1653340894055382,2,0,1,0,1,0
601,0.6829268292682928,3,0.3914049724332298,1,0,0,0.6888275330294042,1,1,0,0,1,0
684,0.34146341463414637,3,0.40905106132932306,2,1,1,0.6371702997636274,2,0,1,0,0,1
592,0.5121951219512195,7,0.0,2,1,0,0.415403421026708,1,1,0,0,0,1
701,0.5121951219512195,2,0.0,2,1,1,0.41261610483801203,2,1,0,0,0,1
570,0.9512195121951221,5,0.3450355082416132,1,0,1,0.5182931469955381,0,0,1,0,1,0
625,0.6585365853658538,7,0.5482522405810264,1,0,0,0.6230401003295815,1,1,0,0,0,1
771,0.34146341463414637,9,0.30883933791604395,1,0,0,0.1656731217831303,3,0,1,0,0,1
448,0.17073170731707316,2,0.0,2,0,0,0.47606621432346785,0,0,0,1,0,1
690,0.07317073170731708,8,0.0,2,1,1,0.7789309379045699,2,1,0,0,0,1
420,0.902439024390244,4,0.3662575510240035,1,1,0,0.7243626766356186,0,0,0,1,1,0
746,0.43902439024390244,7,0.5675641851239283,1,1,1,0.9672279202663854,3,1,0,0,0,1
540,0.4146341463414634,7,0.5116410013324534,2,1,0,0.9913175208232385,0,0,1,0,1,0
705,0.878048780487805,3,0.5017547164268967,3,1,0,0.48005544529502564,2,0,1,0,1,0
625,0.14634146341463422,1,0.0,2,1,1,0.9048762656833726,1,1,0,0,1,0
732,0.48780487804878053,5,0.7125902791846683,1,1,1,0.9788382290508743,2,0,1,0,0,1
616,0.6341463414634148,7,0.7700856550960592,2,1,1,0.6869715557835773,1,0,0,1,1,0
489,0.48780487804878053,2,0.5039658930843197,2,1,1,0.4132952196934807,0,0,1,0,0,1
727,0.7073170731707319,7,0.0,2,1,0,0.9665611565904544,2,1,0,0,0,1
833,0.2926829268292683,1,0.0,2,1,0,0.7093129393857113,4,1,0,0,0,1
544,0.2926829268292683,8,0.5788869496774568,1,1,1,0.40336477133566256,0,0,0,1,0,1
639,0.48780487804878053,9,0.519067881305912,1,1,1,0.40928668687859693,1,0,0,1,0,1
670,0.9512195121951221,3,0.6997899027449752,2,1,0,0.49529815097341795,1,0,0,1,1,0
775,0.3658536585365854,1,0.47388603077847274,2,1,1,0.13176668371829509,3,0,1,0,1,0
802,0.48780487804878053,1,0.5681873066470933,1,1,1,0.8625131200029603,4,1,0,0,0,1
601,0.5609756097560976,1,0.4941096203641886,1,0,1,0.864099571509079,1,1,0,0,0,1
603,0.2926829268292683,8,0.0,2,1,1,0.2376470952976009,1,1,0,0,0,1
528,0.43902439024390244,1,0.6255464519478806,1,1,1,0.7495750844205621,0,1,0,0,1,0
604,0.853658536585366,8,0.5757467105468999,1,1,0,0.955028105184045,1,1,0,0,0,1
641,0.9512195121951221,5,0.0,2,1,1,0.6122464695378408,1,1,0,0,0,1
652,0.4634146341463415,7,0.0,2,1,0,0.3439245947988032,1,0,0,1,0,1
690,0.4146341463414634,9,0.43023177258942075,2,0,0,0.24235759515033684,2,1,0,0,1,0
675,0.34146341463414637,10,0.0,2,1,0,0.9577618162534521,2,0,0,1,0,1
562,0.3170731707317073,4,0.5071272164726325,2,0,1,0.7165976350741496,0,0,1,0,0,1
547,0.4146341463414634,4,0.0,1,1,1,0.6664443954397645,0,1,0,0,1,0
733,0.3658536585365854,7,0.7463505999587323,1,0,1,0.9521870838665092,2,0,1,0,1,0
728,0.3658536585365854,9,0.5994949582916316,2,1,0,0.853844042106021,2,0,1,0,1,0
784,0.48780487804878053,5,0.5448941839294194,1,0,1,0.8496278394586683,3,1,0,0,0,1
666,0.43902439024390244,4,0.4789410712532726,2,1,0,0.16846568847324916,1,1,0,0,0,1
799,0.4146341463414634,7,0.0,2,0,1,0.7039133237224154,3,0,0,1,0,1
457,0.48780487804878053,7,0.6556326913449202,1,1,1,0.8166564406900858,0,1,0,0,1,0
436,0.6097560975609757,5,0.0,2,1,1,0.17839628684539371,0,0,0,1,0,1
755,0.3658536585365854,6,0.3609445572104595,2,1,1,0.21300089158514637,3,0,1,0,1,0
748,0.39024390243902446,5,0.33483503202435705,1,1,1,0.68501301874329,3,1,0,0,0,1
678,0.6097560975609757,5,0.4078874813275781,1,1,1,0.39822823079604097,2,1,0,0,0,1
794,0.5100518941359626,9,0.3864166921318533,1,1,1,0.35886017114634444,3,1,0,0,0,1
477,0.43902439024390244,3,0.4691181985482632,1,0,0,0.3701874529017521,0,0,1,0,1,0
599,0.6341463414634148,10,0.47261117053541546,1,1,1,0.15719971257255066,1,1,0,0,0,1
484,0.5365853658536586,7,0.42607506497957004,2,0,0,0.5902283668090302,0,0,1,0,0,1
534,0.5609756097560976,9,0.0,2,1,0,0.06930541866748274,0,1,0,0,0,1
783,0.4634146341463415,1,0.5448015168230257,1,1,0,0.9894898462803197,3,0,0,1,1,0
628,0.5365853658536586,5,0.7244707203629969,2,1,1,0.645543599413744,1,0,1,0,0,1
694,0.39024390243902446,5,0.5097688467855614,1,1,0,0.5086796789093359,2,1,0,0,0,1
676,0.39024390243902446,8,0.33044946655432894,1,1,0,0.45907284145635907,2,1,0,0,1,0
761,0.34146341463414637,4,0.4125794261725947,2,1,1,0.888138817257048,3,0,0,1,1,0
565,0.34146341463414637,9,0.0,2,1,0,0.026886167629008566,0,1,0,0,0,1
658,0.4146341463414634,9,0.2862889071813979,1,1,1,0.3406842353444754,1,0,0,1,0,1
610,0.21951219512195125,2,0.0,2,1,0,0.07268284121133567,1,1,0,0,1,0
573,0.4146341463414634,9,0.0,2,1,0,0.05866715271308409,0,1,0,0,0,1
679,0.3658536585365854,9,0.4485034142746962,2,1,0,0.8868390431286188,2,1,0,0,1,0
713,0.7317073170731709,1,0.6526985518303469,1,0,0,0.7869229511418341,2,0,0,1,1,0
631,0.3170731707317073,8,0.5487794665953815,1,1,0,0.9503684601879478,1,1,0,0,1,0
649,0.48780487804878053,8,0.0,1,1,0,0.5187942948551586,1,0,0,1,1,0
529,0.3170731707317073,7,0.0,2,1,1,0.8785153482157545,0,1,0,0,1,0
443,0.26829268292682934,9,0.3946925622271577,2,1,0,0.05464931900996544,0,0,1,0,1,0
631,0.09756097560975613,3,0.0,2,0,0,0.15386564416901813,1,1,0,0,1,0
701,0.6341463414634148,7,0.0,2,1,0,0.11708218134831874,2,1,0,0,0,1
788,0.5853658536585367,6,0.5526167616501186,2,1,0,0.3237033636712306,3,0,1,0,1,0
752,0.3658536585365854,4,0.0,2,1,1,0.19781489132212124,3,1,0,0,0,1
624,0.48780487804878053,7,0.49385210545046404,1,1,0,0.6754905093436423,1,0,0,1,0,1
711,0.5853658536585367,3,0.7079638190948365,3,0,1,0.0819135227414218,2,0,0,1,0,1
715,0.4146341463414634,2,0.5620029630357091,1,1,1,0.3020105920115371,2,1,0,0,0,1
645,0.3658536585365854,8,0.5961169732300473,1,0,0,0.7495828851655333,1,0,1,0,0,1
448,0.43902439024390244,6,0.3345865247519421,2,1,0,0.4099789029852351,0,1,0,0,1,0
744,0.5609756097560976,2,0.3352493038109617,1,1,0,0.9877795829501717,3,0,1,0,1,0
590,0.6097560975609757,7,0.3231463420068284,2,1,1,0.9131655573107231,1,1,0,0,0,1
606,0.4146341463414634,2,0.5267647115209209,1,0,1,0.8240987514307616,1,1,0,0,0,1
519,0.5121951219512195,2,0.45021171743475613,2,1,0,0.48795449965471704,0,1,0,0,0,1
585,0.902439024390244,10,0.4241386213820919,3,1,1,0.6148057139456817,1,1,0,0,0,1
758,0.2926829268292683,3,0.5642971614490967,1,1,0,0.7812620105220048,3,1,0,0,1,0
518,0.6829268292682928,3,0.0,2,1,0,0.38255758424929576,0,1,0,0,0,1
566,0.4146341463414634,1,0.4904062840813177,1,1,0,0.3312009296887853,0,0,1,0,1,0
606,0.5365853658536586,9,0.37981102207673245,2,0,1,0.484916309507558,1,0,1,0,0,1
652,0.5853658536585367,3,0.33277284015992314,2,1,0,0.18953080019141827,1,0,0,1,1,0
527,0.34146341463414637,0,0.0,1,1,0,0.5476137971176247,0,1,0,0,0,1
607,0.5100518941359626,0,0.0,2,1,1,0.40568129256343977,1,1,0,0,0,1
684,0.878048780487805,6,0.0,2,1,1,0.4744304081039739,2,1,0,0,0,1
477,0.39024390243902446,8,0.5578342585230521,2,1,1,0.9494119188382489,0,0,1,0,0,1
658,0.5121951219512195,7,0.0,2,1,0,0.2418571973623481,1,1,0,0,0,1
542,0.26829268292682934,7,0.0,2,0,1,0.9832946046347425,0,1,0,0,1,0
527,0.2439024390243903,2,0.49343930836619765,2,1,1,0.7792499683719795,0,0,1,0,1,0
793,0.26829268292682934,8,0.38531401335099846,2,0,0,0.9606371408469508,3,0,0,1,0,1
743,0.5853658536585367,7,0.3069062821482619,2,1,1,0.40212260270855865,3,1,0,0,0,1
557,0.21951219512195125,2,0.0,2,0,1,0.022431992255260377,0,1,0,0,1,0
600,0.4146341463414634,4,0.572920941725782,2,1,0,0.5203743457500191,1,1,0,0,0,1
584,0.5853658536585367,3,0.5479480931879555,1,1,0,0.12829985263592672,1,0,1,0,0,1
705,0.7317073170731709,9,0.455041965445014,1,0,0,0.866390840325251,2,0,1,0,0,1
699,0.5100518941359626,3,0.5009575401709914,1,1,1,0.7581330517064379,2,1,0,0,0,1
694,0.2926829268292683,9,0.0,2,1,1,0.13475651924758814,2,1,0,0,1,0
631,0.4634146341463415,8,0.5511904853480551,2,0,0,0.7621294333608859,1,0,1,0,0,1
605,0.7317073170731709,6,0.0,2,1,1,0.20027617637484377,1,0,0,1,1,0
757,0.6341463414634148,4,0.49152287289233654,1,1,0,0.6856890333026804,3,1,0,0,1,0
850,0.04878048780487804,7,0.0,2,1,0,0.15640088628464016,4,1,0,0,0,1
781,0.12195121951219517,2,0.42819568694205684,1,1,0,0.8692411625310216,3,1,0,0,0,1
661,0.2926829268292683,7,0.0,2,1,0,0.3609594216247652,1,1,0,0,1,0
619,0.5365853658536586,10,0.0,1,1,1,0.7354815384869254,1,1,0,0,1,0
746,0.14634146341463422,10,0.2741424615866945,1,0,1,0.2399519654126969,3,0,0,1,0,1
630,0.5853658536585367,6,0.0,2,1,0,0.8135094401515344,1,1,0,0,0,1
727,0.4146341463414634,5,0.5435053730381129,1,0,0,0.7137838163544618,2,1,0,0,0,1
549,0.17073170731707316,6,0.7726571374058688,1,0,1,0.10795295950763296,0,0,0,1,0,1
671,0.3170731707317073,4,0.0,2,0,1,0.39633004951972917,2,0,0,1,1,0
644,0.5365853658536586,8,0.37139856265944476,1,1,0,0.3693898267284526,1,1,0,0,0,1
694,0.34146341463414637,0,0.3665093265556546,1,1,1,0.2997797789688915,2,1,0,0,0,1
759,0.6829268292682928,2,0.0,1,1,1,0.6919087272834554,3,1,0,0,1,0
563,0.5100518941359626,6,0.5572395549125145,1,1,1,0.7621038309158524,0,1,0,0,1,0
569,0.5853658536585367,1,0.0,1,1,1,0.4181300314180004,0,0,0,1,1,0
470,0.3170731707317073,2,0.40524509373506995,2,1,0,0.2251323501394383,0,0,0,1,1,0
617,0.8048780487804879,10,0.666699814255262,1,0,0,0.4671854662120232,1,0,1,0,1,0
693,0.39024390243902446,10,0.4286842518410563,2,0,0,0.7731726879917031,2,0,0,1,1,0
703,0.9756097560975612,4,0.3703930946624584,1,0,1,0.4257266568957335,2,0,0,1,0,1
753,0.6829268292682928,3,0.444454359935542,3,1,0,0.7979020496457411,3,0,1,0,1,0
821,0.48780487804878053,8,0.0,2,0,1,0.6312093804958373,4,0,0,1,1,0
545,0.1951219512195122,7,0.0,2,0,1,0.783008027266604,0,1,0,0,0,1
807,0.7073170731707319,1,0.6852872813818551,1,1,1,0.32815803909273333,4,0,1,0,0,1
691,0.1951219512195122,9,0.5445365885407897,1,1,0,0.7661552678280775,2,1,0,0,0,1
749,0.09756097560975613,4,0.377691834959764,2,1,1,0.21116996673182287,3,0,1,0,0,1
686,0.4146341463414634,2,0.4358057090032053,2,0,1,0.4301995340555023,2,0,1,0,0,1
573,0.5100518941359626,4,0.0,2,1,1,0.7877653315891667,0,1,0,0,1,0
804,0.3658536585365854,10,0.5513631450920969,1,1,1,0.40239932913593246,4,0,1,0,1,0
518,1.0,5,0.5531016597216822,1,0,1,0.6193612489992794,0,1,0,0,0,1
658,0.5365853658536586,7,0.5603747322269373,1,0,1,0.6773018823297624,1,1,0,0,1,0
762,0.5100518941359626,9,0.7323490585360775,1,1,1,0.9850046179410133,3,0,0,1,1,0
827,0.7073170731707319,8,0.5699585038690411,2,1,0,0.5448816361962567,4,0,1,0,1,0
599,0.21951219512195125,5,0.0,2,1,0,0.15268868176910894,1,1,0,0,0,1
520,0.39024390243902446,3,0.0,2,1,1,0.5235118953860094,0,1,0,0,0,1
748,0.43902439024390244,4,0.5642671492636712,1,1,0,0.4107720287287436,3,0,0,1,0,1
663,0.3658536585365854,8,0.48835836095842744,1,1,0,0.9813373177138416,1,0,0,1,1,0
714,0.14634146341463422,7,0.0,2,1,0,0.8316965270183302,2,1,0,0,1,0
790,0.7073170731707319,10,0.592416666065493,1,0,1,0.08054959248608241,3,1,0,0,1,0
781,0.3658536585365854,3,0.0,2,1,1,0.21274406705840407,3,0,0,1,0,1
819,0.48780487804878053,9,0.48758545750587423,2,1,1,0.9075659725503785,4,1,0,0,0,1
760,0.34146341463414637,7,0.0,2,1,1,0.5298379495241795,3,1,0,0,1,0
563,0.34146341463414637,6,0.0,2,1,1,0.09855191170756807,0,0,0,1,0,1
792,0.7073170731707319,0,0.0,1,1,1,0.027734148611192364,3,0,0,1,0,1
714,0.5365853658536586,0,0.0,2,1,0,0.31378266624462636,2,1,0,0,1,0
842,0.4146341463414634,9,0.47807494269884643,1,1,0,0.24105497074970658,4,0,1,0,1,0
844,0.9268292682926831,5,0.3966937333002416,1,0,1,0.7861674789942439,4,0,0,1,0,1
622,0.12195121951219517,8,0.0,2,1,1,0.6569517888958396,1,0,0,1,1,0
850,0.2926829268292683,3,0.41814327881093083,2,1,1,0.2146288970596692,4,0,1,0,1,0
633,0.5121951219512195,2,0.0,2,0,0,0.9560685545469592,1,0,0,1,1,0
550,0.09756097560975613,6,0.6152988251126185,1,1,1,0.2585743938546131,0,1,0,0,0,1
630,0.5121951219512195,10,0.420384786508339,1,0,0,0.2942446003593343,1,0,0,1,0,1
607,0.5100518941359626,5,0.40220389880209934,1,0,0,0.03810208874947557,1,0,0,1,1,0
651,0.5121951219512195,8,0.0,1,1,0,0.6872705843408046,1,1,0,0,1,0
602,0.09756097560975613,7,0.5643915423987486,1,1,0,0.1518546021145019,1,0,0,1,1,0
797,0.14634146341463422,5,0.0,2,1,0,0.9113171807907654,3,1,0,0,0,1
548,0.34146341463414637,2,0.687325957722516,1,1,0,0.9404507630478709,0,1,0,0,1,0
540,0.3170731707317073,10,0.4709431626203293,1,1,1,0.7901554098416399,0,0,0,1,1,0
544,0.6341463414634148,2,0.43402454757626896,1,0,0,0.34611615409271584,0,0,1,0,0,1
673,0.6341463414634148,8,0.531869214309284,1,0,1,0.02848577039107234,2,1,0,0,1,0
586,0.21951219512195125,5,0.5190625404920381,2,1,1,0.9621697872146789,1,1,0,0,0,1
689,0.5121951219512195,7,0.0,2,0,0,0.0745346680607998,2,1,0,0,0,1
515,0.3658536585365854,2,0.0,2,1,1,0.6801519045068803,0,1,0,0,0,1
530,0.12195121951219517,1,0.5462810816933681,2,1,1,0.8261571480076347,0,0,1,0,0,1
576,0.26829268292682934,7,0.5204314628301874,1,0,1,0.868173910608463,0,0,1,0,0,1
583,0.26829268292682934,10,0.0,2,1,1,0.5564244885386554,1,1,0,0,1,0
850,0.48780487804878053,2,0.37725293165842755,1,1,1,0.8598280135752965,4,0,0,1,0,1
803,0.2439024390243903,3,0.0,2,1,0,0.7982883365361392,4,1,0,0,0,1
754,0.7073170731707319,1,0.7393984944245691,1,1,0,0.13714934776271134,3,1,0,0,1,0
622,0.5100518941359626,0,0.43427991022171597,2,1,0,0.5558966881337167,1,0,0,1,1,0
557,0.5853658536585367,4,0.0,2,0,1,0.4331953701578501,0,0,0,1,0,1
706,0.26829268292682934,6,0.7395208150050087,1,1,0,0.8552119227386215,2,0,1,0,1,0
683,0.34146341463414637,9,0.0,2,1,1,0.12491362925159351,2,1,0,0,1,0
633,0.48780487804878053,2,0.3662943787256412,2,1,1,0.5383602634051552,1,1,0,0,0,1
524,0.4634146341463415,9,0.5080970524725796,2,1,0,0.8982013282268456,0,0,1,0,1,0
584,0.26829268292682934,7,0.41930972850371245,1,0,1,0.6924583797752685,1,0,1,0,1,0
780,0.7073170731707319,7,0.3427934026919058,1,1,1,0.18982587837138443,3,0,0,1,0,1
586,0.8048780487804879,2,0.5522304693511219,1,1,1,0.4620173226543135,1,1,0,0,0,1
548,0.3658536585365854,6,0.0,1,1,1,0.15859899620413748,0,0,0,1,0,1
850,0.3170731707317073,6,0.271011349667907,2,0,0,0.25061538376915,4,1,0,0,0,1
696,0.7560975609756098,5,0.38675551495828453,2,1,0,0.7622690966987347,2,0,1,0,0,1
608,0.3658536585365854,4,0.0,1,1,0,0.39650186592819614,1,1,0,0,1,0
491,0.43902439024390244,0,0.21271238055259808,1,1,1,0.5196623277523003,0,1,0,0,1,0
580,0.7804878048780488,0,0.5007904205249232,1,1,0,0.2876749729599177,0,1,0,0,0,1
554,0.3170731707317073,1,0.0,2,0,1,0.9633368486690478,0,1,0,0,0,1
775,0.21951219512195125,4,0.0,1,1,1,0.20399788179771167,3,0,0,1,0,1
710,0.34146341463414637,3,0.0,1,1,0,0.4739390611803427,2,1,0,0,1,0
689,0.6585365853658538,0,0.518819493603957,2,1,0,0.7542960352713683,2,0,1,0,0,1
752,0.4634146341463415,5,0.45154209822800967,2,1,1,0.6623430537616343,3,0,1,0,1,0
619,0.12195121951219517,5,0.529000041411236,1,1,1,0.7195774696483513,1,0,1,0,0,1
570,0.3658536585365854,8,0.0,1,1,1,0.6232087164324193,0,1,0,0,1,0
631,0.26829268292682934,2,0.0,2,1,1,0.09286016814605794,1,1,0,0,0,1
449,0.3658536585365854,8,0.0,2,0,0,0.7839814202256316,0,0,0,1,1,0
455,0.6097560975609757,6,0.0,1,1,1,0.4062348454277383,0,0,0,1,1,0
749,0.4634146341463415,7,0.0,2,1,0,0.10148574188835033,3,1,0,0,0,1
850,0.902439024390244,0,0.3934302170255661,1,1,1,0.4180678754821085,4,0,1,0,0,1
554,0.4146341463414634,10,0.2988806730254503,2,0,1,0.9508085522167367,0,1,0,0,1,0
636,0.3658536585365854,0,0.0,1,1,0,0.4613735111703168,1,0,0,1,1,0
633,0.17073170731707316,1,0.0,1,1,0,0.5029850350708492,1,1,0,0,0,1
549,0.6829268292682928,7,0.0,1,1,1,0.5452819744285579,0,1,0,0,1,0
543,0.4634146341463415,8,0.5615589182045986,2,1,1,0.5902944231174077,0,0,1,0,0,1
608,0.6341463414634148,5,0.5027851746499944,1,0,1,0.662128783298805,1,0,1,0,1,0
817,0.6341463414634148,8,0.0,1,0,0,0.3274829246193012,4,1,0,0,0,1
798,0.09756097560975613,8,0.0,2,1,0,0.5380706357457137,3,1,0,0,0,1
527,0.34146341463414637,7,0.0,2,1,1,0.22046190411184266,0,1,0,0,1,0
850,0.5609756097560976,8,0.5294503039062594,1,1,1,0.8767622307930407,4,0,0,1,0,1
641,0.5853658536585367,3,0.48531804287549585,2,1,1,0.8326058138552231,1,0,1,0,0,1
591,0.7560975609756098,3,0.0,2,1,0,0.2505832306985317,1,1,0,0,0,1
732,0.3658536585365854,8,0.0,1,1,0,0.599412843926595,2,0,0,1,0,1
601,0.6829268292682928,2,0.3977155425934092,1,1,1,0.16337710251329002,1,1,0,0,0,1
574,0.3658536585365854,3,0.5354706765603517,1,1,0,0.3157922081558789,0,1,0,0,1,0
497,0.5100518941359626,6,0.0,1,1,1,0.4502604998777383,0,1,0,0,0,1
682,0.5365853658536586,4,0.0,2,1,1,0.7037388570608493,2,1,0,0,0,1
613,0.04878048780487804,0,0.4677444535348994,1,0,0,0.5677848234506395,1,0,1,0,1,0
704,0.5365853658536586,6,0.38044486508446523,1,0,1,0.899850785750039,2,1,0,0,1,0
704,0.5100518941359626,3,0.4558440839465937,1,0,1,0.33402639952115426,2,1,0,0,0,1
668,0.4634146341463415,10,0.6096431025042878,2,1,1,0.7979463538767951,1,0,1,0,0,1
665,0.8048780487804879,2,0.0,1,0,0,0.26673437313263415,1,1,0,0,0,1
664,0.4146341463414634,1,0.45845107868298246,1,0,1,0.848352067622458,1,0,0,1,0,1
755,0.4634146341463415,0,0.4538305971161439,2,1,1,0.5869794065333239,3,0,1,0,1,0
729,0.43902439024390244,8,0.6094077479824578,2,1,0,0.8856783322807327,2,0,1,0,0,1
679,0.9756097560975612,8,0.501600191535934,2,1,1,0.43502449483925715,2,0,1,0,0,1
793,0.34146341463414637,2,0.0,2,1,0,0.9691228012275171,3,1,0,0,0,1
477,0.14634146341463422,2,0.3813325960353066,2,0,0,0.8135182909967902,0,0,1,0,1,0
415,0.853658536585366,5,0.6666429385731873,1,1,1,0.11173902107651279,0,0,0,1,0,1
714,0.5853658536585367,2,0.7080169083790157,1,0,1,0.23579736864870593,2,0,1,0,0,1
553,0.853658536585366,5,0.5101586464847142,1,1,0,0.8269143703223657,0,0,1,0,0,1
554,0.6585365853658538,4,0.0,2,1,1,0.9670947075445704,0,0,0,1,1,0
676,0.7317073170731709,1,0.5247532573882887,2,0,1,0.07070960276706424,2,0,0,1,0,1
696,0.4146341463414634,4,0.6971047886414761,1,1,0,0.34537433324882527,2,0,1,0,1,0
623,0.6585365853658538,0,0.0,1,1,0,0.982704548284361,1,1,0,0,0,1
504,0.5100518941359626,0,0.21913602451098774,1,1,1,0.6845568751815798,0,0,0,1,0,1
630,0.5365853658536586,0,0.4728337310180401,1,0,1,0.3001330627074886,1,1,0,0,1,0
569,0.2439024390243903,3,0.39869781392118214,1,1,0,0.025740608228085778,0,0,1,0,1,0
711,0.853658536585366,5,0.49344747901428826,1,1,0,0.512133558754861,2,0,1,0,1,0
714,0.5100518941359626,3,0.1395650321610659,1,1,0,0.26830312294824155,2,0,1,0,0,1
404,0.878048780487805,4,0.5000279994160179,1,1,0,0.41856037251557526,0,0,1,0,1,0
572,0.024390243902439046,1,0.5526430272944685,1,1,1,0.08075891247614146,0,0,1,0,1,0
649,0.34146341463414637,7,0.0,1,1,0,0.14394244650364107,1,0,0,1,1,0
587,0.6829268292682928,6,0.3540094306815967,1,0,0,0.3510973297949954,1,1,0,0,1,0
682,0.6829268292682928,4,0.0,1,1,1,0.02321571710098314,2,0,0,1,0,1
607,0.5121951219512195,2,0.3366652571966571,2,1,1,0.6097274289694665,1,0,1,0,0,1
591,0.5853658536585367,9,0.6442909549450935,2,1,1,0.6587748629994165,1,1,0,0,0,1
670,0.3658536585365854,7,0.0,2,1,1,0.4409232581711553,1,1,0,0,1,0
741,0.26829268292682934,8,0.0,2,1,1,0.5799700871433222,3,1,0,0,0,1
738,0.4146341463414634,8,0.5073398924639084,1,1,0,0.0803578741769839,2,0,0,1,0,1
732,0.5609756097560976,8,0.0,2,1,1,0.8544545504095641,2,1,0,0,0,1
512,0.43902439024390244,0,0.5173581433003337,1,1,0,0.2650719143678221,0,1,0,0,0,1
518,0.48780487804878053,10,0.3378454973491428,1,1,1,0.8112890781069592,0,1,0,0,1,0
745,0.4146341463414634,9,0.3689407520001448,2,1,0,0.8076180775264037,3,1,0,0,0,1
812,0.17073170731707316,5,0.21848532206841434,1,1,0,0.658306518272495,4,0,1,0,0,1
572,0.6097560975609757,2,0.5597172142681518,1,1,0,0.13220757582349113,0,1,0,0,0,1
511,0.5365853658536586,1,0.0,1,1,1,0.9206236695604431,0,0,0,1,1,0
483,0.26829268292682934,9,0.0,1,1,1,0.4081533286428854,0,1,0,0,0,1
465,0.17073170731707316,2,0.3118688946575879,2,1,1,0.052308645475642915,0,1,0,0,0,1
671,0.39024390243902446,10,0.6112442705323106,1,1,0,0.702558494336209,2,0,0,1,0,1
573,0.8292682926829269,8,0.0,2,0,1,0.8911724069648651,0,1,0,0,0,1
666,0.7073170731707319,5,0.0,1,0,0,0.833276177874987,1,0,0,1,1,0
754,0.48780487804878053,2,0.0,2,1,0,0.9035199861586781,3,1,0,0,0,1
752,0.4146341463414634,2,0.0,1,1,0,0.221640966712321,3,0,0,1,1,0
418,0.5121951219512195,2,0.0,2,0,0,0.04515496229889954,0,1,0,0,1,0
466,0.43902439024390244,5,0.47644902358563196,1,0,1,0.40300053655124063,0,1,0,0,1,0
606,0.5121951219512195,8,0.5420545449349575,2,1,0,0.15849988673918358,1,0,1,0,0,1
752,0.43902439024390244,7,0.0,2,1,0,0.9243646768266368,3,1,0,0,1,0
598,0.853658536585366,10,0.6686896659914789,1,1,1,0.6844417641884799,1,0,1,0,0,1
637,0.6341463414634148,0,0.6282334791787375,1,1,1,0.6022706168439086,1,0,0,1,1,0
813,0.2926829268292683,1,0.4640009017206947,1,0,1,0.4290241718084077,4,0,1,0,0,1
764,0.3658536585365854,9,0.6734398416504487,1,0,1,0.5949114640448162,3,0,0,1,1,0
516,0.21951219512195125,1,0.0,1,0,1,0.5615514781661648,0,0,0,1,1,0
520,0.12195121951219517,3,0.46242890888487836,2,1,1,0.18784833951642382,0,0,1,0,1,0
805,0.9268292682926831,6,0.6050356541175743,1,1,0,0.23391988934943284,4,0,1,0,0,1
611,0.5100518941359626,1,0.46841616052158874,2,0,1,0.8053404600139313,1,0,1,0,0,1
686,0.3658536585365854,9,0.5656403761383756,2,0,1,0.9202123302775415,2,0,1,0,0,1
705,0.17073170731707316,9,0.0,2,0,1,0.5616516877361788,2,1,0,0,0,1
668,0.7073170731707319,7,0.425886900932566,1,0,1,0.7898126271058885,1,0,1,0,0,1
635,0.7317073170731709,4,0.3250598280760129,2,1,0,0.9596055923340678,1,0,1,0,1,0
708,0.34146341463414637,3,0.6045938412683812,2,1,1,0.8640771693696748,2,0,1,0,0,1
561,0.5100518941359626,8,0.0,2,1,1,0.062513420031613,0,1,0,0,1,0
677,0.5121951219512195,0,0.4432622025938899,2,1,1,0.7379038698195678,2,0,1,0,1,0
531,0.4634146341463415,1,0.0,1,1,0,0.02297914450830054,0,1,0,0,1,0
823,0.48780487804878053,1,0.0,2,1,0,0.7830353798787785,4,1,0,0,0,1
782,0.39024390243902446,6,0.5875789648299037,1,0,1,0.2106802699657817,3,0,0,1,0,1
536,0.5121951219512195,4,0.0,2,1,0,0.135706810000355,0,1,0,0,0,1
625,0.5121951219512195,5,0.0,1,1,0,0.49899410393692595,1,1,0,0,0,1
682,0.6097560975609757,7,0.4427855548840568,2,1,1,0.3233694817855105,2,0,1,0,1,0
788,0.39024390243902446,6,0.623674018403249,1,0,1,0.9060124241865098,3,0,0,1,0,1
850,0.7073170731707319,4,0.3954572551748003,2,1,1,0.610706072429917,4,0,1,0,1,0
717,0.3658536585365854,0,0.46145122109140013,1,1,1,0.40752151830499816,2,0,1,0,1,0
618,0.4634146341463415,5,0.0,1,0,1,0.8935546844723671,1,1,0,0,0,1
817,0.4634146341463415,6,0.3231205945011379,2,1,0,0.40491016892113196,4,1,0,0,1,0
687,0.4146341463414634,1,0.4414228502098203,2,1,1,0.2395710790380481,2,1,0,0,1,0
699,0.7560975609756098,2,0.0,1,0,0,0.5287926496980461,2,1,0,0,1,0
681,0.6341463414634148,3,0.41932044998828016,2,1,1,0.8178120010460997,2,0,1,0,1,0
559,0.2439024390243903,3,0.6068791117540991,1,0,0,0.32118432310285633,0,0,1,0,1,0
502,0.5853658536585367,8,0.6363571759354565,3,1,0,0.5696543519906151,0,1,0,0,1,0
526,0.6097560975609757,3,0.0,2,1,0,0.15848318514418125,0,0,0,1,1,0
717,0.4146341463414634,4,0.0,1,1,1,0.8378874182484427,2,1,0,0,0,1
526,0.9756097560975612,9,0.7584708596227259,2,1,1,0.9563522316381214,0,0,1,0,0,1
718,0.7560975609756098,10,0.0,1,1,0,0.922403789561903,2,1,0,0,1,0
563,0.1951219512195122,7,0.0,2,0,0,0.03064372647587844,0,0,0,1,0,1
723,0.04878048780487804,4,0.0,2,1,1,0.7019357848674548,2,1,0,0,1,0
543,0.43902439024390244,4,0.0,2,1,1,0.7060620289237621,0,1,0,0,0,1
663,0.3658536585365854,8,0.3856906204427463,1,1,1,0.1842799487351042,1,0,0,1,1,0
544,0.09756097560975613,4,0.0,2,1,0,0.35001387632518904,0,0,0,1,0,1
670,0.5100518941359626,9,0.4182191263393038,1,1,0,0.7796256042452053,1,1,0,0,1,0
667,0.3170731707317073,3,0.39663079938153384,1,1,1,0.948318964461106,1,1,0,0,0,1
712,0.21951219512195125,8,0.45107641114366404,2,1,0,0.7363203185904252,2,0,1,0,0,1
710,0.3170731707317073,1,0.0,2,1,0,0.10035818420659172,2,1,0,0,1,0
619,0.2926829268292683,7,0.28190397942048906,1,1,1,0.8047633048956174,1,1,0,0,1,0
627,0.902439024390244,6,0.0,1,0,0,0.4597057018945309,1,0,0,1,1,0
539,0.48780487804878053,6,0.0,1,1,1,0.764415451675635,0,0,0,1,0,1
617,0.5609756097560976,7,0.0,2,0,1,0.07243236729107629,1,1,0,0,0,1
411,0.5100518941359626,0,0.23793393564693938,2,1,1,0.26738368514193106,0,1,0,0,0,1
757,0.5100518941359626,5,0.5238514569800033,2,1,1,0.017430914652349295,3,0,1,0,1,0
577,0.5609756097560976,6,0.0,1,1,1,0.8381280412279372,0,1,0,0,0,1
551,0.5853658536585367,2,0.5562475983774927,1,1,0,0.21713998686874594,0,1,0,0,0,1
498,0.4146341463414634,2,0.4861261000432487,2,0,1,0.9417472868658956,0,0,1,0,0,1
675,0.7560975609756098,0,0.0,1,1,1,0.4024640853201481,2,1,0,0,1,0
715,0.34146341463414637,3,0.4179274142740585,2,1,0,0.5707456062053926,2,0,1,0,1,0
738,0.26829268292682934,9,0.5544330369354347,1,1,0,0.7093700948440576,2,0,1,0,1,0
602,0.3658536585365854,5,0.6564592819339519,1,0,1,0.9036088946494389,1,1,0,0,0,1
506,0.4146341463414634,6,0.4386120675530053,2,1,0,0.1315483128638785,0,0,0,1,0,1
605,0.8048780487804879,3,0.5428051684251562,1,1,1,0.3355270928373659,1,1,0,0,1,0
669,0.7804878048780488,4,0.596710839847366,3,1,1,0.6243638267454541,1,1,0,0,0,1
592,0.5609756097560976,2,0.5529533524946325,1,1,0,0.45008878347882225,1,0,0,1,1,0
597,0.4146341463414634,8,0.522527054709743,1,1,1,0.9642975404151096,1,0,1,0,1,0
743,0.6097560975609757,2,0.644911964056801,2,0,1,0.46613091550243047,3,0,0,1,0,1
680,0.4146341463414634,9,0.0,2,0,0,0.7188810531405748,2,0,0,1,0,1
516,0.6585365853658538,8,0.43461590321393045,1,0,1,0.5790882029233791,0,0,0,1,1,0
811,0.4146341463414634,7,0.0,1,1,1,0.0008331295638733499,4,1,0,0,1,0
559,0.7317073170731709,2,0.0,2,0,1,0.6898150273351105,0,1,0,0,1,0
850,0.1951219512195122,4,0.24954737598839435,2,0,1,0.8968532494853259,4,1,0,0,1,0
664,0.14634146341463422,7,0.0,1,0,1,0.17801585051372404,1,1,0,0,0,1
550,0.4146341463414634,9,0.5175318393216943,2,1,0,0.9866633263476661,0,0,1,0,0,1
658,0.34146341463414637,8,0.0,1,1,1,0.40203389423689956,1,1,0,0,0,1
586,0.34146341463414637,1,0.0,2,0,0,0.15813715209802534,1,1,0,0,0,1
659,0.5121951219512195,8,0.207679261328773,2,1,1,0.5398154523757018,1,0,1,0,0,1
537,0.6829268292682928,5,0.40146778319436394,1,0,1,0.7042981604743253,0,0,1,0,1,0
615,0.2926829268292683,8,0.0,2,0,0,0.01585936456931637,1,1,0,0,0,1
413,0.39024390243902446,9,0.0,2,0,0,0.03261611483896712,0,1,0,0,0,1
650,0.4634146341463415,9,0.0,2,1,0,0.08982107791294068,1,1,0,0,0,1
766,0.6341463414634148,3,0.46561813204715913,1,0,0,0.9882526781307613,3,0,1,0,0,1
743,1.0,5,0.4327866744621293,1,1,1,0.96066994397965,3,0,1,0,0,1
581,0.21951219512195125,5,0.40756830791338433,2,1,0,0.973443063812594,1,1,0,0,1,0
584,0.5365853658536586,4,0.32858659864648637,1,0,0,0.4042412550398563,1,1,0,0,1,0
750,0.43902439024390244,8,0.45014320356125476,1,0,1,0.04922585106877706,3,0,0,1,1,0
550,0.9512195121951221,5,0.0,1,1,1,0.6675155477348086,0,1,0,0,0,1
809,0.3658536585365854,9,0.0,1,1,1,0.6202295819250738,4,0,0,1,0,1
795,0.5100518941359626,9,0.5215760311288141,1,1,1,0.5746730312744868,3,0,1,0,1,0
608,0.3658536585365854,4,0.0,1,0,1,0.6523745517696939,1,1,0,0,0,1
766,0.39024390243902446,6,0.4242158240423433,1,0,1,0.6899862936910475,3,0,1,0,1,0
649,0.26829268292682934,2,0.17944429150496924,1,1,1,0.8675037966125764,1,0,0,1,0,1
847,0.8048780487804879,5,0.38886601328850295,1,0,0,0.7209312489342732,4,1,0,0,0,1
589,0.4634146341463415,7,0.33936679230997735,2,1,0,0.43243384743242974,1,1,0,0,0,1
655,0.4146341463414634,1,0.32774864886376776,2,1,0,0.44397459957425933,1,0,0,1,1,0
594,0.2439024390243903,5,0.7374030627335585,1,1,0,0.08235556495645333,1,0,1,0,0,1
679,0.4146341463414634,1,0.5199862222944783,2,1,1,0.18666577658166353,2,0,1,0,0,1
814,0.26829268292682934,8,0.386955516480815,2,1,1,0.9864169528189942,4,0,1,0,0,1
572,0.7073170731707319,2,0.0,2,1,0,0.18045783372312052,0,1,0,0,1,0
580,0.5100518941359626,8,0.4134791938830623,1,1,0,0.2371083938516128,0,0,1,0,0,1
640,0.7804878048780488,9,0.46857682336282436,2,0,0,0.4127803705253852,1,1,0,0,1,0
621,0.5100518941359626,7,0.5446777613970676,1,1,1,0.7434587503106547,1,1,0,0,0,1
839,0.3658536585365854,10,0.3012873872415689,1,1,0,0.31334412436387676,4,0,0,1,1,0
653,0.3170731707317073,9,0.5712357953781155,1,1,0,0.41837935522842434,1,0,1,0,0,1
706,0.12195121951219517,5,0.0,1,0,0,0.8206625232709723,2,1,0,0,1,0
614,0.5609756097560976,7,0.5858858471182464,2,0,0,0.688963796042522,1,0,0,1,1,0
667,0.43902439024390244,8,0.5570124108955952,1,1,0,0.39933603659149447,1,1,0,0,0,1
473,0.34146341463414637,5,0.5843099483140746,2,1,1,0.3647116799654367,0,0,1,0,1,0
663,0.4634146341463415,8,0.6189912007700019,1,1,0,0.5935819370749906,1,0,1,0,1,0
752,0.26829268292682934,4,0.5162055637808961,1,1,1,0.5146435484588778,3,0,1,0,0,1
600,0.21951219512195125,3,0.0,2,0,1,0.6284969714607744,1,1,0,0,1,0
630,0.2926829268292683,3,0.0,2,0,1,0.05238055234274873,1,0,0,1,0,1
683,0.1951219512195122,7,0.0,2,1,0,0.4330823093605439,2,1,0,0,1,0
658,0.3170731707317073,5,0.3988955834617952,1,0,1,0.24901528095933156,1,1,0,0,0,1
659,0.34146341463414637,9,0.0,2,1,1,0.4657653305890712,1,1,0,0,1,0
623,0.4634146341463415,4,0.5588399656609583,1,1,1,0.4691485536868771,1,1,0,0,1,0
772,0.12195121951219517,2,0.0,2,1,0,0.09177181420825688,3,1,0,0,0,1
777,0.6829268292682928,0,0.4279139789386201,1,1,0,0.002378827177995498,3,0,1,0,1,0
566,0.5853658536585367,3,0.43049662115801685,1,1,1,0.7874478012650208,0,1,0,0,0,1
693,0.07317073170731708,1,0.0,2,1,1,0.017413863023918782,2,1,0,0,0,1
850,0.43902439024390244,7,0.0,1,1,1,0.20402608449106888,4,1,0,0,0,1
663,0.4634146341463415,7,0.5724468847092459,2,0,1,0.8824616250851955,1,0,1,0,0,1
542,0.5100518941359626,3,0.53845276382933,1,1,1,0.07171609888744375,0,1,0,0,0,1
727,0.39024390243902446,10,0.0,2,1,1,0.993223652858848,2,1,0,0,0,1
609,0.7317073170731709,1,0.43053045959815806,3,1,1,0.9226534634057552,1,1,0,0,0,1
569,0.4146341463414634,2,0.4352231617227537,3,1,0,0.5469602847071895,0,0,1,0,0,1
850,0.5121951219512195,6,0.3860656332616961,1,1,1,0.6084061527875911,4,1,0,0,0,1
490,0.3658536585365854,5,0.3839845891214238,2,0,0,0.5415605190295673,0,0,1,0,0,1
811,0.6829268292682928,9,0.718324479871489,1,1,0,0.06727172444968493,4,1,0,0,0,1
510,0.34146341463414637,1,0.0,2,0,1,0.14253156176414844,0,1,0,0,1,0
492,0.2439024390243903,9,0.0,2,1,0,0.479773368356678,0,1,0,0,1,0
668,0.4634146341463415,7,0.5127407307086316,1,1,0,0.46073430012566197,1,1,0,0,1,0
477,0.09756097560975613,5,0.3290555938468882,2,0,0,0.8155844883186344,0,1,0,0,0,1
623,0.4146341463414634,5,0.0,2,1,0,0.5059508183031479,1,1,0,0,1,0
599,0.3170731707317073,3,0.0,1,1,1,0.650436566692119,1,0,0,1,1,0
586,0.9268292682926831,9,0.40168400644261587,2,1,1,0.2722101460689496,1,0,1,0,1,0
505,0.1951219512195122,8,0.45027273822610614,1,1,0,0.7250694441319145,0,1,0,0,0,1
680,0.3170731707317073,9,0.0,2,1,0,0.18068700560903564,2,1,0,0,0,1
743,0.43902439024390244,4,0.0,2,1,1,0.9545883631886845,3,1,0,0,0,1
609,0.48780487804878053,6,0.5609929513612479,2,0,1,0.857174760189598,1,0,1,0,0,1
615,0.4146341463414634,2,0.3883649333480379,2,1,1,0.6990893630341698,1,1,0,0,1,0
762,0.39024390243902446,8,0.39295986669328575,1,0,1,0.9589851330802092,3,0,1,0,1,0
513,0.7560975609756098,5,0.6839480922313916,1,1,0,0.6311215721101364,0,0,1,0,1,0
669,0.7804878048780488,9,0.8011605030552447,1,1,0,0.7901800621959396,1,1,0,0,0,1
785,0.39024390243902446,9,0.2802033287698603,1,1,1,0.34297665427048285,3,1,0,0,1,0
711,0.3658536585365854,1,0.0,1,0,0,0.20791395578277724,2,1,0,0,0,1
798,0.48780487804878053,4,0.5143727080584791,1,1,0,0.7857550896110578,3,0,1,0,1,0
579,0.3658536585365854,1,0.0,2,1,1,0.27405112188213976,0,0,0,1,0,1
622,0.6097560975609757,8,0.0,2,1,0,0.5030809942349495,1,1,0,0,0,1
756,0.6341463414634148,10,0.547840320346799,1,1,0,0.9477521103265361,3,0,1,0,0,1
701,0.5121951219512195,9,0.0,2,0,1,0.729486265938397,2,1,0,0,1,0
695,0.5100518941359626,4,0.0,2,1,1,0.6876938747650401,2,1,0,0,0,1
563,0.3658536585365854,8,0.0,2,0,1,0.3440502067947489,0,1,0,0,0,1
594,0.2926829268292683,10,0.0,2,1,1,0.6203598943699123,1,1,0,0,1,0
677,0.6341463414634148,4,0.5929523417256783,2,1,1,0.9553221332637266,2,0,1,0,1,0
692,0.5365853658536586,6,0.651679572371396,1,0,0,0.4521057260968422,2,1,0,0,0,1
620,0.6097560975609757,2,0.0,2,1,0,0.1033024653854443,1,0,0,1,1,0
724,0.2926829268292683,10,0.0,2,1,1,0.27129575874496015,2,1,0,0,0,1
574,0.3658536585365854,8,0.3996324962059297,1,1,0,0.5150226346616101,0,1,0,0,0,1
714,0.1951219512195122,9,0.35842835630992653,1,1,0,0.23098070865767678,2,1,0,0,1,0
531,0.5853658536585367,6,0.3001332134493332,2,0,0,0.28514108097323293,0,0,0,1,1,0
625,0.9512195121951221,7,0.0,1,0,0,0.42051310900190964,1,0,0,1,1,0
677,0.9756097560975612,1,0.3588024524220173,1,0,1,0.014884921510004206,2,1,0,0,1,0
717,0.43902439024390244,5,0.0,2,1,1,0.7277696019969907,2,1,0,0,1,0
591,0.3170731707317073,7,0.0,2,0,1,0.24385768840924305,1,1,0,0,1,0
583,0.21951219512195125,1,0.49983074801406424,1,1,1,0.5539170990829624,1,1,0,0,1,0
624,0.43902439024390244,6,0.0,2,0,0,0.42373236644099516,1,1,0,0,0,1
525,0.1951219512195122,7,0.6123776789213502,1,1,1,0.31596167433989947,0,1,0,0,0,1
675,0.9512195121951221,8,0.0,2,0,1,0.477304132544658,2,1,0,0,1,0
652,0.48780487804878053,6,0.4905650736520155,2,1,1,0.9433220372545578,1,0,0,1,1,0
614,0.7560975609756098,1,0.0,2,1,0,0.9622366936042391,1,1,0,0,0,1
850,0.7317073170731709,6,0.446248873397163,1,1,0,0.5587744629612128,4,0,1,0,1,0
586,0.3658536585365854,9,0.0,1,1,0,0.0348205253601719,1,1,0,0,0,1
608,0.4634146341463415,2,0.5199761385190299,1,1,0,0.10978833478597205,1,0,0,1,0,1
731,0.4634146341463415,8,0.0,2,1,1,0.8517151888005304,2,1,0,0,0,1
608,0.39024390243902446,7,0.3453837771343736,1,0,1,0.2994221448148298,1,0,0,1,0,1
444,0.39024390243902446,2,0.5752095203275561,1,1,0,0.5633361986069669,0,1,0,0,0,1
524,0.26829268292682934,9,0.5750844894833597,2,1,0,0.16027390615803808,0,0,1,0,0,1
565,0.9756097560975612,3,0.43399389768172414,3,0,1,0.6793845312227318,0,0,1,0,1,0
610,0.3658536585365854,4,0.44473080683874483,1,0,0,0.569712357530144,1,1,0,0,0,1
633,0.4146341463414634,3,0.0,2,1,1,0.18120820538361412,1,1,0,0,0,1
698,0.21951219512195125,6,0.49991361034274917,2,0,0,0.13822750072631934,2,0,0,1,0,1
548,0.9512195121951221,6,0.3035720598749875,1,1,1,0.6676935147306567,0,1,0,0,0,1
558,0.34146341463414637,10,0.41849752622668435,1,1,0,0.950130887499756,0,1,0,0,0,1
599,0.6829268292682928,9,0.49201139793451604,1,1,1,0.15679747415878215,1,0,1,0,0,1
628,0.6097560975609757,3,0.7370586599523337,1,1,0,0.6146886527663392,1,0,0,1,0,1
762,0.853658536585366,1,0.40861359287350496,1,1,1,0.851000370535386,3,1,0,0,0,1
577,0.2439024390243903,7,0.0,1,1,0,0.716382564534913,0,0,0,1,0,1
606,0.5609756097560976,4,0.5287825427447456,1,1,0,0.7823986190681209,1,0,1,0,1,0
779,0.1951219512195122,0,0.0,2,0,1,0.5595255346885627,3,1,0,0,1,0
718,0.6341463414634148,1,0.5335481828498575,1,0,1,0.6952546968235466,2,1,0,0,1,0
655,0.21951219512195125,2,0.5248797629348234,1,1,0,0.24736902374176734,1,1,0,0,0,1
598,0.5365853658536586,9,0.0,1,1,0,0.3422877384790247,1,1,0,0,1,0
635,0.5365853658536586,10,0.4922220810847943,1,1,0,0.6597712581551538,1,1,0,0,1,0
606,0.5853658536585367,10,0.0,2,1,0,0.8897196682283157,1,0,0,1,0,1
689,0.5100518941359626,5,0.3799494846692536,1,1,0,0.030593071638341456,2,0,0,1,1,0
592,0.2439024390243903,5,0.5469263237516077,1,0,0,0.19800390937334514,1,1,0,0,0,1
711,0.4146341463414634,8,0.0,1,1,1,0.3375143826235405,2,1,0,0,1,0
578,0.6585365853658538,1,0.5922759714910545,1,1,0,0.7169962731440853,0,1,0,0,0,1
661,0.3170731707317073,3,0.5423230603309894,2,1,0,0.32781295613731115,1,1,0,0,1,0
608,0.5853658536585367,5,0.0,2,1,0,0.8925487884092931,1,1,0,0,0,1
562,0.3170731707317073,2,0.4492190434769751,1,0,1,0.9318825947878021,0,0,1,0,0,1
653,0.4634146341463415,7,0.5414448153032971,1,1,0,0.7244153316641738,1,1,0,0,0,1
660,0.34146341463414637,0,0.4570337303085887,1,1,0,0.42300749721598413,1,1,0,0,1,0
405,0.3170731707317073,5,0.5312900947153485,2,1,1,0.36472763148880716,0,0,1,0,0,1
583,0.5365853658536586,3,0.2169341743494341,1,1,0,0.5481883519876147,1,0,0,1,1,0
516,0.5365853658536586,9,0.0,2,0,1,0.16628943064062618,0,1,0,0,1,0
673,0.4634146341463415,2,0.0,1,1,1,0.06806870056090356,2,1,0,0,0,1
632,0.3170731707317073,3,0.5442705442675949,1,1,0,0.4107454761929764,1,0,0,1,0,1
614,0.7804878048780488,4,0.5464548175715488,1,1,0,0.6358352722685017,1,1,0,0,0,1
624,0.43902439024390244,6,0.0,2,0,0,0.4231607118479815,1,1,0,0,0,1
751,0.7804878048780488,2,0.3861663115889005,1,1,0,0.38601021397543467,3,0,1,0,0,1
848,0.5365853658536586,5,0.5918563987473959,1,0,0,0.7942878544901038,4,0,1,0,1,0
670,0.3658536585365854,8,0.5049049596192622,1,1,1,0.1972163841646877,1,1,0,0,0,1
511,0.3170731707317073,5,0.5476777045213856,1,0,1,0.8092942876044662,0,1,0,0,1,0
789,0.4634146341463415,6,0.4411714333895488,1,1,1,0.3555812580101399,3,0,1,0,1,0
537,0.48780487804878053,1,0.3863682660956088,1,1,1,0.5130256939537725,0,0,0,1,1,0
530,0.7317073170731709,0,0.0,1,1,0,0.42538817457067146,0,1,0,0,1,0
694,0.9756097560975612,1,0.5707983667791174,1,0,0,0.5131339042878594,2,0,1,0,1,0
580,0.4146341463414634,8,0.0,2,0,1,0.051732190424185504,0,1,0,0,1,0
803,0.43902439024390244,1,0.0,2,1,1,0.7468680759012485,4,1,0,0,0,1
548,0.43902439024390244,3,0.0,1,1,0,0.32995811099960043,0,1,0,0,1,0
612,0.14634146341463422,1,0.7282042282585731,1,1,1,0.859209454502905,1,1,0,0,0,1
605,0.3170731707317073,1,0.47028094155678907,1,1,1,0.9180236212558298,1,0,1,0,1,0
736,0.1951219512195122,4,0.5416108588152266,1,1,1,0.8284813699708321,2,0,0,1,1,0
782,0.3658536585365854,7,0.7633501315215274,1,1,1,0.8353156226419622,3,1,0,0,0,1
765,0.34146341463414637,9,0.7098322271006527,1,0,0,0.23620245733467543,3,0,0,1,1,0
620,0.4634146341463415,0,0.4286558737852489,1,1,0,0.3558557842273937,1,1,0,0,0,1
649,0.43902439024390244,8,0.0,2,0,1,0.5458936828467118,1,1,0,0,1,0
842,0.9756097560975612,1,0.253062667794721,1,1,1,0.41584276298386497,4,1,0,0,0,1
553,0.5609756097560976,6,0.5778224537301181,1,1,1,0.09667593255155865,0,0,0,1,0,1
601,0.5100518941359626,4,0.23919596199397136,1,1,1,0.19006050077782427,1,1,0,0,0,1
648,0.12195121951219517,9,0.671079321488657,1,1,0,0.6733900087458352,1,1,0,0,0,1
688,0.5100518941359626,6,0.49086842390868746,1,1,0,0.8626806360007381,2,1,0,0,1,0
657,0.7317073170731709,5,0.5723274736766629,1,0,0,0.5065637268359128,1,0,1,0,1,0
622,0.48780487804878053,5,0.0,2,0,0,0.5264712280022742,1,1,0,0,0,1
603,0.6829268292682928,2,0.0,2,1,1,0.2977879887529259,1,1,0,0,0,1
644,0.5365853658536586,10,0.5547310862350527,1,1,1,0.0997499761227197,1,1,0,0,1,0
631,0.8048780487804879,8,0.4011780241132964,1,1,0,0.8579635355176418,1,1,0,0,0,1
776,0.26829268292682934,5,0.0,2,1,1,0.716517977466848,3,1,0,0,1,0
633,0.2926829268292683,6,0.0,2,0,0,0.20817343056261872,1,1,0,0,1,0
741,0.07317073170731708,9,0.0,2,0,1,0.6963062972513875,3,1,0,0,1,0
850,0.4634146341463415,9,0.48827147309092717,1,0,1,0.9985066573857803,4,0,1,0,0,1
598,0.5100518941359626,3,0.5992407913507831,1,1,1,0.8689452842746482,1,0,1,0,0,1
713,0.4634146341463415,8,0.0,1,1,1,0.08196697784638432,2,1,0,0,1,0
760,0.48780487804878053,3,0.3636609987744427,1,0,1,0.4033923739717143,3,0,0,1,0,1
529,0.2439024390243903,9,0.0,2,1,1,0.26269338721847935,0,1,0,0,0,1
687,0.4146341463414634,3,0.39692382672183757,1,1,1,0.00850841255339885,2,1,0,0,1,0
547,0.48780487804878053,5,0.6677610419433644,1,0,1,0.7960548232356189,0,1,0,0,1,0
507,0.5609756097560976,3,0.23443909038924932,2,1,1,0.692688701771019,0,1,0,0,0,1
485,0.2926829268292683,5,0.6248420623688288,1,1,1,0.7057505491774464,0,0,1,0,1,0
637,0.5121951219512195,9,0.5494015518412276,1,1,1,0.5881122647212809,1,0,1,0,1,0
779,0.34146341463414637,10,0.3217567339791228,1,1,0,0.43151705987921846,3,1,0,0,0,1
652,0.39024390243902446,6,0.388348313054117,2,1,1,0.5216507176435349,1,1,0,0,1,0
757,0.3170731707317073,1,0.5074584665032724,3,1,0,0.8158716157393031,3,0,1,0,0,1
635,0.3658536585365854,5,0.0,2,1,0,0.6147493585637428,1,1,0,0,1,0
626,0.4634146341463415,2,0.5339576718180676,2,1,0,0.7434613505589783,1,1,0,0,1,0
649,0.4634146341463415,8,0.457306231386616,1,1,1,0.5332724275168279,1,0,1,0,1,0
583,0.48780487804878053,8,0.0,1,1,0,0.2392077443395844,1,1,0,0,0,1
614,0.4634146341463415,9,0.0,2,1,1,0.3100872133288729,1,0,0,1,1,0
635,0.6829268292682928,8,0.0,2,1,1,0.3036669001889681,1,0,0,1,0,1
637,0.6097560975609757,1,0.5406389901174617,2,0,1,0.5069048094092986,1,0,1,0,0,1
539,0.5121951219512195,6,0.24732065517118926,1,0,1,0.2987463302745412,0,0,0,1,1,0
721,0.5100518941359626,5,0.0,2,0,1,0.5881327666792178,2,0,0,1,0,1
788,0.4634146341463415,8,0.564138411735219,1,0,0,0.330039968817022,3,0,0,1,0,1
789,0.6097560975609757,9,0.464907046522355,2,1,1,0.30085133130213937,3,0,1,0,1,0
505,0.7560975609756098,7,0.3188594620230071,1,0,0,0.6759071991375175,0,1,0,0,0,1
850,0.5853658536585367,8,0.47764289477054217,1,0,1,0.25504655694618833,4,0,1,0,0,1
742,0.5121951219512195,8,0.5580152483424645,1,1,1,0.46491539942064464,3,1,0,0,0,1
792,1.0,9,0.40498423084846924,1,0,0,0.807415158147603,3,0,1,0,1,0
633,0.4634146341463415,9,0.6221329544597172,1,1,0,0.3600195318652931,1,1,0,0,1,0
617,0.5100518941359626,1,0.0,1,1,0,0.7165008258288666,1,0,0,1,1,0
835,0.34146341463414637,8,0.4981835055021742,2,1,1,0.13769554992501784,4,1,0,0,0,1
691,0.2926829268292683,7,0.40347764305419787,2,0,0,0.7826640444162417,2,0,1,0,0,1
655,0.5365853658536586,0,0.32664497366241413,1,1,1,0.994029229791445,1,0,1,0,1,0
756,0.5365853658536586,1,0.37773547817761394,1,1,0,0.5713948182051386,3,1,0,0,0,1
692,0.6097560975609757,10,0.47265736458974245,1,1,1,0.8062273447114199,2,0,1,0,1,0
585,0.6341463414634148,4,0.0,2,0,1,0.5086329744490599,1,0,0,1,1,0
604,0.5100518941359626,1,0.3360528571580597,1,0,0,0.1810048859666098,1,1,0,0,0,1
467,0.9512195121951221,1,0.0,2,1,1,0.5722405989772024,0,1,0,0,0,1
573,0.5609756097560976,5,0.0,2,0,1,0.07234545899133367,0,0,0,1,0,1
584,0.1951219512195122,0,0.5830503532330598,1,1,0,0.52551903706804,1,1,0,0,1,0
799,0.48780487804878053,2,0.0,2,1,1,0.29645711165416294,3,0,0,1,0,1
625,0.3170731707317073,8,0.0,2,1,0,0.7592323066852884,1,0,0,1,1,0
720,0.39024390243902446,3,0.4715363516717087,2,1,1,0.6806085481163451,2,1,0,0,1,0
651,0.3170731707317073,7,0.5500562399657966,2,1,0,0.649567833728121,1,0,1,0,0,1
650,0.3658536585365854,0,0.39085578531107995,1,1,0,0.2620270735855274,1,1,0,0,0,1
577,0.5121951219512195,4,0.0,2,1,0,0.45681782610239274,0,0,0,1,1,0
524,0.6341463414634148,10,0.472578448086233,2,0,0,0.4105673091780265,0,1,0,0,0,1
697,0.5365853658536586,7,0.5194712721806691,2,0,1,0.5847534439538976,2,0,0,1,1,0
672,0.39024390243902446,6,0.0,1,0,0,0.11363325197556366,2,1,0,0,0,1
528,0.5100518941359626,6,0.4136039855863391,1,1,0,0.9855961744346584,0,1,0,0,0,1
686,0.5609756097560976,10,0.0,1,1,0,0.665437899319385,2,1,0,0,1,0
612,0.6341463414634148,2,0.45900461019850736,1,1,1,0.4883763399404643,1,0,1,0,0,1
683,0.5100518941359626,5,0.5777723138506157,1,0,1,0.13393854113067796,2,0,1,0,0,1
628,0.09756097560975613,3,0.0,1,1,0,0.4271142894146391,1,0,0,1,1,0
766,0.4634146341463415,2,0.39721358580290517,2,0,1,0.7385165283284553,3,0,1,0,0,1
632,0.5853658536585367,4,0.5026566762624619,1,1,0,0.5049828258598696,1,1,0,0,0,1
568,0.2926829268292683,8,0.2911714871962557,2,1,1,0.13501499393192049,0,1,0,0,0,1
673,0.6097560975609757,8,0.5067115496973293,1,0,1,0.02999131417050328,2,0,0,1,0,1
664,0.5121951219512195,7,0.24019007079727075,1,1,0,0.8542002761263701,1,0,1,0,0,1
632,0.5365853658536586,3,0.4373912133009861,1,1,0,0.7094935566346585,1,0,0,1,1,0
579,1.0,3,0.5899651129269259,1,1,1,0.37436895223493843,0,0,0,1,1,0
660,0.12195121951219517,6,0.6619041221079046,2,0,0,0.4524589098258884,1,0,1,0,1,0
600,0.4634146341463415,4,0.0,3,1,0,0.03650683640287647,1,1,0,0,1,0
619,0.26829268292682934,5,0.0,2,1,0,0.9715853864044016,1,1,0,0,0,1
758,0.5100518941359626,1,0.0,2,1,1,0.05316407716936966,3,0,0,1,0,1
606,0.12195121951219517,10,0.280662917760753,1,0,1,0.4544657014744908,1,0,0,1,1,0
588,0.34146341463414637,3,0.4348750921140931,1,0,1,0.024914179304123537,1,0,0,1,0,1
625,0.5853658536585367,6,0.39875684187153443,1,1,0,0.4671364615320763,1,0,1,0,0,1
693,0.6585365853658538,4,0.0,2,1,1,0.13290259219755485,2,0,0,1,1,0
795,0.3658536585365854,9,0.41671389367691086,1,1,1,0.604268957685459,3,0,1,0,1,0
850,0.4146341463414634,3,0.6474435496898363,1,1,0,0.917863655979146,4,1,0,0,0,1
574,0.1951219512195122,8,0.3884449658425061,1,1,1,0.21543102366275976,0,1,0,0,0,1
850,0.48780487804878053,5,0.5849254571846283,1,1,0,0.3913225213007842,4,0,1,0,0,1
608,0.5609756097560976,3,0.35777012092838173,1,0,0,0.9965609715727851,1,0,0,1,1,0
730,0.3658536585365854,9,0.0,2,0,0,0.8829095178589554,2,0,0,1,1,0
745,0.39024390243902446,9,0.0,2,1,0,0.25019724383678643,3,0,0,1,0,1
673,0.26829268292682934,4,0.39497056354633875,1,1,1,0.04893022283628086,2,0,1,0,1,0
678,0.48780487804878053,3,0.0,2,1,0,0.33278188066960396,2,1,0,0,0,1
659,0.48780487804878053,9,0.0,2,1,1,0.1784644433543403,1,0,0,1,1,0
608,0.2439024390243903,9,0.0,2,1,1,0.625311917288101,1,1,0,0,1,0
833,0.39024390243902446,3,0.5769346829224568,1,0,0,0.83238564282889,4,1,0,0,1,0
655,0.4634146341463415,4,0.4338923425044806,1,1,0,0.39775548564887947,1,0,1,0,1,0
648,0.34146341463414637,8,0.626306043222569,3,1,0,0.9550057030446407,1,0,1,0,1,0
727,0.7560975609756098,7,0.383808342263586,1,1,0,0.9523223967888933,2,0,0,1,1,0
774,0.7560975609756098,1,0.5690254158570918,1,1,1,0.04101806722542002,3,1,0,0,0,1
593,0.34146341463414637,10,0.6318797404954339,1,1,0,0.8342746232265181,1,0,0,1,0,1
635,0.26829268292682934,2,0.0,2,0,0,0.585867050303304,1,0,0,1,0,1
704,0.14634146341463422,10,0.4866907516115408,1,1,1,0.6382749052534517,2,0,0,1,0,1
674,0.6585365853658538,6,0.28894078069705514,1,0,1,0.700217870806662,2,1,0,0,1,0
790,0.5609756097560976,2,0.5046641447130985,1,1,0,0.9911586556516147,3,1,0,0,1,0
742,0.26829268292682934,4,0.0,2,1,1,0.9003610344787927,3,1,0,0,1,0
547,0.17073170731707316,4,0.39116108855192966,2,1,1,0.261516074785142,0,0,1,0,0,1
671,0.48780487804878053,6,0.5266270460647987,1,0,1,0.38032317086281736,2,1,0,0,1,0
848,0.3170731707317073,4,0.3587849154212374,2,1,0,0.9656992242759184,4,0,1,0,0,1
584,0.4146341463414634,6,0.6441417708680047,2,1,1,0.7412036849519129,1,1,0,0,0,1
645,0.26829268292682934,4,0.0,2,1,1,0.37170814812814623,1,0,0,1,1,0
850,0.4146341463414634,9,0.0,2,0,0,0.12660159045188815,4,1,0,0,1,0
705,0.48780487804878053,3,0.4938037989846794,1,1,0,0.10583770750106633,2,1,0,0,1,0
564,0.6341463414634148,3,0.44544141408170945,3,1,1,0.5236044542253785,0,0,1,0,1,0
587,0.48780487804878053,0,0.5265979505862322,2,0,0,0.1586088471449023,1,0,1,0,1,0
647,0.4146341463414634,3,0.6636903054941551,2,1,0,0.7396650380111299,1,0,1,0,1,0
681,0.9756097560975612,8,0.37136145596006737,1,1,1,0.6988150868407933,2,1,0,0,1,0
517,0.5609756097560976,2,0.0,2,0,1,0.3796657080751212,0,1,0,0,0,1
592,0.5609756097560976,0,0.0,2,1,0,0.3295039176241331,1,0,0,1,0,1
793,0.5609756097560976,9,0.0,2,1,0,0.7607834548199353,3,0,0,1,0,1
698,0.21951219512195125,7,0.0,2,1,0,0.5573530772188744,2,1,0,0,0,1
573,0.2926829268292683,6,0.0,2,1,0,0.3309247533139415,0,1,0,0,1,0
675,0.43902439024390244,7,0.35635962792702014,1,1,1,0.7470119396402356,2,0,1,0,0,1
703,0.5853658536585367,7,0.0,2,0,1,0.3624801168511592,2,1,0,0,1,0
574,0.6097560975609757,3,0.5633738782148561,1,1,1,0.5009270885369552,0,0,1,0,1,0
633,0.4634146341463415,7,0.5641587387133956,1,1,1,0.6241522565404996,1,1,0,0,0,1
544,0.12195121951219517,1,0.3845035249172284,1,1,0,0.17771392167952038,0,1,0,0,0,1
670,0.7804878048780488,8,0.5513794863882783,1,0,1,0.015739353108221832,1,1,0,0,1,0
430,0.7560975609756098,3,0.5464974245120798,1,1,0,0.7325963629526618,0,0,1,0,0,1
637,0.7560975609756098,2,0.43126880718781085,1,1,0,0.8452120177476948,1,0,1,0,0,1
556,0.8292682926829269,9,0.0,1,1,0,0.8757717362008072,0,1,0,0,1,0
682,0.2926829268292683,4,0.0,1,0,1,0.80734575151927,2,1,0,0,0,1
541,0.26829268292682934,7,0.50819266898365,1,0,0,0.43085284644683564,0,1,0,0,0,1
654,0.34146341463414637,1,0.45640383312603144,1,1,1,0.6307184836151852,1,0,1,0,1,0
557,0.3658536585365854,3,0.2172338179218503,1,1,1,0.001797521663318847,0,1,0,0,0,1
724,0.3170731707317073,9,0.5506869342847528,1,1,0,0.06455041456459092,2,0,1,0,0,1
641,0.3170731707317073,10,0.6216793838486376,1,1,0,0.45753934500744825,1,1,0,0,0,1
567,0.5365853658536586,2,0.4193848586093262,2,1,0,0.46896618627078884,0,0,1,0,1,0
610,0.5365853658536586,0,0.0,2,1,0,0.31113481337467724,1,1,0,0,0,1
726,0.48780487804878053,5,0.5056858742926262,1,1,0,0.640264695278399,2,1,0,0,1,0
618,0.5365853658536586,0,0.5592166126095262,1,1,0,0.8031118471814057,1,0,1,0,1,0
565,0.39024390243902446,7,0.0,1,0,0,0.3729469164305191,0,1,0,0,0,1
700,0.6097560975609757,0,0.0,2,1,0,0.2973472466620562,2,0,0,1,1,0
630,0.07317073170731708,1,0.3420439749063056,1,1,1,0.6655171568884828,1,0,0,1,1,0
647,0.8048780487804879,1,0.47725261678954994,2,0,0,0.2747408877547806,1,0,1,0,1,0
757,0.3658536585365854,5,0.30790676804275396,1,0,1,0.9712330027517627,3,0,0,1,0,1
430,0.5100518941359626,1,0.5539798250357347,2,0,0,0.6118676333589858,0,0,1,0,0,1
549,0.5609756097560976,9,0.3787226917510612,3,1,1,0.658557942283488,0,0,1,0,0,1
639,0.7804878048780488,6,0.4596899083608011,2,1,1,0.2656195166638414,1,1,0,0,1,0
537,0.853658536585366,3,0.0,1,1,1,0.4570188452997261,0,1,0,0,1,0
665,0.6585365853658538,5,0.6195648998364237,2,1,0,0.25932661569179855,1,0,1,0,1,0
489,0.5100518941359626,8,0.41408995979204155,2,1,1,0.5381207905354961,0,1,0,0,1,0
850,0.43902439024390244,6,0.5725199422602222,1,1,0,0.11046389930238336,4,0,1,0,1,0
766,0.2439024390243903,3,0.24997336568006556,2,1,1,0.06586053968153958,3,0,1,0,1,0
509,0.902439024390244,8,0.527656109299198,2,1,1,0.8518239991919228,0,1,0,0,0,1
768,0.26829268292682934,2,0.38256445076963325,2,1,1,0.3684110332536757,3,1,0,0,0,1
647,0.3658536585365854,7,0.4833045560450461,2,1,0,0.3860613688607262,1,0,0,1,0,1
457,0.48780487804878053,6,0.0,2,1,0,0.8661202644852583,0,0,0,1,1,0
637,0.39024390243902446,9,0.0,2,0,0,0.1302399379140708,1,0,0,1,1,0
583,0.48780487804878053,10,0.0,2,0,1,0.567984542523811,1,1,0,0,1,0
584,0.48780487804878053,3,0.0,2,1,1,0.022571255554905488,1,0,0,1,1,0
618,0.6341463414634148,5,0.6295617077037136,2,0,0,0.6964971654793032,1,0,1,0,0,1
606,0.853658536585366,1,0.43575485170094364,1,1,1,0.3792783710844385,1,0,0,1,1,0
764,0.2439024390243903,10,0.49431695554159066,1,1,0,0.8309628569528389,3,0,1,0,0,1
708,0.48780487804878053,8,0.3971369012813131,1,1,0,0.06209412998941398,2,0,0,1,0,1
655,0.7073170731707319,10,0.0,2,1,0,0.8389153164127173,1,1,0,0,1,0
724,0.5609756097560976,5,0.4376209081543826,1,0,1,0.7479815822411039,2,1,0,0,1,0
573,0.7073170731707319,4,0.6079060625770408,1,0,1,0.8202107801295023,0,0,1,0,1,0
627,0.34146341463414637,1,0.0,1,1,0,0.5342516210298083,1,1,0,0,1,0
613,0.39024390243902446,5,0.5743136585854441,1,1,0,0.22251465014908922,1,1,0,0,0,1
565,0.5365853658536586,2,0.0,2,1,1,0.6497848044488248,0,1,0,0,1,0
637,0.21951219512195125,7,0.5414265608797582,1,1,1,0.5070807762141284,1,0,1,0,1,0
650,0.4146341463414634,3,0.6615531828082072,2,1,1,0.1223645858179456,1,0,1,0,1,0
661,0.5100518941359626,7,0.5699792294154173,1,1,1,0.07820401848376518,1,0,0,1,0,1
599,0.4634146341463415,2,0.0,2,1,1,0.7187071865363142,1,0,0,1,1,0
715,0.34146341463414637,8,0.6987192289905436,1,1,0,0.9352875699629315,2,1,0,0,0,1
443,0.878048780487805,3,0.5522081495319475,1,1,1,0.35095676637118844,0,1,0,0,1,0
659,0.7560975609756098,1,0.0,1,1,0,0.5812462090129608,1,1,0,0,1,0
650,0.12195121951219517,5,0.0,1,1,1,0.903140499917742,1,0,0,1,1,0
492,0.4146341463414634,8,0.4825205723965456,1,0,0,0.42709028712242014,0,1,0,0,0,1
850,0.3170731707317073,8,0.0,2,1,0,0.8933659164450205,4,1,0,0,0,1
724,0.853658536585366,1,0.5567505914453156,2,1,1,0.06451786145576902,2,0,1,0,1,0
614,0.5121951219512195,8,0.5021848512278432,1,1,1,0.6402499438696395,1,0,1,0,1,0
690,0.5365853658536586,9,0.3094562816321161,1,0,0,0.945290325226059,2,1,0,0,1,0
601,0.48780487804878053,0,0.0,2,1,0,0.8260042334042901,1,1,0,0,1,0
690,0.1951219512195122,8,0.4636074750509261,1,1,1,0.4162471015982026,2,0,0,1,0,1
668,0.17073170731707316,8,0.0,2,1,1,0.6755670666548654,1,0,0,1,0,1
637,0.5609756097560976,9,0.0,2,1,0,0.7273983665440048,1,1,0,0,1,0
468,0.5853658536585367,5,0.0,2,1,0,0.6265286334844977,0,1,0,0,1,0
805,0.7804878048780488,9,0.5182318446505513,1,1,0,0.31492127498176076,4,0,1,0,0,1
673,0.4634146341463415,0,0.0,2,0,0,0.4117367208568418,2,0,0,1,1,0
521,0.5100518941359626,2,0.0,2,1,1,0.4318445411536802,0,1,0,0,0,1
510,0.48780487804878053,4,0.0,1,1,0,0.5945665311037204,0,0,0,1,1,0
699,0.34146341463414637,4,0.4406548491461215,1,1,1,0.637150747896424,2,1,0,0,1,0
496,0.5609756097560976,1,0.7015758868471259,2,1,0,0.9117190691711058,0,1,0,0,1,0
670,0.5100518941359626,2,0.3806610086190772,1,1,1,0.3160388317084281,1,1,0,0,1,0
743,0.7317073170731709,5,0.47113826175400547,2,0,0,0.932476851539322,3,0,0,1,1,0
611,0.6097560975609757,9,0.5070437562916482,2,0,1,0.08951689886384148,1,0,1,0,1,0
675,0.43902439024390244,9,0.4232417632194809,1,0,1,0.11492467530649175,2,0,0,1,0,1
627,0.21951219512195125,0,0.7384171398036551,2,1,1,0.3851155785377503,1,0,1,0,0,1
657,0.43902439024390244,8,0.0,2,0,1,0.6193333963393504,1,0,0,1,0,1
726,0.39024390243902446,3,0.0,2,1,0,0.9814781311615258,2,1,0,0,0,1
556,0.4146341463414634,10,0.0,2,1,1,0.963790041949006,0,1,0,0,0,1
766,0.43902439024390244,5,0.31240225862221593,1,0,1,0.7691735560746051,3,0,0,1,0,1
593,0.1951219512195122,9,0.3038161828972074,1,1,0,0.837846214313467,1,0,0,1,0,1
574,0.39024390243902446,7,0.6097810868149695,1,1,1,0.6734624156606956,0,1,0,0,1,0
684,0.6341463414634148,2,0.5331920223067461,2,0,1,0.2492911073007472,2,0,1,0,1,0
488,0.09756097560975613,6,0.0,2,1,1,0.33194325058043045,0,1,0,0,1,0
658,0.902439024390244,8,0.4756031821525625,1,0,1,0.5971974323547898,1,0,1,0,1,0
655,0.39024390243902446,7,0.47042346954494557,1,1,0,0.25609815737402924,1,0,1,0,0,1
522,0.4634146341463415,3,0.3787297464081931,1,1,1,0.6455416992322767,0,0,1,0,1,0
850,0.4146341463414634,5,0.0,1,1,1,0.40494477222574754,4,1,0,0,1,0
523,0.34146341463414637,4,0.0,2,1,0,0.8392623495543823,0,0,0,1,0,1
764,0.5365853658536586,9,0.40048343931195335,1,1,0,0.6204798058214559,3,1,0,0,1,0
699,0.5121951219512195,9,0.0,1,1,0,0.40480035843423046,2,1,0,0,0,1
415,0.6829268292682928,9,0.5378685425624404,3,0,0,0.8929641780790064,0,1,0,0,0,1
622,0.8292682926829269,9,0.4462926361854728,1,1,1,0.813801268021096,1,0,1,0,1,0
850,0.3170731707317073,4,0.0,2,1,1,0.16537194302055844,4,1,0,0,1,0
729,0.6585365853658538,7,0.36305999778635223,2,1,0,0.35564166377889084,2,0,0,1,1,0
498,0.39024390243902446,2,0.0,2,1,1,0.7426542234783421,0,1,0,0,0,1
779,0.7317073170731709,2,0.4595103533869071,1,0,0,0.49455277979046997,3,1,0,0,1,0
663,0.43902439024390244,10,0.0,2,1,0,0.6817549575984505,1,1,0,0,0,1
702,0.6585365853658538,0,0.3220175171520836,1,1,1,0.13732926494480222,2,1,0,0,0,1
578,0.2439024390243903,4,0.0,2,0,0,0.03468086202232313,0,0,0,1,0,1
641,0.5365853658536586,2,0.43877053826914353,1,1,0,0.7988840934309227,1,0,1,0,1,0
645,1.0,8,0.48493764938585227,2,0,0,0.00040088828483120134,1,0,1,0,1,0
740,0.9512195121951221,3,0.45192197357899383,2,1,1,0.32558134301825825,2,0,1,0,1,0
677,0.17073170731707316,8,0.521591017293117,1,1,0,0.21201339727944016,2,0,0,1,1,0
850,0.14634146341463422,6,0.0,2,1,1,0.06574787892243708,4,1,0,0,1,0
648,0.34146341463414637,0,0.0,1,0,1,0.5866146717011474,1,1,0,0,0,1
632,0.26829268292682934,7,0.3225323476954329,1,1,0,0.03904972924914329,1,0,0,1,1,0
588,0.48780487804878053,1,0.49530572353101615,1,1,0,0.3798243232228678,1,1,0,0,0,1
617,0.14634146341463422,4,0.5472149668417166,2,1,1,0.4559612442988305,1,1,0,0,1,0
645,0.48780487804878053,5,0.40426892050075,2,0,1,0.02194579582350114,1,1,0,0,1,0
531,0.5100518941359626,1,0.5715758537659654,2,0,1,0.4219947004938972,0,0,0,1,0,1
583,0.21951219512195125,4,0.0,3,1,0,0.8155870385621826,1,1,0,0,1,0
669,0.48780487804878053,9,0.48569114256708773,1,1,0,0.6537812361080483,1,1,0,0,1,0
747,0.5365853658536586,3,0.0,1,0,0,0.28905890512543947,3,1,0,0,1,0
567,0.4146341463414634,5,0.6620953152732252,2,1,0,0.6391390377781078,0,1,0,0,1,0
620,0.34146341463414637,6,0.0,2,1,0,0.2806643534457541,1,1,0,0,0,1
732,0.5100518941359626,9,0.0,1,0,0,0.018688884788497298,2,1,0,0,1,0
681,0.34146341463414637,3,0.5934061514776777,2,1,1,0.45482238553781884,2,1,0,0,0,1
655,0.4634146341463415,5,0.3712543208280303,2,1,0,0.3310443647368324,1,1,0,0,0,1
686,0.34146341463414637,6,0.0,2,1,1,0.8954939196693285,2,1,0,0,0,1
597,0.3658536585365854,6,0.5408713553777951,2,0,0,0.37423203915973974,1,1,0,0,1,0
530,0.5121951219512195,2,0.0,2,1,0,0.9896518617527973,0,1,0,0,0,1
590,0.2926829268292683,3,0.0,2,1,0,0.4154335239015326,1,0,0,1,0,1
597,0.6341463414634148,8,0.3113938810773729,2,0,1,0.5457594200246123,1,1,0,0,0,1
833,0.4634146341463415,8,0.6027394628631888,2,1,1,0.6806545525097646,4,1,0,0,0,1
737,0.6097560975609757,8,0.3840356058509653,1,0,0,0.050995970115145985,2,0,1,0,0,1
814,0.26829268292682934,1,0.5259847534112357,2,1,1,0.7384822250524925,4,0,1,0,0,1
679,0.7073170731707319,10,0.7913416160322305,2,1,0,0.9560280006740643,2,1,0,0,0,1
726,0.3170731707317073,9,0.0,2,1,1,0.5305792703203156,2,1,0,0,0,1
684,0.6097560975609757,7,0.0,2,1,0,0.6554746478288676,2,1,0,0,1,0
788,0.3658536585365854,5,0.0,2,0,0,0.584888906890608,3,1,0,0,1,0
540,0.17073170731707316,5,0.4629777372956486,1,1,0,0.0670068491540942,0,1,0,0,0,1
692,0.5100518941359626,9,0.0,1,1,0,0.5675259487281035,2,1,0,0,0,1
702,0.1951219512195122,2,0.28410455416380415,1,1,1,0.5437296261793001,2,1,0,0,0,1
631,0.4146341463414634,9,0.44796056438691906,2,1,0,0.12231493107591773,1,1,0,0,0,1
579,0.43902439024390244,9,0.5174594593366574,1,1,1,0.30450177991998234,0,1,0,0,0,1
722,0.7317073170731709,10,0.5512666915878077,1,1,1,0.017306902809218278,2,0,1,0,1,0
645,0.902439024390244,7,0.0,2,1,1,0.0917975166628413,1,1,0,0,1,0
614,0.5121951219512195,6,0.0,2,1,1,0.8201153210131568,1,0,0,1,1,0
757,0.43902439024390244,7,0.5773342475424983,1,0,0,0.6543143370191853,3,1,0,0,0,1
834,0.9512195121951221,8,0.447518751537726,3,1,0,0.7011347583694243,4,0,1,0,1,0
766,0.7073170731707319,9,0.5153087454751051,1,1,0,0.8497005464021813,3,0,1,0,0,1
681,0.0,1,0.39416158967172693,1,1,1,0.04792867718867151,2,1,0,0,1,0
651,0.4634146341463415,10,0.46947770706425074,2,1,1,0.3791662103730906,1,0,1,0,1,0
564,0.3658536585365854,3,0.43580192260530964,1,1,0,0.37814211257175057,0,0,1,0,0,1
685,0.12195121951219517,8,0.0,2,1,1,0.5611908437255757,2,1,0,0,0,1
557,0.34146341463414637,6,0.7361012991370322,2,1,0,0.07473143685221938,0,1,0,0,1,0
725,0.43902439024390244,1,0.4737024901225833,1,1,1,0.513726260857912,2,1,0,0,1,0
773,0.3658536585365854,10,0.0,1,1,1,0.4940897355697469,3,0,0,1,1,0
586,0.5853658536585367,6,0.5050038045327488,2,1,0,0.2083734996692184,1,0,1,0,0,1
716,0.26829268292682934,8,0.0,2,0,0,0.3930642376346941,2,0,0,1,1,0
748,0.5365853658536586,3,0.3798239755432176,1,0,0,0.8576032011057055,3,1,0,0,0,1
595,0.6829268292682928,10,0.0,1,1,0,0.367422938890664,1,1,0,0,0,1
538,0.34146341463414637,2,0.0,1,1,1,0.40063306045727365,0,1,0,0,1,0
777,0.34146341463414637,2,0.0,1,1,0,0.6822982094790052,3,1,0,0,1,0
564,0.4146341463414634,9,0.0,2,1,1,0.5291795366457497,0,0,0,1,1,0
670,0.04878048780487804,4,0.0,2,1,0,0.5987954849688145,1,0,0,1,1,0
502,0.4634146341463415,10,0.0,1,1,1,0.3831920948450577,0,1,0,0,0,1
792,0.43902439024390244,5,0.46124400548445793,2,0,0,0.009299238077236377,3,0,1,0,0,1
537,0.5853658536585367,1,0.7595483488933695,1,0,1,0.6357768166859935,0,0,0,1,0,1
603,0.34146341463414637,7,0.0,1,1,0,0.9903163752138329,1,1,0,0,0,1
611,0.26829268292682934,4,0.3144140316094077,2,1,1,0.13459340367005046,1,0,1,0,1,0
735,0.902439024390244,6,0.5346420931303224,1,1,0,0.011282577486149928,2,1,0,0,0,1
727,0.3170731707317073,10,0.38659955522180345,2,0,0,0.3830488811681515,2,0,0,1,1,0
753,0.7804878048780488,4,0.0,2,1,1,0.004249505827806555,3,1,0,0,1,0
530,0.902439024390244,4,0.48188900122755024,1,0,1,0.6173804598339141,0,1,0,0,1,0
624,0.6829268292682928,3,0.0,2,1,1,0.3140972462870204,1,0,0,1,0,1
566,0.34146341463414637,10,0.5879329731047376,1,1,1,0.7994735997287741,0,0,0,1,0,1
850,0.5609756097560976,1,0.7053001479604728,2,0,1,0.6290336727157443,4,0,1,0,0,1
707,0.34146341463414637,9,0.0,2,0,0,0.15399190622704467,2,1,0,0,0,1
653,0.39024390243902446,5,0.47365346623403953,1,1,1,0.2640679684909909,1,1,0,0,0,1
775,0.2926829268292683,4,0.0,2,0,1,0.28727518478014646,3,0,0,1,0,1
569,0.6341463414634148,4,0.0,2,0,0,0.6719801741066271,0,1,0,0,1,0
717,0.09756097560975613,5,0.448249964756607,1,1,1,0.46487524558595344,2,1,0,0,1,0
710,0.878048780487805,6,0.682100130774212,1,1,1,0.8351416060233753,2,1,0,0,0,1
634,0.5100518941359626,1,0.0,2,1,0,0.3099495501820424,1,0,0,1,0,1
670,0.6585365853658538,5,0.1908540634964579,1,1,1,0.2716692444128414,1,1,0,0,1,0
607,0.5365853658536586,5,0.36108106681880286,1,0,1,0.9080200659162949,1,0,1,0,0,1
430,0.48780487804878053,8,0.6100430656925289,1,1,0,0.49687590164860745,0,0,1,0,1,0
520,0.3170731707317073,4,0.37166245466436193,1,1,0,0.3866577758175906,0,1,0,0,0,1
600,0.26829268292682934,8,0.0,2,0,1,0.17369583795252444,1,1,0,0,0,1
605,0.5609756097560976,10,0.0,2,0,1,0.4860539681539587,1,1,0,0,0,1
591,0.5365853658536586,2,0.3981155057816503,2,1,1,0.4434604004682447,1,1,0,0,0,1
541,0.8048780487804879,7,0.3601991549636747,2,1,0,0.8993369366774526,0,0,1,0,0,1
619,0.34146341463414637,4,0.6991130542285118,2,1,1,0.8639867607356502,1,0,0,1,1,0
559,0.39024390243902446,0,0.0,1,1,0,0.9149741800341932,0,0,0,1,0,1
743,0.5121951219512195,6,0.0,2,1,0,0.22128963315996675,3,1,0,0,0,1
730,0.5100518941359626,9,0.2621126769039972,1,1,1,0.7289717668037298,2,1,0,0,1,0
496,0.26829268292682934,2,0.0,2,1,0,0.27691649552532266,0,0,0,1,0,1
769,0.3170731707317073,6,0.46972163080237084,2,1,0,0.7383558129801396,3,1,0,0,1,0
577,0.4634146341463415,4,0.0,1,1,1,0.39938719147678603,0,1,0,0,1,0
584,0.26829268292682934,4,0.0,2,1,0,0.44431913247715155,1,0,0,1,1,0
600,0.853658536585366,7,0.4235250654957159,1,1,0,0.4681351069027092,1,0,1,0,0,1
641,0.5853658536585367,7,0.4999525504558445,2,0,0,0.820663373352155,1,1,0,0,1,0
640,0.5100518941359626,9,0.0,2,1,0,0.44412286373348653,1,1,0,0,0,1
753,0.34146341463414637,6,0.7083717935038885,1,1,1,0.8082296859350067,3,1,0,0,0,1
521,0.39024390243902446,7,0.2819115522162804,1,1,1,0.10117161188893539,0,0,0,1,1,0
803,0.5853658536585367,5,0.0,1,1,0,0.9823700663413355,4,1,0,0,0,1
698,0.5121951219512195,9,0.6456561307421672,1,0,0,0.4510470749956621,2,0,0,1,1,0
723,0.07317073170731708,4,0.0,2,0,0,0.12418906005523526,2,1,0,0,0,1
560,0.5100518941359626,9,0.0,1,1,1,0.0795921510504253,0,1,0,0,1,0
590,0.4634146341463415,1,0.0,2,0,0,0.6676858139952364,1,0,0,1,0,1
832,0.21951219512195125,10,0.3929493843496378,1,1,0,0.15452130678479792,4,1,0,0,1,0
467,0.2439024390243903,10,0.5034524575296687,1,1,0,0.16170399273130584,0,0,1,0,0,1
695,0.9268292682926831,1,0.0,3,1,0,0.9387041962507419,2,0,0,1,0,1
590,0.43902439024390244,6,0.3680406255782976,2,1,1,0.8733634062052925,1,0,1,0,0,1
652,0.3658536585365854,7,0.5107093083092025,1,1,0,0.7922064057117455,1,0,1,0,0,1
721,0.6097560975609757,3,0.3539219449617971,1,0,0,0.22801702562594725,2,0,0,1,0,1
688,0.6585365853658538,9,0.4121190001884829,1,0,0,0.6493587637619392,2,0,1,0,0,1
793,0.4146341463414634,2,0.0,2,1,1,0.3985007568222765,3,1,0,0,0,1
618,0.5365853658536586,0,0.0,1,1,0,0.5952946006343606,1,1,0,0,1,0
693,0.4634146341463415,6,0.3822270627887203,1,1,1,0.1909415349165845,2,0,1,0,1,0
716,0.3170731707317073,8,0.43674322112216957,2,1,1,0.25748423974489565,2,1,0,0,0,1
670,0.5121951219512195,8,0.4062546271276916,1,0,0,0.44601239418364447,1,1,0,0,1,0
850,0.39024390243902446,2,0.2872868023825929,1,1,1,0.5788370289362633,4,1,0,0,0,1
577,0.6097560975609757,3,0.5099300277654566,1,0,0,0.6257054548709401,0,0,1,0,1,0
595,0.5121951219512195,7,0.4821165836694892,1,0,0,0.11647827367513595,1,1,0,0,1,0
540,0.7317073170731709,2,0.43583149636571566,1,1,0,0.4434996542169777,0,1,0,0,0,1
734,0.8292682926829269,6,0.2841117283913959,2,0,1,0.19488256128460268,2,0,1,0,1,0
643,0.6585365853658538,4,0.1799313418448104,1,1,0,0.30455738523028947,1,1,0,0,1,0
714,0.3658536585365854,8,0.48632171731558427,1,0,0,0.8125955528752996,2,0,0,1,0,1
799,0.2439024390243903,7,0.6682327872643431,2,1,1,0.5556864180529241,3,0,1,0,0,1
584,0.1951219512195122,4,0.0,2,1,0,0.7380152804592839,1,1,0,0,0,1
813,0.43902439024390244,6,0.3909479342788142,1,0,1,0.1333909388346587,4,0,1,0,1,0
542,0.4146341463414634,2,0.6970739793196513,1,1,1,0.11152550068531543,0,0,0,1,0,1
745,0.48780487804878053,5,0.25944960362193276,2,1,1,0.7009961451318601,3,0,1,0,0,1
554,0.48780487804878053,3,0.5529414353054661,1,1,1,0.9707266043907192,0,1,0,0,1,0
763,0.5853658536585367,6,0.39920889792345576,1,1,0,0.16727277454996953,3,0,1,0,0,1
626,0.1951219512195122,8,0.0,2,0,0,0.9571370565889041,1,0,0,1,0,1
615,0.3658536585365854,3,0.5486580228649808,2,1,1,0.8583119187882442,1,0,1,0,1,0
629,0.39024390243902446,1,0.4828695587120652,1,0,0,0.5967887433249874,1,0,0,1,0,1
728,0.48780487804878053,1,0.4620790058624999,1,1,1,0.695303751508269,2,1,0,0,0,1
611,0.7560975609756098,2,0.35438838932572186,3,0,0,0.8071942870544135,1,1,0,0,1,0
630,0.1951219512195122,5,0.0,2,1,0,0.91309120020962,1,1,0,0,1,0
716,0.5853658536585367,8,0.0,2,1,0,0.9040305349160845,2,0,0,1,0,1
592,0.902439024390244,8,0.342152584740681,2,1,1,0.6445957588949744,1,0,0,1,0,1
746,0.9756097560975612,3,0.0,3,1,1,0.40170526285260244,3,1,0,0,0,1
688,0.26829268292682934,1,0.0,2,1,0,0.773493818659682,2,1,0,0,0,1
552,0.48780487804878053,10,0.527190621498952,2,1,1,0.23277442995806094,0,0,1,0,0,1
608,0.1951219512195122,1,0.42506891941664443,1,0,1,0.03526346766116164,1,0,1,0,0,1
610,0.4146341463414634,7,0.3264510702333366,1,1,1,0.3080874723536098,1,1,0,0,1,0
590,0.48780487804878053,9,0.0,2,1,1,0.7437639294552629,1,0,0,1,1,0
701,0.26829268292682934,2,0.0,2,1,0,0.8847445431038663,2,1,0,0,0,1
692,0.2926829268292683,7,0.0,2,1,1,0.0940827849059585,2,1,0,0,1,0
644,0.3658536585365854,2,0.0,1,1,0,0.4820910396942908,1,1,0,0,0,1
587,0.4634146341463415,6,0.4161611194409651,1,1,0,0.9601638956520346,1,0,1,0,1,0
640,0.3658536585365854,8,0.3255394251905226,2,0,0,0.17458657301772315,1,0,1,0,0,1
744,0.2926829268292683,1,0.49437315365772616,1,1,1,0.7110647066794878,3,0,0,1,1,0
594,0.5365853658536586,0,0.6061920997485474,2,1,1,0.41752662379257216,1,0,1,0,0,1
722,0.26829268292682934,1,0.42740002524530984,2,1,0,0.12457859725603793,2,0,1,0,0,1
763,0.3170731707317073,7,0.5738038898582289,2,1,1,0.701323876430199,3,0,1,0,0,1
709,0.14634146341463422,3,0.4422090658402382,1,1,1,0.8426006183590532,2,1,0,0,1,0
698,0.8292682926829269,8,0.3857398436153899,1,1,1,0.7668838874112477,2,0,1,0,0,1
628,0.5121951219512195,6,0.0,2,0,0,0.6722142964653124,1,1,0,0,0,1
773,0.8292682926829269,4,0.0,1,0,1,0.7205780152004516,3,1,0,0,0,1
679,0.4634146341463415,7,0.2959768645508621,1,1,0,0.9731249334311427,2,1,0,0,0,1
561,0.7560975609756098,1,0.40664048100166894,1,1,0,0.6652638326960225,0,0,1,0,1,0
506,0.34146341463414637,8,0.0,2,0,1,0.9134933386138375,0,0,0,1,0,1
658,0.5121951219512195,4,0.0,1,1,1,0.7376628468018696,1,1,0,0,1,0
683,0.6097560975609757,4,0.4618928745133134,1,1,1,0.5867440840600278,2,0,1,0,1,0
850,0.4634146341463415,6,0.0,2,1,0,0.5464503860118641,4,1,0,0,0,1
674,0.3170731707317073,1,0.0,1,1,0,0.6447739259099243,2,1,0,0,1,0
553,0.3170731707317073,6,0.0,2,0,0,0.6229847450431516,0,1,0,0,0,1
644,0.4634146341463415,8,0.0,2,1,0,0.10479650806652034,1,1,0,0,1,0
656,0.7073170731707319,1,0.0,2,1,1,0.9898462803197704,1,0,0,1,0,1
760,0.3658536585365854,1,0.4707659591988126,2,0,1,0.7833179568648805,3,0,0,1,1,0
660,0.5121951219512195,9,0.5364701261775249,2,1,0,0.9155088810981448,1,0,1,0,0,1
653,0.6097560975609757,0,0.0,2,1,0,0.1392683001226617,1,1,0,0,0,1
604,0.39024390243902446,7,0.0,2,1,0,0.9651417210343587,1,1,0,0,1,0
635,0.4634146341463415,3,0.0,2,1,0,0.4554192425376623,1,0,0,1,1,0
550,0.8048780487804879,5,0.0,2,1,0,0.7696026470527935,0,0,0,1,0,1
630,0.26829268292682934,6,0.5235368272432844,1,0,1,0.04656809725328768,1,0,1,0,0,1
601,0.5609756097560976,1,0.0,2,0,1,0.803054091665754,1,1,0,0,1,0
822,0.48780487804878053,6,0.5113219474887195,3,1,0,0.04569626399321134,4,1,0,0,0,1
807,0.2439024390243903,7,0.6615006913763275,3,1,0,0.7806272999071411,4,0,0,1,1,0
571,0.3658536585365854,9,0.0,2,0,1,0.3875772136239011,0,1,0,0,1,0
662,0.26829268292682934,5,0.5862645267646318,1,1,0,0.05458881323166361,1,1,0,0,0,1
722,0.26829268292682934,9,0.0,2,1,1,0.710175271738451,2,0,0,1,1,0
723,0.5100518941359626,10,0.3605049364863639,2,0,0,0.5168880128052229,2,0,1,0,1,0
507,0.43902439024390244,4,0.3329773056462885,1,0,0,0.7006811650512623,0,1,0,0,0,1
530,0.3658536585365854,9,0.2998918006908702,1,0,1,0.5084640083127938,0,0,1,0,0,1
766,0.2926829268292683,4,0.5093154754585817,2,1,1,0.14435238565282982,3,0,1,0,0,1
461,0.39024390243902446,5,0.25374417955911904,1,0,1,0.8389436191156254,0,0,1,0,1,0
666,0.43902439024390244,8,0.0,1,0,1,0.7933528151938509,1,1,0,0,1,0
575,0.5609756097560976,2,0.39881686624238555,1,0,0,0.6315386619422154,0,0,0,1,0,1
698,0.5365853658536586,0,0.3668957384251112,1,1,1,0.7184198590965436,2,0,0,1,1,0
603,0.7317073170731709,5,0.0,1,1,0,0.5023830775839093,1,1,0,0,1,0
796,0.9268292682926831,6,0.37557531824973245,1,0,0,0.6058229560923069,3,0,0,1,0,1
636,0.43902439024390244,6,0.3851895405022813,1,0,0,0.9103254360791455,1,0,1,0,0,1
476,0.39024390243902446,8,0.44601945754150624,1,0,1,0.9861453268787168,0,0,1,0,1,0
458,0.6097560975609757,1,0.42595031313311316,2,1,0,0.5028119685429958,0,0,1,0,1,0
628,0.6585365853658538,9,0.0,2,1,1,0.48430115075989755,1,1,0,0,0,1
849,0.21951219512195125,0,0.0,2,0,1,0.7894767950339256,4,1,0,0,0,1
606,0.2926829268292683,8,0.7186492730972963,2,1,1,0.009515058688104714,1,0,0,1,0,1
722,0.4634146341463415,0,0.502107489140312,1,0,0,0.8008306793298761,2,0,1,0,1,0
793,0.43902439024390244,0,0.0,1,0,0,0.7449805956468842,3,0,0,1,1,0
645,0.7073170731707319,9,0.6061302818207983,1,1,0,0.6092012787221179,1,0,1,0,0,1
589,0.39024390243902446,6,0.0,2,1,1,0.8895116483624186,1,1,0,0,0,1
498,0.26829268292682934,9,0.0,1,1,0,0.9502119952455458,0,1,0,0,1,0
619,0.5609756097560976,8,0.0,3,1,1,0.39931388447596744,1,0,0,1,1,0
633,0.43902439024390244,6,0.4987295040787278,1,0,0,0.6298096468212714,1,1,0,0,1,0
675,0.39024390243902446,10,0.33856208311510066,1,0,0,0.7311650762647832,2,1,0,0,1,0
564,0.4634146341463415,9,0.3995733088282976,1,1,1,0.7301794321357689,0,0,0,1,0,1
544,0.4634146341463415,2,0.3177860381479987,1,1,1,0.28776433149365765,0,0,1,0,0,1
766,0.8292682926829269,7,0.3687190285107392,2,0,1,0.33094175493759653,3,1,0,0,1,0
646,0.7804878048780488,0,0.4150260370654875,2,1,0,0.9090032098065364,1,1,0,0,0,1
503,0.2439024390243903,5,0.0,2,1,0,0.6295930761387712,0,1,0,0,1,0
796,0.5121951219512195,5,0.34416710784844956,2,0,0,0.525394925215358,3,0,1,0,0,1
671,0.48780487804878053,0,0.369372839785269,2,1,0,0.018181686351046524,2,0,0,1,0,1
578,0.4146341463414634,2,0.0,2,0,1,0.13190429686035013,0,1,0,0,1,0
613,0.6341463414634148,9,0.4006594470288714,1,1,1,0.23645943187574409,1,0,0,1,0,1
573,0.7804878048780488,0,0.634935363597228,1,0,1,0.7795927511077307,0,0,0,1,0,1
673,0.34146341463414637,0,0.0,1,1,1,0.3643435448085292,2,0,0,1,1,0
614,0.6097560975609757,6,0.0,2,1,1,0.5452018167735019,1,1,0,0,1,0
806,0.43902439024390244,8,0.6695274962037376,2,1,1,0.5335644554054912,4,0,1,0,0,1
570,0.26829268292682934,0,0.0,1,1,0,0.1854219577969696,0,1,0,0,1,0
596,0.43902439024390244,2,0.0,2,1,1,0.060284807199087506,1,1,0,0,0,1
846,0.4634146341463415,6,0.506596004776282,1,1,1,0.20754412046350426,4,1,0,0,1,0
803,0.1951219512195122,4,0.0,2,1,1,0.9060709797785688,4,1,0,0,1,0
714,0.5121951219512195,3,0.5974038702327308,2,1,0,0.3192043840186738,2,0,1,0,0,1
591,0.6585365853658538,5,0.0,2,1,1,0.7774806994067933,1,1,0,0,0,1
646,0.6585365853658538,3,0.18786412443394848,1,1,1,0.2861516274804244,1,1,0,0,1,0
808,0.6585365853658538,7,0.47280770451460996,2,1,0,0.7356746569297367,4,1,0,0,0,1
747,0.6097560975609757,1,0.5212822066521113,1,0,1,0.5074655629612628,3,1,0,0,0,1
745,0.5365853658536586,6,0.5228603772950206,1,1,1,0.24904398370044337,3,1,0,0,1,0
841,0.39024390243902446,4,0.0,2,1,0,0.7079230066471348,4,1,0,0,0,1
743,0.34146341463414637,9,0.0,2,1,0,0.8762896856649809,3,1,0,0,0,1
672,0.7073170731707319,1,0.0,1,0,0,0.4578604256706515,2,1,0,0,0,1
744,0.26829268292682934,1,0.1733947835154903,1,1,1,0.5966378289126612,3,1,0,0,0,1
812,0.6341463414634148,8,0.0,3,1,0,0.33460820508358546,4,0,0,1,1,0
680,0.3170731707317073,3,0.5075027075734216,3,1,1,0.882194349560383,2,0,1,0,1,0
593,0.6829268292682928,2,0.3052944324924913,1,1,1,0.2722366986047168,1,0,0,1,1,0
756,0.1951219512195122,5,0.6183527343711545,1,0,1,0.6751794296355302,3,0,1,0,1,0
794,0.6829268292682928,8,0.5364480454992704,1,1,1,0.23189609607717535,3,0,0,1,1,0
603,0.5853658536585367,8,0.365132791564894,1,0,0,0.7233876835237765,1,0,0,1,1,0
806,0.3170731707317073,10,0.5526287984097449,1,1,0,0.9540500617809,4,0,1,0,0,1
598,0.5609756097560976,3,0.3648370938176532,1,1,0,0.9573774295445214,1,0,1,0,0,1
608,0.2926829268292683,8,0.0,2,1,0,0.6443829385706334,1,1,0,0,1,0
850,0.17073170731707316,8,0.27654722281863525,2,1,0,0.4391552393253556,4,0,1,0,1,0
576,0.2439024390243903,1,0.4756365024540442,2,0,1,0.29485450860557183,0,0,1,0,0,1
695,0.8292682926829269,8,0.4106179524921852,1,1,1,0.1123810323885931,2,0,1,0,0,1
789,0.853658536585366,1,0.6308208245028888,1,1,1,0.0251264495759345,3,1,0,0,1,0
699,0.5100518941359626,4,0.7380439205416033,2,1,0,0.6041721984449514,2,0,1,0,0,1
615,0.39024390243902446,1,0.33281684208915263,2,1,1,0.36559966476798533,1,1,0,0,0,1
627,0.2439024390243903,5,0.28337094953572584,1,1,1,0.6525268663157331,1,0,1,0,0,1
581,0.4634146341463415,7,0.0,2,1,1,0.3715813360175897,1,1,0,0,0,1
473,0.4146341463414634,7,0.5241360346744769,1,1,0,0.9478347682203649,0,0,1,0,1,0
512,0.5609756097560976,6,0.0,1,1,1,0.5025291415330164,0,1,0,0,1,0
833,1.0,1,0.52154478338197,1,1,1,0.153569365874441,4,0,1,0,0,1
588,0.39024390243902446,6,0.48279466774737106,2,1,0,0.43228478319679525,1,0,0,1,0,1
792,0.43902439024390244,5,0.36724133691093463,1,0,1,0.33731766383689643,3,0,0,1,0,1
650,0.7073170731707319,9,0.0,1,1,0,0.9397498461103035,1,1,0,0,1,0
667,0.5100518941359626,6,0.5756601813907791,1,1,1,0.369793265256832,1,1,0,0,1,0
737,0.48780487804878053,6,0.5830366823438154,2,1,0,0.9926178950089733,2,0,0,1,0,1
733,0.09756097560975613,5,0.0,2,1,1,0.5860090138608237,2,1,0,0,0,1
794,0.5609756097560976,7,0.0,2,1,1,0.3713529642080819,3,1,0,0,1,0
731,0.6097560975609757,2,0.0,1,1,1,0.8501980439131938,2,1,0,0,0,1
764,0.14634146341463422,7,0.42341502081582216,1,0,0,0.5783792352169632,3,1,0,0,1,0
707,0.4146341463414634,2,0.0,3,1,1,0.4707285545769621,2,1,0,0,0,1
628,0.3658536585365854,3,0.0,1,1,1,0.940998215329564,1,0,0,1,1,0
659,0.21951219512195125,4,0.0,2,1,0,0.49669888474349294,1,0,0,1,0,1
515,0.9756097560975612,2,0.525523370863445,1,1,0,0.40716438419869094,0,1,0,0,1,0
648,0.2439024390243903,9,0.40766595712227227,1,1,1,0.7894730446757664,1,0,0,1,1,0
475,0.5365853658536586,7,0.6409697259951241,1,0,1,0.8482337563237289,0,1,0,0,0,1
559,0.6097560975609757,1,0.0,1,0,1,0.4331549662992816,0,1,0,0,1,0
741,0.5853658536585367,9,0.482493230618057,2,1,0,0.19557367728618083,3,0,0,1,1,0
677,0.5609756097560976,8,0.5847831683373916,2,1,1,0.020923298174975707,2,0,1,0,1,0
738,0.3170731707317073,9,0.3149477941422352,1,1,1,0.09298212979339526,2,0,0,1,0,1
705,0.6829268292682928,5,0.3561801128099461,1,0,1,0.695819300743221,2,0,0,1,1,0
623,0.4146341463414634,0,0.5203596408406298,1,1,1,0.23936850969267562,1,1,0,0,1,0
564,0.43902439024390244,7,0.8223643711277356,1,1,1,0.23312871379216715,0,1,0,0,1,0
643,0.43902439024390244,7,0.6419524357479167,2,0,1,0.4214564490908882,1,1,0,0,0,1
680,0.12195121951219517,5,0.5580241364133144,1,0,1,0.1585276393895617,2,1,0,0,0,1
641,0.48780487804878053,3,0.0,2,1,0,0.582328662387258,1,1,0,0,1,0
607,0.21951219512195125,2,0.0,2,1,0,0.317451716638939,1,1,0,0,1,0
676,0.39024390243902446,4,0.3564675601954563,1,1,1,0.9477373589177767,2,0,1,0,1,0
668,0.6097560975609757,10,0.4505188142325038,1,1,1,0.5021094514526138,1,0,0,1,0,1
797,0.26829268292682934,1,0.0,2,1,1,0.6648825462831701,3,1,0,0,1,0
454,0.5365853658536586,2,0.49094439100752024,1,1,0,0.7415628192492383,0,0,0,1,0,1
581,0.2439024390243903,3,0.4159756656577179,1,1,1,0.14964514111097607,1,1,0,0,0,1
658,0.6341463414634148,2,0.6711742604337881,1,1,1,0.07084251546022644,1,1,0,0,0,1
541,0.39024390243902446,3,0.513130849262344,1,1,0,0.6742620920297888,0,1,0,0,0,1
740,0.5100518941359626,1,0.5164446648438018,1,1,1,0.6165028760246604,2,1,0,0,0,1
748,0.04878048780487804,7,0.0,2,0,0,0.05390934834276673,3,1,0,0,1,0
506,0.39024390243902446,4,0.359937455083855,1,1,1,0.7961945865830187,0,1,0,0,1,0
591,0.5100518941359626,5,0.0,2,1,1,0.24299990649106987,1,1,0,0,0,1
504,0.9268292682926831,9,0.4153770162220048,1,0,0,0.2792561689641361,0,0,1,0,0,1
641,0.7317073170731709,3,0.5872560847314542,1,1,1,0.787310338137292,1,1,0,0,1,0
691,0.3658536585365854,6,0.0,2,1,1,0.5020315940172286,2,1,0,0,1,0
606,0.48780487804878053,3,0.39815978670861946,1,0,0,0.18523303975529662,1,0,1,0,0,1
486,0.14634146341463422,1,0.0,1,1,0,0.49400307729388154,0,0,0,1,0,1
707,0.3658536585365854,2,0.23131435556165456,1,1,1,0.41666079110555054,2,1,0,0,1,0
570,0.12195121951219517,2,0.0,1,0,0,0.994191945330779,0,1,0,0,0,1
520,0.4146341463414634,9,0.42004261570903156,1,1,1,0.1252493613140055,0,1,0,0,0,1
706,0.7073170731707319,10,0.5742985927075014,1,1,0,0.704704149246253,2,0,1,0,1,0
792,0.3170731707317073,6,0.28405911738905626,2,0,1,0.6295660735600249,3,1,0,0,0,1
495,0.5853658536585367,7,0.0,2,0,0,0.6520270185802743,0,0,0,1,1,0
714,0.07317073170731708,6,0.3443729683235134,2,0,0,0.13660809607317498,2,0,1,0,0,1
573,0.6341463414634148,4,0.0,1,1,1,0.47430204584537816,0,0,0,1,1,0
715,0.6585365853658538,4,0.0,2,1,1,0.27518803045690865,2,1,0,0,0,1
549,0.26829268292682934,3,0.0,2,1,0,0.7304637592890121,0,1,0,0,0,1
688,0.39024390243902446,9,0.3627990153292917,2,0,1,0.8189353083219447,2,0,1,0,1,0
770,0.2926829268292683,8,0.0,2,0,1,0.254165622816979,3,0,0,1,0,1
651,0.5100518941359626,0,0.7246845123452316,2,0,1,0.18457807720637318,1,1,0,0,0,1
769,0.5100518941359626,7,0.45875797619663033,1,0,0,0.28917916661041126,3,0,1,0,0,1
466,0.1951219512195122,3,0.6250175519470874,1,1,1,0.6873881955726772,0,1,0,0,0,1
834,0.7560975609756098,8,0.6401094962500512,2,1,0,0.6463735286719882,4,1,0,0,1,0
723,0.2926829268292683,1,0.0,3,1,0,0.8232593212651808,2,0,0,1,0,1
726,0.48780487804878053,4,0.0,2,0,0,0.033882735801269014,2,1,0,0,1,0
717,0.43902439024390244,2,0.6558756585193615,1,0,1,0.41166506401361325,2,0,0,1,1,0
693,0.6585365853658538,2,0.4645176453914018,2,0,0,0.11565454500904834,2,0,1,0,0,1
731,0.3658536585365854,1,0.0,1,1,0,0.653639322555304,2,0,0,1,0,1
748,0.5121951219512195,3,0.6272329135706056,1,0,1,0.4886602670555038,3,1,0,0,1,0
719,0.4634146341463415,9,0.4043701568234338,1,1,0,0.12897236686103522,2,1,0,0,1,0
568,0.21951219512195125,1,0.46361723997181487,1,0,1,0.22778355332934294,0,0,0,1,1,0
667,0.3170731707317073,1,0.47535909898716255,1,1,1,0.1412437387770532,1,1,0,0,0,1
550,0.39024390243902446,3,0.0,2,0,0,0.6564111872683841,0,0,0,1,0,1
687,0.1951219512195122,6,0.0,2,1,1,0.16450346008043765,2,1,0,0,1,0
597,0.1951219512195122,7,0.0,2,1,0,0.5512607454011857,1,0,0,1,1,0
614,0.6829268292682928,4,0.0,1,1,0,0.3718754641068222,1,1,0,0,0,1
678,0.5609756097560976,9,0.0,1,0,0,0.06574852898451802,2,1,0,0,1,0
665,0.2439024390243903,8,0.5472350546789736,1,1,0,0.4508593070638246,1,1,0,0,0,1
470,0.3170731707317073,4,0.22213369579656825,2,1,1,0.518954310136618,0,0,0,1,0,1
658,0.3170731707317073,3,0.530107782008225,1,0,1,0.7317083281453378,1,0,1,0,1,0
650,0.04878048780487804,8,0.0,2,1,1,0.5673445314027489,1,0,0,1,0,1
616,0.6585365853658538,6,0.5115726070294119,3,1,1,0.7200138113189809,1,0,1,0,1,0
792,0.39024390243902446,1,0.0,1,0,1,0.43163492113496843,3,1,0,0,0,1
834,0.43902439024390244,8,0.5694841678547653,1,1,0,0.44990016546580197,4,1,0,0,0,1
578,0.48780487804878053,7,0.32785937110960073,1,1,0,0.04493124093350914,0,1,0,0,0,1
722,0.7804878048780488,4,0.5264631149643269,1,1,1,0.6413140454913444,2,0,0,1,1,0
704,0.4634146341463415,4,0.0,2,0,0,0.12837901019547365,2,0,0,1,0,1
781,0.3658536585365854,3,0.3558276589510905,1,1,0,0.03474041770989129,3,1,0,0,0,1
730,0.6585365853658538,6,0.6093349295724013,1,0,0,0.8124102351774594,2,0,1,0,0,1
562,0.5853658536585367,2,0.3995181868463009,1,0,0,0.43397059419174533,0,1,0,0,0,1
480,0.4146341463414634,2,0.6603992481568912,1,1,1,0.9899595411361783,0,1,0,0,0,1
617,0.5365853658536586,5,0.7573127400053147,2,1,1,0.535232814733807,1,1,0,0,0,1
729,0.5100518941359626,0,0.0,2,1,1,0.1557822772074733,2,0,0,1,1,0
628,0.43902439024390244,3,0.3638389993323584,1,1,0,0.3154019208834444,1,0,1,0,1,0
654,0.5365853658536586,6,0.0,1,0,0,0.9193943021558558,1,1,0,0,0,1
572,0.5121951219512195,4,0.4475531081165266,1,1,0,0.24683552279242665,0,0,1,0,0,1
557,0.5121951219512195,8,0.582706747588234,1,1,0,0.8897502711508949,0,1,0,0,0,1
464,0.3658536585365854,10,0.5878629845288978,2,1,0,0.5022277127465673,0,1,0,0,1,0
594,0.3170731707317073,0,0.31622779591506656,1,1,0,0.39125876521207775,1,1,0,0,1,0
738,0.5121951219512195,5,0.0,2,1,1,0.5719416204247505,2,1,0,0,0,1
657,0.6341463414634148,6,0.3048849036674612,1,1,0,0.3953393049036183,1,1,0,0,0,1
537,0.5609756097560976,0,0.0,2,0,1,0.8763382403019487,0,1,0,0,1,0
784,0.2439024390243903,2,0.4382658313580626,2,1,1,0.8541730235237465,3,0,1,0,0,1
596,0.7073170731707319,6,0.0,1,1,0,0.37415608190582195,1,1,0,0,0,1
702,0.34146341463414637,8,0.2856448209709369,1,1,1,0.630413204461026,2,0,0,1,0,1
614,0.34146341463414637,7,0.39642709117474756,2,1,1,0.25555180519739634,1,0,1,0,0,1
656,0.7804878048780488,7,0.0,2,0,1,0.3606937462527671,1,1,0,0,0,1
668,0.2439024390243903,4,0.4270310308061732,1,1,0,0.9651278197067819,1,1,0,0,0,1
386,0.853658536585366,1,0.5259309467042974,1,1,1,0.31254519806641534,0,0,0,1,1,0
707,0.9512195121951221,1,0.3668939847250332,1,1,1,0.8203426427223799,2,1,0,0,1,0
715,0.07317073170731708,6,0.3047737828534287,1,1,1,0.8675835542294289,2,1,0,0,0,1
622,0.3170731707317073,7,0.0,1,1,0,0.17700285377253525,1,1,0,0,0,1
724,0.5121951219512195,3,0.0,2,0,1,0.47780178006999663,2,0,0,1,0,1
645,0.5609756097560976,2,0.374356377125071,1,1,0,0.6199120015961523,1,0,1,0,0,1
732,0.6097560975609757,9,0.0,2,1,0,0.9157654055962344,2,1,0,0,1,0
670,0.2926829268292683,3,0.5318746746936177,1,0,0,0.01571835110253029,1,0,0,1,0,1
753,0.5121951219512195,7,0.6180310101204836,1,1,1,0.08225380523840026,3,1,0,0,1,0
705,0.7073170731707319,3,0.2530457685030604,1,0,1,0.14316037181550836,2,0,0,1,1,0
635,0.4146341463414634,2,0.45291361125945606,1,1,0,0.45440109530460154,1,0,0,1,0,1
636,0.2926829268292683,8,0.5651191286470136,2,1,1,0.5484225243510755,1,0,1,0,0,1
707,0.9756097560975612,6,0.3574595565872981,1,0,1,0.6323581402023893,2,1,0,0,0,1
664,0.43902439024390244,0,0.4125269347407149,1,1,1,0.7309710077312384,1,1,0,0,1,0
598,0.6829268292682928,7,0.5251894902826881,1,0,0,0.9249315809659823,1,0,1,0,1,0
477,0.5100518941359626,4,0.7273533648661894,1,1,0,0.9291844371137443,0,0,1,0,1,0
539,0.5121951219512195,2,0.0,2,1,1,0.24091480736410326,0,0,0,1,0,1
850,0.7804878048780488,10,0.0,2,1,1,0.16866740773743888,4,0,0,1,1,0
744,0.5100518941359626,6,0.29104713391799836,2,1,0,0.39383401114806466,3,0,1,0,0,1
604,0.853658536585366,2,0.48382106057483343,1,1,1,0.24097331295138683,1,1,0,0,1,0
477,0.2926829268292683,6,0.523266079865335,1,1,0,0.970757057298972,0,1,0,0,1,0
449,0.5100518941359626,6,0.0,2,0,1,0.618111129612878,0,1,0,0,0,1
632,0.7804878048780488,5,0.43029179696027187,1,1,1,0.03487213028844254,1,0,1,0,1,0
720,0.6097560975609757,6,0.5493227549081782,2,1,0,0.8628133486747983,2,1,0,0,1,0
806,0.0,3,0.0,2,1,1,0.4349563383303105,4,0,0,1,0,1
508,0.7560975609756098,7,0.4880525794357383,2,1,1,0.3790187962950462,0,1,0,0,0,1
620,0.48780487804878053,0,0.0,2,1,1,0.19003694852858444,1,0,0,1,0,1
503,0.48780487804878053,1,0.0,2,1,1,0.475753734481643,0,1,0,0,0,1
644,0.6829268292682928,9,0.3803985514596784,1,1,0,0.5437992828315104,1,1,0,0,1,0
555,0.5100518941359626,9,0.5508790441569325,1,1,0,0.993613340073977,0,0,1,0,1,0
707,0.5853658536585367,10,0.0,2,1,1,0.7647370823913684,2,1,0,0,1,0
733,0.7317073170731709,5,0.0,1,0,1,0.5891512139409314,2,1,0,0,0,1
590,0.14634146341463422,7,0.503915912632097,1,1,0,0.29387571513079497,1,1,0,0,0,1
794,0.3658536585365854,8,0.0,2,0,0,0.4566858134951888,3,0,0,1,0,1
633,0.9756097560975612,6,0.3918264583042462,1,1,1,0.6601757967885933,1,0,0,1,0,1
684,0.5609756097560976,1,0.534787092241316,1,0,0,0.8875601619954705,2,0,0,1,1,0
649,0.8292682926829269,8,0.19575178910289834,1,1,0,0.2092542337793259,1,1,0,0,1,0
748,0.1951219512195122,1,0.3100075014520836,1,0,1,0.9152765589113759,3,1,0,0,1,0
683,0.4146341463414634,6,0.7474375751525252,2,1,1,0.18984202991385676,2,1,0,0,1,0
599,0.43902439024390244,3,0.5139943871234732,2,1,1,0.20155299831133872,1,0,1,0,0,1
791,0.39024390243902446,7,0.0,2,1,0,0.4836605895863055,3,1,0,0,0,1
785,0.878048780487805,1,0.0,2,1,0,0.22553323842426948,3,0,0,1,1,0
688,0.8048780487804879,5,0.0,1,1,0,0.4581063991611199,2,1,0,0,1,0
611,0.21951219512195125,7,0.0,2,1,1,0.7873877955344735,1,1,0,0,0,1
663,0.6829268292682928,3,0.0,2,0,1,0.8814067743469501,1,1,0,0,0,1
616,0.26829268292682934,8,0.5951362563182526,1,1,0,0.7037399571659093,1,0,1,0,0,1
769,0.26829268292682934,2,0.4932581192626856,2,1,0,0.4243459250358409,3,1,0,0,0,1
534,0.39024390243902446,7,0.4844659439216935,2,1,1,0.35087060814307763,0,1,0,0,1,0
704,0.5609756097560976,9,0.24742400390533068,2,1,0,0.6452570720503807,2,0,1,0,0,1
704,0.6341463414634148,3,0.0,2,0,1,0.764439353958303,2,1,0,0,0,1
490,0.26829268292682934,4,0.0,2,1,0,0.16040526870316113,0,1,0,0,0,1
766,0.5609756097560976,6,0.3954133728160307,2,1,0,0.3119837944523702,3,0,0,1,0,1
762,0.43902439024390244,5,0.4764781589210186,1,1,1,0.21343073263496662,3,1,0,0,0,1
789,0.5121951219512195,7,0.4975265455388681,2,1,1,0.6220569064345645,3,0,1,0,0,1
563,0.5609756097560976,2,0.40064442100774866,1,1,1,0.09701536496735437,0,0,1,0,0,1
620,0.34146341463414637,7,0.0,2,1,1,0.1732875989657012,1,1,0,0,0,1
754,0.9512195121951221,2,0.403091430468841,2,1,1,0.3547480284367157,3,0,1,0,0,1
727,0.2439024390243903,2,0.4424017735647171,1,1,0,0.5071593337163699,2,1,0,0,1,0
541,0.4634146341463415,9,0.8462162067475285,1,0,1,0.7440858601996491,0,1,0,0,0,1
567,0.5609756097560976,1,0.0,2,1,0,0.017017325154552256,0,0,0,1,1,0
503,0.34146341463414637,9,0.3996159556256487,2,1,1,0.7896237590689911,0,0,0,1,0,1
733,0.8048780487804879,10,0.564201026799367,1,1,0,0.6509519159079692,2,1,0,0,0,1
831,0.6341463414634148,3,0.44281317566028505,1,1,1,0.14067588454697422,4,0,1,0,0,1
528,0.09756097560975613,5,0.37284951033305996,2,0,1,0.004750403663549869,0,0,1,0,0,1
524,0.7804878048780488,4,0.0,2,1,1,0.15916024980385626,0,1,0,0,0,1
719,0.7560975609756098,5,0.42215586415982687,1,1,1,0.08118280295768245,2,1,0,0,0,1
687,0.07317073170731708,8,0.0,2,1,1,0.77385270293313,2,0,0,1,1,0
528,0.34146341463414637,2,0.3949509938477412,1,0,1,0.555745073654534,0,0,1,0,0,1
685,0.9756097560975612,1,0.41768568266103584,1,1,1,0.7709227731248334,2,1,0,0,0,1
765,0.5609756097560976,2,0.0,2,0,1,0.9561114586443004,3,1,0,0,0,1
714,0.3170731707317073,6,0.6095167962418527,1,1,1,0.2544659514983681,2,0,0,1,1,0
625,0.5121951219512195,3,0.5212750722813395,1,0,1,0.6065803784261397,1,1,0,0,1,0
635,0.5609756097560976,4,0.41269696393463984,2,1,0,0.9687673672835755,1,1,0,0,0,1
693,0.5609756097560976,9,0.7232477536995201,3,1,1,0.9396789893434822,2,0,1,0,1,0
687,0.43902439024390244,5,0.0,1,1,0,0.0884316452221187,2,0,0,1,1,0
678,0.34146341463414637,9,0.0,1,1,1,0.7410660718098578,2,1,0,0,1,0
485,0.07317073170731708,5,0.4510086944065617,1,1,1,0.27067544950542777,0,0,0,1,1,0
662,0.5853658536585367,6,0.41858142483268806,1,1,0,0.2411770324065948,1,0,0,1,1,0
788,0.6097560975609757,10,0.0,2,1,1,0.5805550930113825,3,1,0,0,1,0
594,0.14634146341463422,0,0.388119893618959,1,1,1,0.35700204369517285,1,0,0,1,1,0
616,0.3170731707317073,3,0.37570596890554253,2,1,0,0.8444980495637333,1,1,0,0,0,1
708,1.0,2,0.0,1,1,0,0.8983934465741477,2,1,0,0,1,0
383,0.7317073170731709,8,0.3818609778974404,1,0,0,0.6885179034597804,0,0,0,1,1,0
649,0.7560975609756098,2,0.0,1,1,0,0.42430187082866416,1,0,0,1,1,0
640,0.5100518941359626,9,0.0,2,1,1,0.9975042616569882,1,1,0,0,0,1
679,0.1951219512195122,3,0.3051201386188313,1,1,1,0.924031695026875,2,0,0,1,1,0
813,0.26829268292682934,5,0.4227190410257807,1,0,0,0.9399162620030213,4,0,1,0,1,0
838,0.6097560975609757,9,0.4906608894471856,2,1,0,0.7288408543015857,4,0,0,1,0,1
693,0.5121951219512195,0,0.0,2,0,0,0.40948920621919394,2,0,0,1,1,0
692,0.878048780487805,5,0.0,2,1,1,0.44359366319483506,2,1,0,0,0,1
567,0.6097560975609757,2,0.4609185346927114,2,0,0,0.8730572269651752,0,0,0,1,0,1
641,0.7804878048780488,6,0.6121638072254756,2,1,1,0.6545585103377372,1,1,0,0,0,1
582,0.17073170731707316,9,0.590052200078526,2,1,0,0.2616728397561967,1,0,0,1,0,1
672,0.7804878048780488,1,0.0,1,1,0,0.060481976028710735,2,1,0,0,1,0
603,0.14634146341463422,3,0.0,1,1,1,0.9941671929669282,1,1,0,0,1,0
634,0.6097560975609757,3,0.8477398931175604,1,1,0,0.576341440607578,1,0,1,0,0,1
613,0.024390243902439046,5,0.0,1,1,1,0.8845433238874312,1,0,0,1,0,1
544,0.5121951219512195,4,0.5675867440840223,2,1,0,0.7331993705398866,0,0,1,0,0,1
652,0.3170731707317073,3,0.4133031463093243,3,0,0,0.7761214696003467,1,1,0,0,1,0
667,0.5365853658536586,8,0.2907367290041945,2,1,0,0.4946468387731028,1,1,0,0,0,1
592,0.39024390243902446,6,0.40711322274314643,2,1,1,0.5131360044884286,1,0,1,0,1,0
605,0.34146341463414637,5,0.0,2,1,1,0.21063861598782682,1,1,0,0,1,0
584,0.43902439024390244,9,0.0,1,1,1,0.529085177634464,1,1,0,0,0,1
774,0.6097560975609757,1,0.4637742359856148,1,1,0,0.08497091472235598,3,0,0,1,1,0
658,0.4146341463414634,5,0.5037808777260919,1,0,0,0.7818246642554363,1,1,0,0,1,0
491,0.5100518941359626,1,0.3787957094452174,1,0,1,0.5823534147511087,0,0,1,0,1,0
627,0.7317073170731709,1,0.5291383445764772,1,1,0,0.39447587244581855,1,0,0,1,0,1
779,0.21951219512195125,1,0.0,2,1,1,0.95314822565555,3,1,0,0,0,1
604,0.5365853658536586,5,0.6195959084423481,1,0,1,0.567905584983366,1,0,0,1,0,1
542,0.5100518941359626,1,0.0,1,1,1,0.891310120116471,0,1,0,0,1,0
677,0.4634146341463415,3,0.3521869377323678,1,0,1,0.5897299192072842,2,1,0,0,0,1
525,0.4634146341463415,0,0.0,1,0,1,0.6576135020894495,0,0,0,1,1,0
730,0.6097560975609757,1,0.4143530148037397,1,1,1,0.9682853712529546,2,0,0,1,1,0
499,0.5853658536585367,0,0.5866439238337765,1,1,1,0.0742938950669789,0,0,0,1,1,0
714,0.878048780487805,7,0.5026474294802324,1,1,0,0.5638828508122525,2,1,0,0,0,1
609,0.1951219512195122,10,0.503759036188757,1,0,1,0.21822039004724947,1,1,0,0,0,1
577,0.4146341463414634,4,0.4310733891995751,1,1,0,0.5270313814969328,0,1,0,0,1,0
588,1.0,4,0.0,2,1,1,0.13713224612950536,1,0,0,1,0,1
719,0.5853658536585367,4,0.0,1,1,0,0.14228498821637464,2,1,0,0,1,0
662,0.878048780487805,1,0.7492968559465718,1,0,0,0.5572088634464591,1,0,0,1,1,0
797,0.6829268292682928,8,0.0,1,0,0,0.8133614260161844,3,1,0,0,1,0
601,0.26829268292682934,9,0.0,1,1,1,0.40194683592283065,1,1,0,0,0,1
476,0.34146341463414637,6,0.4458859371946594,1,0,0,0.5606599430245588,0,1,0,0,1,0
721,0.9512195121951221,1,0.0,1,1,1,0.9797404652144278,2,0,0,1,0,1
453,0.26829268292682934,6,0.0,1,0,0,0.9919169280666302,0,1,0,0,0,1
634,0.4146341463414634,10,0.0,1,1,0,0.4131536061693892,1,0,0,1,1,0
671,0.39024390243902446,5,0.6566712405024686,1,1,0,0.5537393821109916,2,1,0,0,1,0
655,0.4634146341463415,6,0.4348116400567259,2,1,0,0.00882054236179555,1,1,0,0,0,1
657,0.5365853658536586,10,0.0,2,1,1,0.2649208999459448,1,0,0,1,0,1
738,0.7560975609756098,6,0.42555453491096734,1,1,0,0.6174974210037059,2,1,0,0,0,1
611,0.853658536585366,3,0.3330765092711547,1,0,0,0.006120134472842155,1,1,0,0,0,1
487,0.5100518941359626,5,0.4398918700417369,1,0,0,0.056869781064091615,0,0,1,0,1,0
510,0.1951219512195122,6,0.5429060061796405,1,0,0,0.7987300287177425,0,1,0,0,1,0
527,0.43902439024390244,6,0.0,2,1,1,0.5113923879730514,0,0,0,1,1,0
601,0.1951219512195122,7,0.4205480001860517,2,1,0,0.25031895546024646,1,0,1,0,1,0
716,0.5609756097560976,8,0.502776007581405,2,1,1,0.690263970209155,2,0,1,0,0,1
692,0.7560975609756098,9,0.0,2,1,0,0.8917404112092705,2,0,0,1,1,0
814,0.7317073170731709,7,0.0,2,1,1,0.6643562960262704,4,1,0,0,1,0
736,0.2926829268292683,9,0.0,2,1,0,0.17086006713641153,2,1,0,0,1,0
825,0.34146341463414637,1,0.0,2,1,1,0.21463834796223039,4,0,0,1,1,0
674,0.09756097560975613,3,0.0,1,1,1,0.8697281090344127,2,1,0,0,0,1
650,0.2926829268292683,6,0.0,1,0,0,0.3399602162006472,1,0,0,1,1,0
706,0.26829268292682934,2,0.0,2,1,1,0.09122836230860046,2,0,0,1,0,1
530,0.6585365853658538,1,0.0,1,0,1,0.953352595172839,0,1,0,0,1,0
850,0.6585365853658538,5,0.41415165814933075,1,1,0,0.30038633689517347,4,0,1,0,1,0
714,0.5100518941359626,4,0.5499706275165347,2,0,1,0.2565092966378289,2,0,1,0,0,1
685,0.3658536585365854,1,0.0,3,0,1,0.351081278262074,2,1,0,0,1,0
688,0.5100518941359626,6,0.4949392002147167,1,1,1,0.6938041082923418,2,0,0,1,0,1
800,0.5365853658536586,5,0.38965784873053444,1,1,0,0.4931899496401906,3,1,0,0,1,0
669,0.3658536585365854,9,0.0,2,0,1,0.5360984474017269,1,1,0,0,1,0
676,0.4146341463414634,5,0.42581699207036616,2,1,0,0.4209812037049538,2,1,0,0,0,1
651,0.4634146341463415,9,0.4561755731181533,1,0,1,0.8791306069729659,1,0,1,0,0,1
496,0.5100518941359626,4,0.4993761809824858,1,1,1,0.1576219528965016,0,0,1,0,1,0
583,0.5365853658536586,9,0.4491905059938878,1,0,0,0.14602419531065217,1,1,0,0,0,1
637,0.5100518941359626,2,0.0,2,0,1,0.5125681502583497,1,1,0,0,0,1
731,0.5121951219512195,2,0.0,2,1,0,0.6836930426855764,2,0,0,1,1,0
529,0.6341463414634148,1,0.0,2,0,0,0.07075535713660654,0,0,0,1,1,0
751,0.26829268292682934,3,0.6361046829810463,1,1,0,0.19963321497202982,3,1,0,0,0,1
602,0.48780487804878053,7,0.44574249249964404,2,1,0,0.6219495461816603,1,1,0,0,0,1
709,0.34146341463414637,4,0.5871224846709675,1,0,1,0.20426935772366261,2,1,0,0,0,1
521,0.2926829268292683,2,0.4277278077326137,1,1,0,0.3214719005665041,0,1,0,0,0,1
591,0.4146341463414634,7,0.7294884149974996,1,1,1,0.28011280077247375,1,1,0,0,0,1
678,0.4634146341463415,8,0.5938702442892252,2,1,1,0.10731444852983457,2,0,1,0,1,0
522,0.39024390243902446,3,0.0,2,1,1,0.019415654194975616,0,1,0,0,1,0
735,0.7804878048780488,9,0.0,1,0,0,0.8334084405060683,2,0,0,1,0,1
479,0.8048780487804879,1,0.4293166998600907,3,1,0,0.43062427461822606,0,0,1,0,0,1
594,0.9268292682926831,7,0.0,1,1,0,0.13103386373398657,1,1,0,0,1,0
561,0.7560975609756098,5,0.3776593117946813,1,1,1,0.13341139078782022,0,0,1,0,0,1
706,0.3170731707317073,1,0.4664048259594165,2,1,0,0.2721657418283446,2,0,1,0,0,1
680,0.4634146341463415,6,0.49478483475103385,2,1,0,0.4641181732855488,2,0,0,1,1,0
640,0.7317073170731709,1,0.44479940042588617,1,0,1,0.6799849385616326,1,0,1,0,0,1
625,0.6097560975609757,4,0.4876533336702564,1,1,0,0.3560591036443981,1,1,0,0,0,1
678,0.2926829268292683,0,0.0,1,1,0,0.17552426256707515,2,0,0,1,0,1
686,0.6097560975609757,5,0.617167870827554,2,1,1,0.7595326353666775,2,0,1,0,1,0
850,0.39024390243902446,2,0.0,2,0,0,0.2595620881794211,4,1,0,0,1,0
666,0.5100518941359626,9,0.4619290645058319,1,1,1,0.1254292284913209,1,1,0,0,1,0
745,1.0,8,0.0,1,1,1,0.18058424579547347,3,0,0,1,1,0
486,0.5121951219512195,8,0.38987686195618315,1,0,1,0.6026562036674502,0,1,0,0,1,0
671,0.39024390243902446,6,0.1485330956485161,2,0,0,0.784602629551122,2,0,1,0,1,0
718,0.2439024390243903,4,0.2616333189304072,1,1,0,0.14376077915440924,2,0,1,0,0,1
762,0.26829268292682934,10,0.4605269414366607,2,1,0,0.741295043676671,3,0,0,1,0,1
666,0.5365853658536586,5,0.0,2,1,0,0.7394029629829648,1,1,0,0,0,1
648,0.6341463414634148,2,0.0,2,1,1,0.29323125358471736,1,1,0,0,1,0
607,0.5121951219512195,10,0.0,3,1,0,0.6637111344133364,1,1,0,0,1,0
642,0.48780487804878053,3,0.0,2,0,0,0.8573431262685586,1,1,0,0,0,1
676,0.1951219512195122,1,0.4318433033906317,1,0,0,0.30112955787277684,2,0,1,0,1,0
790,0.5100518941359626,2,0.6536976028793205,1,1,0,0.9971393768104854,3,0,1,0,1,0
458,0.4146341463414634,9,0.5850204758433992,2,1,1,0.017325654600014298,0,0,1,0,0,1
705,0.3658536585365854,3,0.5756439198082377,2,1,0,0.5692224107402257,2,1,0,0,0,1
501,0.9512195121951221,10,0.0,2,1,1,0.23920089368534694,0,1,0,0,0,1
627,0.5609756097560976,6,0.0,3,1,1,0.6935120804036785,1,1,0,0,1,0
641,0.853658536585366,0,0.49356900245832885,2,0,1,0.8005718046073399,1,1,0,0,1,0
543,0.5100518941359626,3,0.4874674414619896,2,0,0,0.16995183039980316,0,0,1,0,1,0
443,0.6341463414634148,2,0.0,1,1,0,0.79584660335062,0,1,0,0,0,1
521,0.5121951219512195,7,0.0,2,0,1,0.0032103065842787985,0,1,0,0,0,1
706,0.6341463414634148,2,0.7410665421964752,2,1,0,0.32704038235651506,2,0,1,0,1,0
739,0.5609756097560976,5,0.0,2,0,0,0.719422054806234,2,1,0,0,0,1
780,0.6097560975609757,0,0.0,1,0,1,0.07847594445269522,3,1,0,0,1,0
534,0.43902439024390244,4,0.4784331359397755,1,1,0,0.18133911788575807,0,1,0,0,0,1
723,0.5365853658536586,7,0.5693823735366021,2,0,0,0.19005895062978512,2,1,0,0,1,0
516,0.6829268292682928,6,0.24795840414727752,1,0,1,0.8584333803878269,0,1,0,0,1,0
531,0.5100518941359626,3,0.0,1,1,1,0.21290908281740906,0,1,0,0,0,1
718,0.1951219512195122,7,0.5879958273098054,1,0,0,0.2554642968403482,2,0,1,0,0,1
691,0.48780487804878053,5,0.4573719951395406,1,1,0,0.5383186094272003,2,0,1,0,1,0
714,0.5100518941359626,3,0.0,2,0,1,0.7523435988136866,2,0,0,1,0,1
744,0.48780487804878053,9,0.0,2,0,0,0.10465589463793791,3,1,0,0,1,0
573,0.9268292682926831,3,0.616464517525821,1,0,1,0.5773085829696736,0,0,0,1,0,1
597,0.5100518941359626,5,0.0,2,0,1,0.4757831872943866,1,0,0,1,0,1
520,0.6097560975609757,3,0.6010614508862943,3,0,1,0.12661934214717505,0,0,1,0,0,1
648,0.853658536585366,6,0.4432134577030858,1,1,1,0.6077115864565066,1,0,0,1,1,0
588,0.7560975609756098,6,0.5285961323978194,3,1,0,0.18142412600403338,1,0,1,0,0,1
825,0.34146341463414637,9,0.0,2,0,0,0.04870190103154851,4,1,0,0,0,1
601,0.4634146341463415,5,0.0,1,0,0,0.10349498377095011,1,1,0,0,1,0
601,0.878048780487805,1,0.5222836491102822,2,1,1,0.9983449419419553,1,0,1,0,1,0
551,0.7804878048780488,1,0.48386171453118676,1,0,1,0.42252465110418047,0,0,1,0,0,1
662,0.34146341463414637,4,0.5338835779897727,1,1,1,0.243593763204386,1,1,0,0,1,0
655,0.8292682926829269,9,0.5767152312717886,1,1,1,0.2450944565205977,1,0,1,0,0,1
543,0.3170731707317073,4,0.5512913231025395,1,0,0,0.30919027767151763,0,1,0,0,1,0
710,0.14634146341463422,7,0.4109205056124581,2,1,0,0.8664079419584569,2,0,1,0,1,0
622,0.3170731707317073,1,0.3574715933469243,1,1,1,0.7615421772779299,1,1,0,0,1,0
612,0.3658536585365854,0,0.2586720369214449,2,1,0,0.5121216076135271,1,1,0,0,1,0
648,0.7560975609756098,10,0.0,2,1,1,0.7991973233443793,1,0,0,1,1,0
850,0.6829268292682928,9,0.46887718435799974,1,1,0,0.4445879581500033,4,1,0,0,0,1
716,0.12195121951219517,2,0.37650669241842377,2,0,1,0.929535270618344,2,1,0,0,1,0
670,0.5853658536585367,3,0.32518796775216585,1,1,0,0.9411709818287646,1,0,0,1,0,1
597,0.26829268292682934,5,0.0,2,1,1,0.8741534316527229,1,1,0,0,1,0
702,0.12195121951219517,7,0.39368665580515183,1,1,0,0.5730166230875049,2,0,1,0,1,0
646,0.7804878048780488,5,0.5685361733921531,2,1,1,0.7110525055142766,1,0,0,1,1,0
744,0.7073170731707319,9,0.0,2,1,0,0.5658119850445718,3,1,0,0,0,1
817,0.9756097560975612,3,0.45567341704354947,2,1,1,0.21411809827838557,4,0,1,0,0,1
760,0.5609756097560976,6,0.0,2,0,0,0.5074467111609158,3,0,0,1,1,0
543,0.17073170731707316,1,0.5841655071985603,1,0,1,0.8070565739028077,0,0,1,0,1,0
560,0.2926829268292683,0,0.43397416855584675,1,1,0,0.13953017513172508,0,1,0,0,1,0
534,0.26829268292682934,7,0.6969040696961862,1,1,1,0.3958714557240216,0,1,0,0,0,1
726,0.7317073170731709,4,0.0,1,1,0,0.5700968442486257,2,1,0,0,1,0
726,0.39024390243902446,0,0.740279649000118,1,1,1,0.5101749217050229,2,1,0,0,1,0
771,0.34146341463414637,5,0.24839415875983756,1,1,1,0.20456458591795512,3,1,0,0,0,1
800,0.7560975609756098,7,0.4304829901255925,1,0,0,0.23559014885921603,3,1,0,0,1,0
706,0.6097560975609757,1,0.0,2,1,0,0.15977120815037835,2,0,0,1,1,0
850,0.4146341463414634,9,0.4067407209038539,1,1,1,0.01879244467846679,4,1,0,0,0,1
584,0.48780487804878053,1,0.45971473915963257,1,0,1,0.8681896121079563,1,1,0,0,0,1
537,0.2439024390243903,0,0.3545794629205826,2,1,1,0.9492324016943617,0,1,0,0,0,1
629,0.5121951219512195,5,0.0,2,0,0,0.5837385470312414,1,0,0,1,0,1
554,0.902439024390244,0,0.4323559019520635,1,0,1,0.7000239522874434,0,0,1,0,1,0
751,0.2926829268292683,3,0.6586626466546638,1,0,0,0.674116728147538,3,1,0,0,0,1
491,0.5100518941359626,5,0.33134688271241924,1,1,0,0.9397645975190629,0,1,0,0,0,1
680,0.6341463414634148,0,0.5180381803623934,2,1,1,0.16691494037680596,2,0,1,0,0,1
779,0.39024390243902446,5,0.0,2,0,1,0.5583785751539272,3,0,0,1,1,0
831,0.6341463414634148,10,0.0,1,0,1,0.23861153740182187,4,0,0,1,1,0
733,0.43902439024390244,1,0.0,2,0,1,0.5418829498217079,2,0,0,1,0,1
485,0.5100518941359626,3,0.0,2,1,0,0.7072589432290782,0,1,0,0,1,0
487,0.6829268292682928,4,0.5383483788178699,2,1,1,0.2211856732317936,0,0,1,0,1,0
811,0.5100518941359626,1,0.4046060693407431,1,1,1,0.6088252428106884,4,1,0,0,0,1
648,0.7560975609756098,5,0.0,1,1,0,0.7497458507287446,1,0,0,1,0,1
751,0.26829268292682934,10,0.5888352119380423,1,0,1,0.47474378803175704,3,1,0,0,0,1
664,0.48780487804878053,4,0.29616084363177103,2,1,0,0.7719936253912248,1,1,0,0,1,0
730,0.5853658536585367,4,0.0,2,0,1,0.4298955050207295,2,0,0,1,0,1
574,0.4146341463414634,5,0.6530809381609881,1,1,1,0.07554031409999655,0,0,1,0,0,1
608,0.5609756097560976,5,0.0,2,1,1,0.36228794849908164,1,1,0,0,1,0
597,0.4146341463414634,0,0.5082182570620606,1,1,1,0.7767979842074918,1,0,0,1,0,1
625,0.6341463414634148,7,0.0,1,1,0,0.023903382773054826,1,1,0,0,1,0
569,0.2439024390243903,7,0.0,2,1,0,0.3698635719711232,0,1,0,0,0,1
637,0.09756097560975613,5,0.39378538114817857,1,1,0,0.6143285183735047,1,0,0,1,1,0
850,0.6097560975609757,5,0.515368969130056,2,0,1,0.0961741846346326,4,0,1,0,0,1
558,0.3658536585365854,0,0.43235677880210255,1,1,1,0.5454777431244684,0,1,0,0,0,1
710,0.9756097560975612,7,0.6780163212880577,2,0,1,0.05242030613923629,2,0,1,0,0,1
802,0.48780487804878053,7,0.0,2,0,1,0.2887929297247887,4,0,0,1,0,1
721,0.6585365853658538,7,0.5521094241889208,1,0,0,0.2979928083131939,2,0,1,0,1,0
730,0.39024390243902446,5,0.2957271615738486,2,1,0,0.4843659569488886,2,1,0,0,1,0
652,0.7804878048780488,8,0.4999545432968422,1,1,1,0.08575498960150693,1,0,1,0,0,1
628,0.3658536585365854,8,0.6063971630872121,1,1,1,0.160827609036663,1,0,1,0,0,1
501,0.21951219512195125,4,0.37996235842209886,2,1,0,0.6605289805176394,0,0,1,0,0,1
501,0.5100518941359626,2,0.0,2,0,0,0.7097444805978971,0,1,0,0,1,0
783,0.5609756097560976,5,0.42503512083332323,1,1,0,0.8847563942356494,3,0,1,0,1,0
603,0.4146341463414634,6,0.5141281067544198,2,1,0,0.6524222063207036,1,1,0,0,0,1
729,0.6341463414634148,6,0.0,2,1,0,0.7586817041027417,2,1,0,0,0,1
696,0.5100518941359626,8,0.0,2,0,0,0.14133974794592882,2,1,0,0,1,0
702,0.39024390243902446,4,0.3987864953455804,1,1,0,0.5474766340185487,2,1,0,0,0,1
727,0.2439024390243903,5,0.0,2,0,1,0.0982168797120125,2,1,0,0,0,1
653,0.21951219512195125,6,0.42946393095300167,2,1,1,0.16690513944081656,1,0,0,1,1,0
622,0.3658536585365854,3,0.386316691370588,2,1,0,0.2427341311095209,1,0,1,0,0,1
622,0.5365853658536586,4,0.39777010657992656,2,1,0,0.9868969986633723,1,1,0,0,0,1
645,0.6341463414634148,8,0.45339436422174445,2,1,0,0.7487971601287922,1,0,0,1,0,1
551,0.21951219512195125,2,0.45386244271528736,1,1,1,0.4256315978175916,0,0,0,1,0,1
721,0.43902439024390244,2,0.0,2,1,1,0.5348821812483092,2,0,0,1,1,0
630,0.5365853658536586,7,0.0,2,1,1,0.17222439742995455,1,1,0,0,1,0
552,0.5121951219512195,2,0.5297245586843647,1,0,1,0.7469355823481142,0,0,1,0,0,1
672,0.39024390243902446,1,0.5665716705934271,2,1,1,0.8437893818859701,2,1,0,0,1,0
563,0.5121951219512195,5,0.0,2,1,1,0.0879695510921293,0,1,0,0,1,0
523,0.43902439024390244,8,0.4530944815084085,1,0,0,0.06593559684949912,0,0,0,1,1,0
599,0.5609756097560976,1,0.0,2,1,0,0.4803370721903942,1,1,0,0,1,0
638,0.902439024390244,2,0.6210817308334233,1,0,1,0.5449303908523264,1,0,0,1,1,0
533,0.5100518941359626,7,0.3400253066892618,1,0,1,0.7836764911049005,0,1,0,0,0,1
509,0.3170731707317073,3,0.0,2,1,0,0.07675398000509048,0,1,0,0,0,1
538,0.5100518941359626,5,0.0,2,1,0,0.6346713611149865,0,0,0,1,0,1
678,0.4634146341463415,2,0.4519088606852289,1,1,1,0.6756264223233318,2,0,1,0,1,0
684,0.1951219512195122,5,0.34714855740830874,1,0,0,0.530471860062636,2,1,0,0,1,0
840,0.8048780487804879,1,0.3498624879926348,1,0,1,0.18339516423818472,4,0,1,0,1,0
665,0.39024390243902446,5,0.27029587989290793,1,1,1,0.14816414967629407,1,1,0,0,1,0
710,0.09756097560975613,8,0.0,2,0,0,0.4982148795209942,2,0,0,1,0,1
483,0.7317073170731709,1,0.0,2,1,1,0.5502915528432966,0,1,0,0,0,1
518,0.6829268292682928,4,0.4528768234146382,1,0,0,0.46362347604196197,0,0,1,0,0,1
743,0.2926829268292683,7,0.30928585386999163,1,0,0,0.7220465554460451,3,1,0,0,0,1
733,0.5121951219512195,1,0.0,2,1,1,0.7092163801643057,2,1,0,0,0,1
611,0.6097560975609757,8,0.25866179371871667,1,1,0,0.5749786604620741,1,1,0,0,1,0
593,0.6585365853658538,6,0.3159041585370379,1,1,0,0.2767049253203681,1,0,0,1,1,0
555,0.8048780487804879,5,0.0,3,1,0,0.9456468592750608,0,1,0,0,0,1
694,0.5100518941359626,3,0.6252108176670458,2,0,0,0.44443829385706335,2,1,0,0,0,1
576,0.8292682926829269,9,0.6784770262699091,2,0,0,0.7424008492811063,0,1,0,0,1,0
462,0.14634146341463422,9,0.2785238022338074,2,0,1,0.32207795844503145,0,0,1,0,1,0
757,0.9512195121951221,3,0.3550422006002517,1,1,1,0.26586353996806694,3,1,0,0,0,1
636,0.5121951219512195,3,0.471650222606318,1,1,0,0.9234891432131768,1,1,0,0,1,0
651,0.6585365853658538,8,0.38231817547913577,1,1,0,0.42389468194212543,1,0,0,1,1,0
695,0.12195121951219517,1,0.0,2,1,1,0.7087913895777047,2,1,0,0,1,0
533,0.6097560975609757,4,0.3206164702170511,2,0,1,0.06263518165984851,0,0,1,0,0,1
695,0.4146341463414634,7,0.0,2,1,0,0.8019585870450628,2,0,0,1,0,1
570,0.48780487804878053,1,0.5069850471958556,1,1,0,0.7358537740354203,0,0,1,0,0,1
525,0.2926829268292683,5,0.0,2,0,1,0.7459905420967702,0,0,0,1,1,0
658,0.26829268292682934,3,0.5799679064914365,1,1,0,0.10098684424362525,1,1,0,0,0,1
632,0.5609756097560976,3,0.3263371992987273,1,1,1,0.1681692101595702,1,0,1,0,1,0
670,0.3658536585365854,9,0.3368757410628355,2,0,1,0.9901219066420842,1,0,1,0,1,0
747,0.5609756097560976,5,0.37673132545568605,2,1,0,0.9746694809354292,3,0,0,1,1,0
481,0.4634146341463415,8,0.0,2,1,0,0.22104250955966293,0,0,0,1,1,0
758,0.5100518941359626,2,0.3818831781461549,3,1,1,0.3396949908716282,3,1,0,0,1,0
593,0.6829268292682928,7,0.39359610111021576,1,1,0,0.7278135061898411,1,1,0,0,1,0
639,0.4146341463414634,10,0.510860405513649,2,1,0,0.2954372642587367,1,0,1,0,0,1
600,0.3170731707317073,8,0.0,2,1,1,0.6077776927696594,1,1,0,0,0,1
662,0.3658536585365854,0,0.4124045743034553,1,1,1,0.8135347925726907,1,0,1,0,0,1
528,0.12195121951219517,7,0.41747982218597207,1,1,0,0.8513382528031427,0,0,0,1,0,1
763,0.9756097560975612,9,0.7489556815677633,1,0,1,0.1790851026273009,3,1,0,0,1,0
651,0.5853658536585367,2,0.5705339167787209,2,1,0,0.21802322121762624,1,0,0,1,0,1
828,0.39024390243902446,8,0.5158801328459695,2,0,0,0.19061915412921931,4,1,0,0,0,1
850,0.21951219512195125,7,0.17400821983140646,2,1,1,0.015070989279476189,4,1,0,0,1,0
587,0.7317073170731709,1,0.0,2,1,1,0.044486348446276615,1,0,0,1,0,1
484,0.878048780487805,3,0.5356282704264509,1,0,0,0.2497399001604653,0,0,1,0,0,1
660,0.39024390243902446,8,0.42442196351514677,2,0,1,0.9113424332023707,1,1,0,0,0,1
611,0.4634146341463415,6,0.0,2,1,0,0.5539093983475422,1,1,0,0,1,0
668,0.14634146341463422,7,0.6933584867066944,1,0,0,0.5322784825950878,1,0,0,1,1,0
563,0.6341463414634148,7,0.418525744855212,2,1,1,0.9890973587977652,0,0,1,0,0,1
850,0.48780487804878053,2,0.4094935517444553,2,0,1,0.11982779355428441,4,0,1,0,1,0
643,0.4146341463414634,2,0.0,2,0,0,0.33987130770988633,1,0,0,1,0,1
699,0.5100518941359626,1,0.0,2,0,0,0.46912005096486714,2,1,0,0,1,0
581,0.5121951219512195,1,0.4843540658280819,1,0,0,0.808297042367546,1,0,1,0,0,1
801,0.5853658536585367,4,0.5657582726118003,1,1,1,0.05293860563683832,4,0,0,1,0,1
711,0.48780487804878053,10,0.0,2,0,0,0.2665264532762879,2,1,0,0,0,1
663,0.5853658536585367,5,0.35970297741206403,1,1,1,0.3958285516266803,1,0,1,0,0,1
516,0.4634146341463415,8,0.45095249629042616,1,0,0,0.016760500627809954,0,1,0,0,1,0
569,0.5609756097560976,2,0.0,2,1,0,0.6713690657457787,0,0,0,1,0,1
486,0.5365853658536586,9,0.28433891226513525,1,1,0,0.38093952972508877,0,0,1,0,1,0
495,0.39024390243902446,9,0.4669637780024552,1,1,1,0.5803437228255298,0,0,1,0,1,0
642,0.2926829268292683,8,0.46829479650482797,1,0,0,0.3098607917056079,1,1,0,0,0,1
749,0.6829268292682928,10,0.3114266832401953,2,1,1,0.3673320802136604,3,0,1,0,0,1
707,0.3658536585365854,8,0.5447571163255966,1,1,0,0.2714211207170285,2,1,0,0,0,1
687,0.4146341463414634,1,0.4987731871533977,2,1,1,0.7426983776950699,2,0,1,0,0,1
554,0.6097560975609757,5,0.3981970926920967,1,0,0,0.12487097517812949,0,0,1,0,0,1
481,0.5365853658536586,3,0.0,1,1,1,0.16155717871056685,0,1,0,0,0,1
753,0.3658536585365854,5,0.4885172700995851,2,1,1,0.4140858952029919,3,1,0,0,0,1
837,0.26829268292682934,9,0.0,2,1,1,0.209293387518508,4,1,0,0,1,0
774,0.7073170731707319,6,0.37753527737098364,1,0,1,0.3072262401059301,3,1,0,0,1,0
590,0.34146341463414637,9,0.0,2,1,0,0.6944541703732706,1,1,0,0,0,1
635,0.5100518941359626,4,0.5587813761356255,1,1,1,0.7146895028475219,1,0,0,1,0,1
570,0.5121951219512195,10,0.5168428743319649,2,1,0,0.402742361895561,0,1,0,0,0,1
626,0.4634146341463415,6,0.4315272786652143,1,1,0,0.027934467741669324,1,0,0,1,1,0
684,1.0,9,0.4881308183733085,1,0,1,0.07898499306683787,2,0,1,0,0,1
850,0.2926829268292683,2,0.0,2,0,1,0.13964103571891115,4,0,0,1,0,1
539,0.48780487804878053,8,0.3284501288949629,1,1,0,0.06556541149679794,0,0,1,0,1,0
715,0.4146341463414634,4,0.16010436747445947,2,1,1,0.9993248855265677,2,0,0,1,1,0
571,0.09756097560975613,3,0.4309203788677706,1,0,1,0.26661106135635954,0,0,0,1,1,0
614,0.43902439024390244,1,0.4715530516792695,1,1,0,0.7306852804442824,1,1,0,0,0,1
688,0.1951219512195122,1,0.0,2,1,1,0.5221716673942361,2,1,0,0,0,1
607,0.4634146341463415,4,0.5417620357333132,1,0,0,0.904480477885638,1,0,1,0,1,0
578,0.5121951219512195,2,0.0,2,1,0,0.35279529195038123,0,1,0,0,0,1
693,0.2926829268292683,6,0.5101364063791798,1,1,1,0.252252190084153,2,1,0,0,1,0
504,0.5853658536585367,7,0.5232696669791309,2,1,1,0.7485024819870297,0,0,1,0,0,1
511,0.5100518941359626,9,0.4958252173223001,1,1,0,0.9941082373366655,0,0,1,0,1,0
540,0.4634146341463415,0,0.481572817074853,1,1,0,0.14124503890121504,0,0,0,1,0,1
572,0.3658536585365854,9,0.2717984820051839,1,1,0,0.09994319457508191,0,1,0,0,0,1
808,0.7073170731707319,8,0.5547909910354439,1,0,1,0.37011924638803007,4,0,0,1,0,1
560,0.7804878048780488,3,0.0,2,1,0,0.4226414122548703,0,1,0,0,0,1
429,0.14634146341463422,4,0.38159616918566425,1,1,0,0.23081789310879186,0,1,0,0,0,1
687,0.3170731707317073,3,0.0,2,0,0,0.24110562558724355,2,0,0,1,0,1
601,0.7073170731707319,1,0.25679773010627543,2,0,1,0.4825780362024573,1,1,0,0,0,1
609,0.34146341463414637,7,0.4723846642276154,1,0,0,0.01902131653572916,1,1,0,0,0,1
632,0.5100518941359626,3,0.5332598984711284,1,1,1,0.17299432095765144,1,1,0,0,1,0
633,0.4146341463414634,10,0.0,2,1,0,0.3283508075021164,1,1,0,0,0,1
717,0.7560975609756098,1,0.4418701633001671,2,1,1,0.6226660646091701,2,0,0,1,1,0
786,0.5100518941359626,0,0.487550861786154,1,0,0,0.17352037119544914,3,0,1,0,1,0
679,0.3658536585365854,1,0.0,2,0,0,0.3480177356937587,2,1,0,0,1,0
655,0.2439024390243903,3,0.453617841411228,2,0,1,0.3841999410943745,1,0,0,1,1,0
568,0.26829268292682934,2,0.5148584829800817,2,0,1,0.5230820043314136,0,0,1,0,1,0
622,0.5100518941359626,9,0.4614074981599103,1,0,0,0.36075580217910813,1,0,1,0,0,1
686,0.5609756097560976,5,0.513661582676855,3,1,1,0.5346898628819052,2,1,0,0,0,1
806,0.34146341463414637,3,0.2541409940585837,1,1,0,0.7829823248120195,4,1,0,0,1,0
606,0.4146341463414634,0,0.5419895783184321,2,1,0,0.9339257399081612,1,1,0,0,1,0
638,0.17073170731707316,4,0.5900620845698746,2,1,1,0.5736089796575573,1,0,1,0,0,1
471,0.9756097560975612,4,0.4572118105801444,1,1,1,0.1815345865530158,0,1,0,0,1,0
484,0.43902439024390244,8,0.0,2,1,0,0.9307133831280887,0,0,0,1,0,1
717,0.2439024390243903,9,0.32881135125420846,2,0,0,0.20214975530163126,2,0,1,0,1,0
782,0.43902439024390244,1,0.5930502300754862,2,1,1,0.9784426912770169,3,1,0,0,0,1
546,0.8292682926829269,2,0.0,1,1,0,0.6866695269398226,0,1,0,0,1,0
693,0.3170731707317073,1,0.0,2,0,1,0.9113835371277956,2,1,0,0,0,1
725,0.5121951219512195,1,0.20279540589567666,2,1,1,0.9201476741028768,2,0,1,0,0,1
560,0.9512195121951221,0,0.0,2,0,1,0.5839064130624475,0,1,0,0,0,1
587,0.43902439024390244,1,0.2821235904984371,1,1,0,0.15285579772868307,1,1,0,0,1,0
630,0.3170731707317073,2,0.4478849958562858,2,1,1,0.655844633162467,1,0,1,0,1,0
777,0.5853658536585367,5,0.5880149187265635,1,1,1,0.19405788252778136,3,1,0,0,1,0
704,0.3170731707317073,0,0.0,2,1,0,0.9152211536201706,2,1,0,0,0,1
674,0.1951219512195122,6,0.6626513577684071,1,1,1,0.7468604751753792,2,1,0,0,0,1
587,0.48780487804878053,0,0.0,2,1,0,0.2370354868889979,1,1,0,0,0,1
643,1.0,3,0.6788866746653991,1,1,1,0.16081640796696084,1,0,1,0,0,1
524,0.5365853658536586,2,0.7194829582002797,1,1,0,0.9000401538346912,0,1,0,0,0,1
671,0.43902439024390244,2,0.4651102365904819,1,0,0,0.9660436571692596,2,0,1,0,0,1
734,0.4634146341463415,2,0.5197525417590864,1,0,0,0.17270229306898807,2,0,0,1,1,0
753,0.48780487804878053,1,0.46757996443894817,1,1,0,0.6101070152199535,3,0,1,0,1,0
764,0.48780487804878053,4,0.4528032477250027,1,1,0,0.4554578962290899,3,0,0,1,0,1
672,0.6585365853658538,9,0.0,1,1,1,0.46012449188897536,2,1,0,0,1,0
551,0.3170731707317073,9,0.32799699670890287,2,1,1,0.45781207105278554,0,0,1,0,0,1
792,0.2926829268292683,1,0.5069303636388783,1,1,1,0.5677634214067443,3,1,0,0,0,1
639,0.4634146341463415,5,0.39134096238038324,1,0,1,0.8669596446460637,1,1,0,0,0,1
636,0.7560975609756098,6,0.45277243840317805,2,1,0,0.7944534203016388,1,0,1,0,0,1
600,0.34146341463414637,7,0.3940960650597221,1,1,0,0.6648716452421205,1,1,0,0,1,0
743,0.17073170731707316,6,0.0,2,1,0,0.6487046012894231,3,0,0,1,0,1
527,0.3658536585365854,9,0.5267807339625423,1,0,0,0.4936599945294775,0,0,0,1,0,1
724,0.5609756097560976,5,0.0,1,0,1,0.5787670722554004,2,0,0,1,0,1
798,0.9756097560975612,9,0.0,2,0,0,0.5953567565702524,3,0,0,1,1,0
498,0.17073170731707316,8,0.48506837975530226,1,1,1,0.6610576810085362,0,0,1,0,0,1
587,0.6341463414634148,5,0.5005385652796321,2,1,1,0.2092232808233186,1,0,1,0,1,0
720,0.3658536585365854,6,0.38736293289438756,1,0,0,0.4593924219762987,2,0,0,1,0,1
666,0.6097560975609757,7,0.549150214734596,2,1,1,0.5954992201755267,1,1,0,0,0,1
820,0.5121951219512195,9,0.44375343789982624,1,1,0,0.08380165305786702,4,0,1,0,0,1
782,0.5609756097560976,4,0.0,1,1,0,0.664724981235708,3,0,0,1,1,0
608,0.2439024390243903,4,0.38533457947009486,1,1,1,0.2456328079331576,1,0,1,0,0,1
674,0.6341463414634148,4,0.5244912386539093,1,0,1,0.8567490195313652,2,0,1,0,1,0
651,0.5100518941359626,8,0.0,2,1,1,0.6338086287240431,1,1,0,0,1,0
546,0.14634146341463422,8,0.6230632524942697,1,1,1,0.6269070696251492,0,1,0,0,0,1
790,0.4634146341463415,6,0.0,2,1,1,0.5974192035339374,3,0,0,1,0,1
416,0.34146341463414637,0,0.0,2,0,1,0.004336864170528285,0,1,0,0,0,1
607,0.6585365853658538,7,0.49366497768077877,1,0,1,0.5652539317504822,1,1,0,0,0,1
656,0.34146341463414637,5,0.5458914414214951,1,1,0,0.6690773968914031,1,0,0,1,0,1
584,0.7317073170731709,2,0.849532971733663,1,1,0,0.3757842373946712,1,0,0,1,1,0
774,0.5100518941359626,9,0.521366145114935,1,1,0,0.7614662200240122,3,0,1,0,0,1
684,0.5121951219512195,4,0.5568950325608298,1,1,1,0.6030602422531351,2,0,0,1,1,0
667,0.6585365853658538,3,0.0,2,0,0,0.8182952972008827,1,0,0,1,0,1
768,0.43902439024390244,5,0.7180980931341487,2,1,0,0.08669317919861347,3,1,0,0,1,0
745,0.4146341463414634,4,0.39167432482248077,1,1,0,0.6680930528865506,3,0,1,0,0,1
702,0.2439024390243903,1,0.4106600811508769,1,1,1,0.20157070000185018,2,0,1,0,0,1
666,0.3658536585365854,2,0.49472381395968384,1,1,0,0.40940519819642773,1,0,1,0,0,1
528,0.43902439024390244,7,0.0,2,1,0,0.30265380343822834,0,0,0,1,0,1
698,0.4634146341463415,5,0.39219353961602504,2,0,0,0.12504044136215006,2,1,0,0,0,1
576,0.8292682926829269,2,0.4007580528014382,2,1,1,0.08317084281548887,0,0,0,1,0,1
603,0.4146341463414634,1,0.419875775060703,2,1,1,0.6519018566273078,1,0,1,0,0,1
699,0.6097560975609757,2,0.5439972061963485,2,1,0,0.41406129285346743,2,0,0,1,0,1
562,0.43902439024390244,5,0.0,1,0,1,0.9142456104557984,0,0,0,1,0,1
592,0.4146341463414634,6,0.31999111671196867,1,1,0,0.3633705518877053,1,0,0,1,0,1
776,0.48780487804878053,2,0.6768662926050972,1,1,0,0.8464814389774223,3,1,0,0,1,0
657,0.34146341463414637,3,0.473614725405044,2,1,1,0.3656150662388258,1,1,0,0,0,1
474,0.4634146341463415,3,0.0,2,0,0,0.28584599829283697,0,0,0,1,0,1
758,0.5365853658536586,5,0.3726605491496568,2,0,0,0.6160949870712653,3,0,0,1,1,0
604,0.17073170731707316,7,0.6592853297528093,1,1,1,0.17635764215482574,1,0,1,0,0,1
540,0.5121951219512195,1,0.3289427591895977,1,1,0,0.5704591788515803,0,0,1,0,0,1
427,0.5100518941359626,1,0.30164247165054153,1,1,1,0.28545936136901073,0,0,1,0,0,1
601,0.2439024390243903,6,0.0,2,1,0,0.07327549781004085,1,0,0,1,0,1
462,0.39024390243902446,1,0.377374574672928,2,1,0,0.692399224125904,0,0,1,0,0,1
637,0.7804878048780488,4,0.5035731838373103,1,0,1,0.08656536699254778,1,0,1,0,0,1
545,0.48780487804878053,1,0.3519083385608875,2,1,1,0.12146845023699762,0,1,0,0,0,1
661,0.4634146341463415,7,0.4380585758943004,2,1,0,0.5751853802038094,1,0,1,0,0,1
569,0.2926829268292683,6,0.4249912384745536,1,0,1,0.22053756133710767,0,0,1,0,0,1
726,0.34146341463414637,8,0.0,2,0,0,0.9254086265238329,2,1,0,0,1,0
563,0.9512195121951221,6,0.0,2,1,1,0.19644826080890723,0,0,0,1,0,1
659,0.3658536585365854,8,0.4599859648194214,1,0,1,0.00763887951299349,1,0,0,1,1,0
529,0.3170731707317073,6,0.0,1,1,0,0.05307671882664794,0,0,0,1,0,1
673,0.34146341463414637,8,0.48322711424387493,1,1,0,0.5848466028505722,2,1,0,0,0,1
726,0.14634146341463422,6,0.0,2,1,1,0.2735883776900694,2,1,0,0,1,0
454,0.39024390243902446,4,0.0,2,1,0,0.9941256389985242,0,1,0,0,0,1
763,0.34146341463414637,9,0.6404210171548138,1,1,0,0.15438859411073755,3,0,1,0,0,1
712,0.26829268292682934,8,0.5586754765650069,1,1,1,0.19081052240488966,2,1,0,0,1,0
644,0.1951219512195122,8,0.3852545868324466,2,1,1,0.6938868161909462,1,0,0,1,0,1
770,0.43902439024390244,2,0.3579148011848158,1,1,1,0.5296061273851652,3,1,0,0,0,1
647,0.6097560975609757,3,0.4891130498442615,2,1,1,0.4349855911239523,1,0,1,0,1,0
519,0.5100518941359626,10,0.28331813924928645,1,1,0,0.6898029761842256,0,1,0,0,0,1
652,0.3658536585365854,3,0.4975426875509495,1,1,0,0.9794209346992637,1,0,0,1,1,0
516,0.5100518941359626,8,0.22410792365936308,1,1,0,0.23425207107278742,0,1,0,0,1,0
446,0.5100518941359626,8,0.0,2,0,0,0.6664704479277771,0,1,0,0,0,1
601,0.14634146341463422,7,0.0,2,0,0,0.7233132764178979,1,0,0,1,0,1
634,0.4634146341463415,5,0.45973191744903286,2,0,0,0.8439316954769179,1,1,0,0,0,1
649,0.7073170731707319,1,0.0,2,1,1,0.7279808721732925,1,1,0,0,0,1
710,0.07317073170731708,4,0.43496130241565417,2,1,1,0.2809288787079166,2,1,0,0,0,1
783,1.0,9,0.5030921917341021,1,1,1,0.022062356955089207,3,0,0,1,1,0
694,0.5100518941359626,6,0.43464894451767255,2,1,1,0.0971960322210771,2,0,1,0,0,1
823,0.5100518941359626,4,0.49803065459764967,1,0,1,0.6563027769151953,4,0,1,0,1,0
572,0.12195121951219517,2,0.5056775043604358,1,0,1,0.33517470918472714,0,0,0,1,0,1
687,0.4146341463414634,3,0.0,2,1,1,0.8822773074828646,2,0,0,1,0,1
680,0.6341463414634148,7,0.4333431952391507,1,0,1,0.3616289355633463,2,1,0,0,0,1
652,0.34146341463414637,2,0.0,2,1,0,0.2731087318838949,1,1,0,0,1,0
501,0.39024390243902446,5,0.0,1,1,0,0.1368601201414735,0,1,0,0,1,0
639,0.21951219512195125,8,0.0,2,1,0,0.9612706513472036,1,1,0,0,0,1
769,0.5609756097560976,1,0.28900144277702555,1,1,0,0.12857302872424314,3,0,0,1,0,1
738,0.6097560975609757,9,0.4828735443940606,2,1,0,0.32080623699563304,2,0,1,0,0,1
587,0.6829268292682928,9,0.42985907146602836,1,1,0,0.697163679131357,1,0,1,0,0,1
642,0.2926829268292683,5,0.5171569460732045,1,1,0,0.0028550226546635196,1,0,1,0,1,0
646,0.5100518941359626,7,0.0,2,1,0,0.7678502797017115,1,1,0,0,0,1
626,0.07317073170731708,1,0.0,2,1,0,0.3311348733804078,1,1,0,0,0,1
602,0.39024390243902446,5,0.0,2,1,1,0.3870513134004297,1,1,0,0,0,1
479,0.4146341463414634,4,0.5528895018690657,1,1,1,0.23622360935469336,0,0,1,0,0,1
732,0.6097560975609757,6,0.0,2,1,0,0.3286311342733231,2,1,0,0,1,0
695,0.5121951219512195,5,0.0,2,0,0,0.5138096188185972,2,0,0,1,1,0
663,0.6341463414634148,2,0.46643878397001753,2,0,1,0.723412085854199,1,0,1,0,0,1
796,0.2926829268292683,2,0.547085511890505,2,1,0,0.3144985846148307,3,1,0,0,0,1
617,0.39024390243902446,9,0.0,2,1,0,0.5937467028101183,1,0,0,1,0,1
627,0.2926829268292683,6,0.44788288344482824,1,1,1,0.5901439087432849,1,0,1,0,0,1
850,0.39024390243902446,6,0.0,1,0,1,0.26394885711585453,4,1,0,0,0,1
576,0.5121951219512195,9,0.33766689893892776,1,0,0,0.9553501359379819,0,1,0,0,0,1
434,0.902439024390244,8,0.435791161263922,2,1,0,0.4820175326743704,0,0,1,0,0,1
794,0.2926829268292683,1,0.6176632910995856,1,0,1,0.7838592085544169,3,0,0,1,1,0
426,0.39024390243902446,3,0.0,2,1,1,0.306125484983816,0,1,0,0,1,0
556,0.5365853658536586,5,0.5018366221919027,1,1,1,0.4756095207092277,0,1,0,0,0,1
508,0.48780487804878053,3,0.6629331056286639,2,0,1,0.11302384377708069,0,1,0,0,1,0
519,0.07317073170731708,1,0.5832231325475615,2,1,1,0.9743715024784866,0,1,0,0,1,0
663,0.3658536585365854,9,0.0,2,0,0,0.4575588968746515,1,0,0,1,0,1
439,0.26829268292682934,6,0.6240359581852537,1,1,0,0.9030216385664831,0,1,0,0,1,0
617,0.39024390243902446,0,0.5230994385011062,2,1,0,0.9161746946833421,1,1,0,0,1,0
533,0.48780487804878053,1,0.5392202467543695,2,0,1,0.7647967880932628,0,0,0,1,0,1
810,0.8048780487804879,5,0.0,2,0,1,0.9226539134487343,4,1,0,0,1,0
509,0.4146341463414634,8,0.0,2,0,1,0.3371306959814662,0,1,0,0,0,1
652,0.5100518941359626,4,0.23709351474138365,1,1,0,0.8197412852927454,1,1,0,0,0,1
807,0.5853658536585367,1,0.0,1,1,0,0.08245327428769446,4,0,0,1,1,0
609,0.34146341463414637,4,0.3981025124583452,1,1,1,0.602973934010698,1,0,0,1,0,1
550,0.5121951219512195,2,0.46281815058855175,2,1,1,0.9782261705992922,0,0,0,1,0,1
633,1.0,2,0.41449793420109343,1,1,1,0.5157869076496805,1,1,0,0,0,1
576,0.5100518941359626,9,0.47641064146801604,1,1,0,0.5952823494643738,0,0,1,0,0,1
730,0.5609756097560976,4,0.6677823653420399,1,1,0,0.6412373881705702,2,1,0,0,1,0
559,0.5121951219512195,2,0.0,2,1,1,0.6057554496454411,0,0,0,1,1,0
705,0.5121951219512195,3,0.36757776832816863,1,1,1,0.27255437894318907,2,1,0,0,1,0
718,0.48780487804878053,7,0.0,2,1,0,0.19150208844944688,2,1,0,0,0,1
585,0.2926829268292683,6,0.0,2,1,1,0.6887963300495197,1,1,0,0,1,0
748,0.48780487804878053,4,0.4592357000406022,1,0,1,0.3547597295541724,3,1,0,0,0,1
763,0.34146341463414637,8,0.0,2,1,0,0.08357773167337479,3,0,0,1,1,0
608,0.5365853658536586,8,0.48517475760776024,1,0,0,0.30579355328433866,1,0,1,0,1,0
637,0.21951219512195125,1,0.0,2,1,0,0.4564416901814123,1,1,0,0,0,1
686,0.4146341463414634,8,0.42016951982376594,1,1,0,0.17674127879212462,2,1,0,0,1,0
561,0.2439024390243903,6,0.4929969773783452,1,1,1,0.35272058481584995,0,0,0,1,0,1
650,0.7804878048780488,7,0.5168144962761575,1,0,0,0.21010296483314156,1,0,0,1,1,0
697,0.26829268292682934,0,0.6883015331045367,1,0,0,0.7090047099498002,2,0,1,0,0,1
633,0.5853658536585367,1,0.0,2,1,0,0.2842973503969629,1,1,0,0,1,0
754,0.21951219512195125,7,0.0,2,1,0,0.7206841253339694,3,1,0,0,1,0
731,0.7560975609756098,4,0.35403246792353027,1,1,1,0.16875526612791522,2,0,1,0,1,0
541,0.5365853658536586,7,0.38147006220732893,2,1,0,0.2452826244906388,0,0,1,0,0,1
526,0.2439024390243903,1,0.44667713492757166,1,0,1,0.6314115498030062,0,1,0,0,0,1
726,0.1951219512195122,1,0.32196402929970497,1,1,1,0.0960805256902034,2,0,0,1,1,0
630,0.2439024390243903,9,0.0,2,0,0,0.16295441214635994,1,1,0,0,0,1
435,0.4634146341463415,8,0.4557479891536839,1,0,1,0.004847212908832793,0,0,1,0,0,1
553,0.4634146341463415,2,0.0,2,1,0,0.1693447224209912,0,1,0,0,0,1
835,0.2439024390243903,2,0.6519364495760012,2,1,1,0.7728123035749913,4,1,0,0,0,1
518,0.6585365853658538,8,0.0,2,1,1,0.18092472831155373,0,1,0,0,1,0
557,0.5100518941359626,7,0.5836841563839725,2,1,0,0.9216188145967938,0,1,0,0,1,0
683,0.5100518941359626,2,0.19005911922246999,2,1,1,0.4300805726946923,2,0,1,0,1,0
710,0.6097560975609757,9,0.5113010226582435,1,1,0,0.16494230198984,2,1,0,0,0,1
746,0.2926829268292683,1,0.44905351810370503,1,0,0,0.05849968672008176,3,0,0,1,0,1
746,0.34146341463414637,4,0.0,2,1,1,0.3645256622007402,3,1,0,0,1,0
850,0.7560975609756098,8,0.0,1,0,0,0.1292927974621576,4,0,0,1,0,1
743,0.6097560975609757,5,0.0,2,0,0,0.5653920449402918,3,1,0,0,0,1
582,0.34146341463414637,4,0.0,2,1,0,0.2983146390480291,1,1,0,0,1,0
727,0.26829268292682934,1,0.584508275850167,1,1,1,0.8674568921331988,2,1,0,0,1,0
653,0.5365853658536586,0,0.0,2,1,0,0.17893843862088826,1,1,0,0,1,0
553,0.4634146341463415,1,0.0,1,1,0,0.1522643912493643,0,1,0,0,0,1
716,0.5100518941359626,2,0.8201368930309514,2,0,0,0.32729665683072734,2,0,1,0,1,0
473,0.5365853658536586,8,0.6081204125547549,2,1,0,0.36534539048479125,0,0,1,0,0,1
642,0.2926829268292683,8,0.32269902891648167,2,1,0,0.8737165399295632,1,1,0,0,0,1
615,0.4146341463414634,7,0.0,2,1,0,0.7539355508451057,1,1,0,0,0,1
631,0.34146341463414637,10,0.0,2,0,1,0.9817491570444977,1,1,0,0,0,1
792,0.5853658536585367,0,0.3947655799213139,2,1,0,0.23576466552555767,3,1,0,0,1,0
463,0.5609756097560976,8,0.49084275611663686,2,1,0,0.35061523375482356,0,0,1,0,1,0
566,0.07317073170731708,3,0.0,2,1,1,0.01807617627483424,0,1,0,0,1,0
811,0.5121951219512195,7,0.0,2,1,1,0.8876238180746261,4,0,0,1,0,1
718,0.4146341463414634,8,0.0,2,1,0,0.47409162575025915,2,1,0,0,0,1
752,0.3170731707317073,4,0.5764805144590778,2,1,0,0.2024450335006993,3,0,0,1,1,0
642,0.5365853658536586,7,0.0,2,1,0,0.9198466453546312,1,1,0,0,1,0
743,0.12195121951219517,3,0.4392371819171681,1,1,0,0.47790498992653796,3,1,0,0,0,1
652,0.7317073170731709,8,0.5312804095080995,1,1,0,0.388801080503188,1,1,0,0,1,0
626,0.7317073170731709,2,0.0,2,1,1,0.4789627409417599,1,0,0,1,1,0
550,0.48780487804878053,2,0.4120851617483418,1,0,1,0.454376142921649,0,0,1,0,0,1
542,0.34146341463414637,7,0.42994237221973275,1,1,0,0.6265151321951246,0,1,0,0,0,1
629,0.4634146341463415,6,0.514556726996208,1,1,1,0.1198101918733239,1,1,0,0,1,0
796,0.8048780487804879,6,0.0,2,0,1,0.9737014884921509,3,1,0,0,0,1
549,0.39024390243902446,4,0.0,2,0,0,0.6973265446850174,0,1,0,0,1,0
664,0.6341463414634148,8,0.5699114329646751,1,1,1,0.5772597783088285,1,1,0,0,1,0
698,0.48780487804878053,10,0.3786833132129464,1,1,1,0.5261316455721521,2,0,0,1,0,1
711,0.6097560975609757,2,0.15561413799523147,2,1,1,0.8771443172823004,2,0,1,0,0,1
652,0.5100518941359626,7,0.0,2,0,1,0.2174446659655997,1,1,0,0,0,1
671,0.8048780487804879,3,0.38617854763262655,1,1,0,0.8820429851050774,2,0,1,0,0,1
606,0.43902439024390244,5,0.75919063393428,2,0,0,0.8967871931769484,1,0,1,0,0,1
622,0.48780487804878053,4,0.3931506214335869,1,1,1,0.5522847931977504,1,1,0,0,1,0
567,0.5100518941359626,8,0.0,2,1,0,0.7806452516215298,0,0,0,1,0,1
588,0.2926829268292683,3,0.4583816481026221,1,0,0,0.8843190524695108,1,1,0,0,0,1
505,0.6097560975609757,6,0.5067662332543066,1,0,0,0.6878371384467216,0,0,1,0,0,1
750,0.5100518941359626,1,0.6038713566930702,2,1,1,0.09956020799986398,3,1,0,0,1,0
635,0.9756097560975612,1,0.0,1,1,1,0.2945056252872149,1,1,0,0,1,0
577,0.39024390243902446,2,0.0,2,1,1,0.4201489742270387,0,1,0,0,1,0
669,0.5609756097560976,0,0.598726797800653,2,0,0,0.5391887425249111,1,1,0,0,1,0
700,0.39024390243902446,2,0.3041979713755494,1,1,0,0.6406847353922299,2,1,0,0,1,0
568,0.1951219512195122,10,0.437704248764907,2,1,0,0.7724728211544203,0,0,1,0,1,0
712,0.26829268292682934,3,0.40869426307709245,1,1,1,0.9484366256977541,2,1,0,0,0,1
687,0.7804878048780488,5,0.0,2,1,0,0.551146734513146,2,0,0,1,1,0
486,0.4634146341463415,9,0.45922226829227764,2,1,0,0.7249879863526966,0,0,1,0,0,1
745,0.43902439024390244,8,0.26794293252690765,1,1,0,0.6539525524687607,3,1,0,0,0,1
732,0.878048780487805,0,0.5350766121814639,1,0,1,0.06697049568233765,2,0,0,1,0,1
577,0.26829268292682934,7,0.0,2,1,1,0.27733433542903346,0,1,0,0,0,1
850,0.34146341463414637,4,0.0,1,1,1,0.9031384497219483,4,1,0,0,0,1
693,0.5609756097560976,4,0.0,2,0,0,0.7819241237538185,2,1,0,0,0,1
756,0.4634146341463415,3,0.5285954946887002,1,1,1,0.29484025724456686,3,1,0,0,0,1
638,0.2926829268292683,9,0.5452752948418221,2,1,1,0.5332078713517141,1,0,0,1,0,1
675,0.878048780487805,2,0.0,1,1,0,0.7479318774943007,2,1,0,0,0,1
686,0.5121951219512195,4,0.0,2,1,0,0.775135775466557,2,1,0,0,0,1
529,0.5853658536585367,1,0.6277405300295431,1,1,1,0.4113644853083469,0,1,0,0,0,1
699,0.2439024390243903,7,0.0,2,1,1,0.11337682748702499,2,1,0,0,0,1
706,0.853658536585366,3,0.0,3,0,0,0.4423794472372112,2,0,0,1,1,0
481,0.4634146341463415,8,0.6070339554996215,2,1,1,0.8754367042052515,0,1,0,0,0,1
661,0.5609756097560976,5,0.0,1,0,1,0.4413822520050665,1,1,0,0,0,1
670,0.4634146341463415,4,0.6797895910646431,2,1,0,0.9913011692616644,1,1,0,0,0,1
739,0.5365853658536586,5,0.5943888612304702,3,1,1,0.30015571487077014,2,0,1,0,0,1
683,0.2926829268292683,2,0.0,2,0,1,0.5024742862943411,2,1,0,0,1,0
659,0.26829268292682934,9,0.3304787214601754,1,1,1,0.42064967204368015,1,0,1,0,0,1
569,0.48780487804878053,8,0.0,2,0,0,0.39807406607331,0,0,0,1,0,1
621,0.5121951219512195,8,0.0,2,1,0,0.1805741448308313,1,0,0,1,0,1
850,0.21951219512195125,6,0.38523497727702916,2,0,0,0.7637158348622293,4,1,0,0,0,1
683,0.4146341463414634,9,0.24381229845153468,1,0,0,0.4147373074128579,2,0,0,1,0,1
564,0.3170731707317073,0,0.44052615147448915,1,1,1,0.435287519958156,0,1,0,0,0,1
647,0.4146341463414634,6,0.44906160903815573,1,0,1,0.6129220840590276,1,1,0,0,1,0
521,0.09756097560975613,5,0.0,2,1,1,0.4991320171076337,0,1,0,0,0,1
630,0.5121951219512195,7,0.5399928313523631,1,1,0,0.7044153716679943,1,0,0,1,1,0
629,0.34146341463414637,3,0.0,2,1,1,0.07697265088815981,1,0,0,1,0,1
687,0.7073170731707319,1,0.36357108178862585,1,0,0,0.7942454004357415,2,0,1,0,1,0
481,0.5121951219512195,1,0.4433397241087009,1,1,1,0.6199770578090207,0,0,0,1,0,1
629,0.43902439024390244,1,0.6447154300776065,2,1,1,0.7318705936416927,1,0,0,1,0,1
715,0.5609756097560976,4,0.37572187177670424,1,0,1,0.7641206735243214,2,1,0,0,0,1
609,0.5609756097560976,6,0.0,1,0,1,0.5629218090327626,1,1,0,0,0,1
664,0.43902439024390244,2,0.5068224313704421,2,1,0,0.3906831602418031,1,0,1,0,1,0
775,0.2439024390243903,9,0.44307910036301995,1,1,0,0.746668456837628,3,1,0,0,0,1
685,0.3658536585365854,6,0.0,2,0,1,0.9339563428307404,2,1,0,0,1,0
565,1.0,9,0.27552856221424404,1,1,1,0.8535512641457258,0,0,1,0,0,1
521,0.17073170731707316,7,0.0,2,1,1,0.7894108387350992,0,1,0,0,0,1
850,0.26829268292682934,1,0.0,2,0,0,0.7649996074625127,4,1,0,0,0,1
694,0.5121951219512195,9,0.0,2,0,0,0.49961001275621814,2,0,0,1,1,0
569,0.6097560975609757,7,0.0,2,1,0,0.2626412322376787,0,1,0,0,0,1
792,0.2439024390243903,4,0.5187077749376251,1,1,0,0.1909142323091855,3,1,0,0,1,0
761,0.48780487804878053,1,0.4803947690474647,2,1,0,0.5469674353900797,3,0,1,0,1,0
543,0.4634146341463415,3,0.0,2,1,1,0.3945581803062192,0,0,0,1,0,1
754,0.5121951219512195,3,0.6407438573964434,1,1,1,0.12073378007599724,3,0,1,0,1,0
625,0.9756097560975612,10,0.2143210018059524,1,1,1,0.9603943176573362,1,1,0,0,1,0
761,0.4634146341463415,7,0.5290202488189528,1,1,0,0.9965023159711752,3,0,0,1,0,1
774,0.6097560975609757,1,0.44100192233428326,1,0,0,0.5440154534758069,3,0,0,1,1,0
802,0.5609756097560976,4,0.36173109169543705,2,0,1,0.8459411873833951,4,0,1,0,1,0
562,0.5100518941359626,3,0.3680696014864044,1,1,1,0.815603740157185,0,1,0,0,0,1
594,0.7560975609756098,2,0.5046508723920538,2,0,1,0.6160746351276547,1,0,0,1,1,0
572,0.8048780487804879,8,0.38960069405072,3,1,1,0.9651055675817041,0,0,1,0,0,1
457,0.5853658536585367,4,0.5052751497629975,1,0,1,0.6305343160271806,0,0,1,0,0,1
774,0.4146341463414634,3,0.4839360076435815,1,1,1,0.12195559675949051,3,1,0,0,1,0
679,0.5100518941359626,9,0.0,2,1,0,0.7893752353349743,2,1,0,0,0,1
681,0.9512195121951221,2,0.6907431220381153,1,0,1,0.6598284136135001,2,0,0,1,1,0
696,0.2926829268292683,8,0.0,2,1,1,0.9807079576099517,2,1,0,0,1,0
549,0.6585365853658538,3,0.5728780557875113,2,1,1,0.482010031958052,0,0,1,0,1,0
589,0.6829268292682928,10,0.0,2,0,1,0.8418693485227838,1,0,0,1,1,0
599,0.9756097560975612,4,0.0,1,0,0,0.8820620869293017,1,1,0,0,0,1
452,0.6341463414634148,3,0.35439030245307973,1,1,0,0.3484640783194795,0,0,0,1,0,1
599,0.39024390243902446,2,0.4045732671779208,1,0,0,0.9901878629409108,1,0,0,1,0,1
695,0.5853658536585367,0,0.0,2,0,1,0.7036324969034543,2,1,0,0,1,0
741,0.4634146341463415,8,0.6809142309532926,2,0,0,0.5492103495883857,3,0,1,0,1,0
845,0.2439024390243903,9,0.0,2,1,1,0.2808988258378675,4,1,0,0,1,0
606,0.5365853658536586,5,0.0,2,1,1,0.35447230210485103,1,1,0,0,0,1
776,0.4634146341463415,2,0.0,1,0,1,0.04027094587533109,3,1,0,0,0,1
679,0.5365853658536586,7,0.0,2,1,1,0.8188067460442472,2,0,0,1,1,0
686,0.39024390243902446,1,0.0,2,1,0,0.43637617392460976,2,1,0,0,1,0
785,0.43902439024390244,4,0.5398143923694279,1,0,0,0.9531681775609571,3,1,0,0,1,0
416,0.4146341463414634,8,0.0,1,0,0,0.5985631627820457,0,0,0,1,0,1
628,0.7804878048780488,4,0.5701699841557184,1,0,1,0.548038487675573,1,1,0,0,1,0
745,0.878048780487805,8,0.0,1,1,0,0.8695865955198722,3,0,0,1,1,0
579,0.4634146341463415,4,0.0,2,1,1,0.16119064370647396,0,0,0,1,0,1
635,0.48780487804878053,0,0.4115501237972757,1,0,0,0.7917408612522495,1,0,0,1,0,1
567,0.26829268292682934,5,0.5171449491703982,1,1,0,0.5462822199520053,0,0,1,0,0,1
520,0.39024390243902446,8,0.47835700941366277,2,1,1,0.0016591584496319397,0,0,1,0,0,1
652,0.2439024390243903,8,0.6250493975462309,2,1,0,0.9912943686122023,1,0,0,1,0,1
637,0.21951219512195125,9,0.5139147930540245,1,1,0,0.23389903735806766,1,1,0,0,0,1
545,0.2926829268292683,3,0.0,2,1,0,0.8515605740348202,0,1,0,0,0,1
773,0.17073170731707316,1,0.49634805908646024,2,0,1,0.05856554300935739,3,1,0,0,0,1
584,0.6341463414634148,5,0.38131717144598437,2,1,1,0.5328173840601778,1,1,0,0,1,0
756,0.2439024390243903,6,0.0,1,1,1,0.8219938504127143,3,1,0,0,1,0
591,0.5121951219512195,3,0.0,3,1,0,0.702356075005163,1,0,0,1,1,0
557,0.5121951219512195,7,0.1975811374251594,1,1,0,0.5764370997430255,0,1,0,0,1,0
685,0.48780487804878053,4,0.44559151486565723,2,1,1,0.5109141923053652,2,0,1,0,0,1
654,0.34146341463414637,6,0.0,2,1,1,0.6895007973261447,1,1,0,0,0,1
815,0.5121951219512195,6,0.0,1,1,1,0.42582216601685463,4,0,0,1,1,0
660,0.2439024390243903,2,0.6811133954826042,2,1,0,0.20875653624921178,1,0,1,0,0,1
793,0.8292682926829269,2,0.0,1,1,0,0.79563718335101,3,0,0,1,0,1
492,0.5121951219512195,10,0.4965229109555996,2,1,0,0.7429361003975878,0,0,1,0,0,1
589,0.5100518941359626,7,0.0,2,0,0,0.47991613199060507,1,1,0,0,1,0
576,0.6585365853658538,5,0.5325588967217727,1,0,0,0.676231030063371,0,0,0,1,0,1
625,0.5100518941359626,9,0.4326304755847285,3,1,0,0.6690448437825811,1,1,0,0,0,1
567,0.878048780487805,5,0.36794345465124906,2,1,0,0.7929711287427949,0,0,0,1,1,0
672,0.2439024390243903,4,0.6666809619794237,1,1,1,0.8473695237895218,2,1,0,0,0,1
705,0.3170731707317073,3,0.47746345936710805,1,0,0,0.9126714601244418,2,1,0,0,1,0
567,0.5609756097560976,0,0.5355915224384531,1,1,1,0.5287272934565251,0,0,1,0,0,1
795,0.9268292682926831,5,0.0,1,1,0,0.17705245850978768,3,0,0,1,1,0
658,0.34146341463414637,9,0.0,2,1,0,0.7838907115629542,1,1,0,0,1,0
646,0.6097560975609757,8,0.570199159347925,1,1,0,0.3096596724987236,1,1,0,0,1,0
651,0.6585365853658538,10,0.5417464915735309,1,1,0,0.09361524025544439,1,0,0,1,1,0
780,0.3658536585365854,6,0.5802380161602665,1,1,1,0.7730087223329828,3,0,0,1,1,0
469,0.4634146341463415,9,0.38572031377361227,1,1,1,0.5994536478233671,0,0,0,1,0,1
505,0.43902439024390244,2,0.3186628483301726,1,0,1,0.870641046219914,0,1,0,0,1,0
679,0.5853658536585367,2,0.0,1,1,1,0.8414938126591088,2,0,0,1,0,1
618,0.7317073170731709,7,0.0,1,1,0,0.06955784277398491,1,1,0,0,0,1
635,0.21951219512195125,3,0.5062207926732325,1,1,0,0.8095691638551482,1,1,0,0,0,1
777,0.5100518941359626,10,0.0,2,1,0,0.9499976747779413,3,1,0,0,1,0
778,0.48780487804878053,3,0.5779975845969971,2,1,1,0.6335146506491369,3,1,0,0,0,1
810,0.48780487804878053,9,0.6104716460774972,1,1,1,0.4662950811802527,4,1,0,0,1,0
715,0.5365853658536586,7,0.0,1,1,1,0.7068051498918145,2,1,0,0,0,1
760,0.9512195121951221,1,0.0,2,1,1,0.1254599314234509,3,0,0,1,1,0
549,0.902439024390244,1,0.5483991926761977,2,0,1,0.5827378514648148,0,0,1,0,1,0
732,0.43902439024390244,7,0.5029763678153151,1,1,1,0.6658680904026335,2,1,0,0,0,1
645,0.5365853658536586,6,0.5237634132647243,1,1,1,0.9733156016399565,1,1,0,0,0,1
628,0.2926829268292683,9,0.5275101536245255,2,1,1,0.370823163612125,1,0,1,0,1,0
529,0.3170731707317073,2,0.653664003580099,2,1,1,0.3049373715189801,0,1,0,0,1,0
751,0.5853658536585367,4,0.0,2,1,1,0.407193987025761,3,1,0,0,0,1
625,0.8292682926829269,5,0.6575498840983606,1,1,1,0.338916916565532,1,1,0,0,0,1
665,0.17073170731707316,7,0.3623811962857111,1,0,1,0.5612785521017257,1,1,0,0,0,1
624,0.4146341463414634,2,0.0,2,1,0,0.43653673925859915,1,0,0,1,0,1
711,0.6585365853658538,1,0.3885487928584869,2,1,0,0.2530193633491999,2,0,1,0,1,0
562,0.4146341463414634,0,0.0,2,1,0,0.5994969519589121,0,0,0,1,1,0
777,0.43902439024390244,7,0.0,1,1,0,0.5323546398681074,3,1,0,0,0,1
675,0.4146341463414634,8,0.0,2,1,1,0.28318399407143385,2,1,0,0,0,1
651,0.6585365853658538,6,0.34561466769236865,1,1,0,0.42933255125864517,1,0,1,0,1,0
787,0.5100518941359626,10,0.4341818225878085,1,1,1,0.5058319069471134,3,0,0,1,0,1
544,0.6341463414634148,1,0.0,2,0,0,0.34619636175254737,0,1,0,0,0,1
655,0.5609756097560976,8,0.5004500831393337,1,0,0,0.8202251315000582,1,0,1,0,0,1
595,0.3170731707317073,4,0.0,2,1,0,0.950012126158048,1,1,0,0,0,1
618,0.26829268292682934,10,0.3998240879394499,2,1,1,0.16259082742401898,1,0,1,0,1,0
692,0.26829268292682934,4,0.0,2,0,0,0.6944096161183392,2,0,0,1,1,0
736,0.43902439024390244,8,0.414168836438731,1,1,1,0.5501740416209748,2,0,1,0,1,0
775,0.43902439024390244,2,0.43822194899929295,2,0,1,0.35838902615199747,3,0,1,0,0,1
739,0.43902439024390244,0,0.0,2,0,0,0.667333680366475,2,1,0,0,1,0
622,0.4634146341463415,4,0.0,2,1,0,0.02224172408465008,1,0,0,1,0,1
657,0.9512195121951221,8,0.4271637938734409,1,1,1,0.6318501916933067,1,0,1,0,0,1
751,0.2439024390243903,10,0.5298252370115693,2,1,1,0.23311671264605768,3,0,1,0,1,0
713,0.48780487804878053,9,0.2881123566943057,2,1,1,0.13063902602698557,2,1,0,0,0,1
848,0.09756097560975613,7,0.4815177748064962,1,1,1,0.9275823841176831,4,0,0,1,0,1
636,0.39024390243902446,1,0.33501821396886683,1,0,0,0.1874141980559143,1,1,0,0,0,1
513,0.3170731707317073,5,0.6969102873600991,1,1,0,0.4211754722576006,0,0,0,1,1,0
503,0.43902439024390244,9,0.0,2,1,1,0.08132321636716305,0,0,0,1,1,0
742,0.4146341463414634,2,0.3153717511360888,1,1,1,0.6349903915823961,3,1,0,0,1,0
625,0.48780487804878053,7,0.0,1,1,0,0.8240408959055588,1,1,0,0,1,0
711,0.8292682926829269,5,0.0,1,1,1,0.7990631605318308,2,1,0,0,0,1
642,0.17073170731707316,7,0.0,2,1,0,0.5104097441305644,1,1,0,0,0,1
675,0.5121951219512195,6,0.0,2,0,0,0.41707768091852765,2,1,0,0,1,0
706,0.6829268292682928,2,0.5088139969499171,2,1,0,0.7507979011995646,2,0,0,1,1,0
608,0.7804878048780488,6,0.0,1,1,0,0.46783062782495727,1,1,0,0,0,1
682,0.5365853658536586,4,0.0,1,0,1,0.5267551551173137,2,1,0,0,0,1
782,0.4146341463414634,7,0.3928164219982703,2,1,0,0.5882200750171641,3,0,1,0,0,1
521,0.6097560975609757,8,0.0,1,1,1,0.46588704221253124,0,1,0,0,0,1
750,0.5121951219512195,7,0.47655173461065414,1,1,0,0.43532232328187337,3,0,0,1,1,0
550,0.48780487804878053,9,0.5591074447796713,3,1,1,0.8573092730355748,0,1,0,0,0,1
553,0.4146341463414634,2,0.6320665095537396,2,1,0,0.2181637346366578,0,0,1,0,0,1
712,0.853658536585366,2,0.4426538679509278,2,0,0,0.13266561956666859,2,0,0,1,0,1
518,0.26829268292682934,9,0.5020434392306454,2,1,0,0.8015340465014408,0,0,1,0,0,1
845,0.6097560975609757,3,0.6060771128229793,2,1,0,0.4895391509889194,4,0,1,0,1,0
531,0.6341463414634148,3,0.0,2,1,1,0.17204248005684541,0,1,0,0,0,1
525,0.2926829268292683,0,0.6296947497687209,2,1,1,0.5034285274243689,0,0,1,0,1,0
432,0.21951219512195125,6,0.24846665831533435,2,0,0,0.2693411720819338,0,1,0,0,1,0
597,0.8292682926829269,8,0.3335750383751427,2,1,1,0.8054366692019087,1,0,1,0,0,1
639,0.5121951219512195,1,0.5651264623018852,1,1,0,0.4622660464074319,1,0,0,1,1,0
521,0.5609756097560976,2,0.0,2,1,1,0.5654432498303588,0,1,0,0,1,0
628,0.6585365853658538,6,0.2139013493486539,1,1,0,0.5751117231695627,1,0,1,0,1,0
603,0.5853658536585367,6,0.0,1,1,1,0.45217463267742064,1,0,0,1,1,0
627,0.8292682926829269,1,0.30331761393639944,2,0,1,0.8862184838652091,1,0,1,0,0,1
726,0.2926829268292683,7,0.3700609677817795,1,1,0,0.7307821896991162,2,0,1,0,0,1
847,0.4634146341463415,9,0.44923486663449697,1,1,0,0.5804838362063577,4,0,0,1,1,0
625,0.3170731707317073,4,0.3098589152272941,2,1,0,0.3766564706929511,1,0,1,0,0,1
556,0.5365853658536586,8,0.0,2,1,0,0.31053525611695915,0,1,0,0,1,0
680,0.43902439024390244,3,0.46343565230010325,1,1,1,0.31895155987396795,2,1,0,0,0,1
666,0.48780487804878053,6,0.3978223987277066,2,1,1,0.7918075676227079,1,0,1,0,0,1
590,0.6097560975609757,8,0.0,2,1,1,0.7181522335383028,1,1,0,0,0,1
722,0.4634146341463415,9,0.0,2,1,0,0.15956708865696673,2,0,0,1,0,1
754,0.6585365853658538,6,0.0,1,1,0,0.3693857763416406,3,1,0,0,1,0
644,0.7317073170731709,8,0.0,2,0,1,0.22479126756605253,1,1,0,0,0,1
629,0.34146341463414637,2,0.0,2,0,1,0.38980652652328296,1,1,0,0,0,1
755,0.2926829268292683,4,0.4911064089806344,2,0,1,0.7209264484758294,3,1,0,0,0,1
661,0.7317073170731709,3,0.47955940995804314,1,0,0,0.48230441007116176,1,1,0,0,0,1
702,0.6585365853658538,9,0.2988846188506258,1,1,1,0.8550972117837253,2,1,0,0,0,1
667,0.21951219512195125,2,0.5501522550450664,1,1,0,0.8316100687615666,1,0,1,0,0,1
704,0.7073170731707319,5,0.0,2,1,1,0.726704550284552,2,1,0,0,0,1
611,0.43902439024390244,10,0.41169926801754453,1,1,0,0.8027593635192161,1,0,1,0,1,0
767,0.43902439024390244,3,0.0,1,0,0,0.32570955526252754,3,1,0,0,0,1
735,0.6097560975609757,9,0.3938150744790445,1,0,0,0.9228804350815503,2,0,1,0,1,0
721,0.5853658536585367,4,0.410273031572301,1,0,0,0.005882061736895873,2,1,0,0,0,1
493,0.878048780487805,3,0.6689245023746495,2,1,0,0.7508135526942823,0,1,0,0,0,1
799,0.8292682926829269,4,0.6425304393508935,1,1,1,0.4453916849059085,3,1,0,0,1,0
706,0.0,2,0.702036033833498,2,1,0,0.6482751102730311,2,1,0,0,0,1
719,0.2439024390243903,3,0.4227624451027108,2,1,1,0.9194964619121125,2,0,1,0,0,1
610,0.7804878048780488,5,0.5203487599287823,3,1,0,0.9238211749222051,1,0,0,1,1,0
806,0.39024390243902446,6,0.0,2,0,0,0.5040401858377475,4,1,0,0,0,1
573,0.6341463414634148,9,0.0,2,1,0,0.5356141011466594,0,0,0,1,0,1
681,0.17073170731707316,5,0.0,1,0,1,0.4542903347269664,2,1,0,0,0,1
544,0.5365853658536586,8,0.0,2,1,0,0.30787750230146976,0,1,0,0,0,1
739,0.17073170731707316,5,0.45083292583056334,1,1,0,0.6459101344178368,2,0,1,0,1,0
650,0.5100518941359626,6,0.0,2,1,0,0.004954523156961489,1,1,0,0,1,0
758,0.5121951219512195,6,0.5076075310099013,1,0,1,0.2828541125677502,3,1,0,0,1,0
694,0.5365853658536586,9,0.0,2,1,0,0.20227656741218783,2,1,0,0,0,1
617,0.39024390243902446,1,0.24586608052695821,2,1,0,0.5298189477095062,1,1,0,0,0,1
586,0.3658536585365854,10,0.2668361086367776,2,1,1,0.7038044633262476,1,0,0,1,1,0
439,0.2439024390243903,7,0.4423159618313555,2,1,0,0.6926430474110277,0,1,0,0,0,1
555,0.3658536585365854,1,0.2235357391520996,2,0,0,0.8940181287312938,0,0,0,1,0,1
648,0.3170731707317073,7,0.500926531565067,1,0,1,0.6499088162919558,1,0,1,0,0,1
840,0.5121951219512195,1,0.37851611385323825,1,1,0,0.4224205411616809,4,1,0,0,1,0
610,0.26829268292682934,9,0.0,3,0,1,0.4195433663914904,1,0,0,1,0,1
508,0.6341463414634148,3,0.4601511713381318,2,0,0,0.3361458519288592,0,1,0,0,0,1
776,0.48780487804878053,5,0.4475191501059255,1,0,1,0.44945302276367394,3,0,1,0,0,1
629,0.4634146341463415,10,0.39675969633726593,3,0,1,0.1256388485100327,1,1,0,0,1,0
633,0.26829268292682934,7,0.6775195060273278,1,1,0,0.02130413454484903,1,1,0,0,1,0
766,0.21951219512195125,7,0.6328731717327941,2,0,1,0.23786106573177737,3,1,0,0,1,0
567,0.5100518941359626,2,0.0,1,0,0,0.5544972044830281,0,1,0,0,1,0
677,0.39024390243902446,10,0.6842296009507287,1,1,1,0.2538551931709478,2,0,0,1,1,0
625,0.5121951219512195,10,0.5175219149735257,1,1,1,0.48221255129864904,1,0,1,0,1,0
723,0.8292682926829269,5,0.5248942708172869,1,0,1,0.46435394580182404,2,0,1,0,0,1
588,0.39024390243902446,3,0.48138222176183176,1,1,1,0.6586526013234263,1,1,0,0,1,0
635,0.43902439024390244,9,0.3237643220002194,2,1,0,0.9836914425327618,1,0,1,0,1,0
581,0.48780487804878053,1,0.5305160752718365,1,1,0,0.5286570867517847,1,0,1,0,0,1
706,0.26829268292682934,5,0.4486467792560717,1,1,0,0.21163421106715688,2,1,0,0,1,0
769,0.8048780487804879,9,0.6248504323010192,2,1,0,0.20125026940072777,3,1,0,0,0,1
732,0.3658536585365854,8,0.44392346709375113,1,1,1,0.22545673111782175,2,0,0,1,1,0
850,0.3170731707317073,4,0.0,2,0,0,0.761506223844377,4,1,0,0,0,1
850,0.34146341463414637,7,0.0,2,0,0,0.7761512224417432,4,1,0,0,1,0
733,0.6341463414634148,3,0.4227648365119081,1,0,1,0.5080777714271713,2,0,0,1,0,1
607,0.14634146341463422,2,0.43636657417360175,2,0,1,0.637806860555183,1,0,1,0,1,0
709,0.6585365853658538,3,0.4149832308408566,1,0,1,0.8701852026868565,2,1,0,0,1,0
595,0.6585365853658538,9,0.42248276979709176,1,0,0,0.9572783200795675,1,0,1,0,1,0
767,0.4634146341463415,7,0.0,2,1,1,0.12362515620241732,3,0,0,1,0,1
779,0.5365853658536586,2,0.30080033690172775,1,1,1,0.26443740377206026,3,0,1,0,1,0
663,0.3658536585365854,5,0.6268455849942899,2,1,1,0.14261476971050735,1,1,0,0,0,1
592,0.5853658536585367,1,0.5868888439923956,2,1,1,0.31508729083627485,1,1,0,0,0,1
850,0.3658536585365854,3,0.400467217586232,2,1,1,0.6827029481315465,4,0,0,1,0,1
850,0.5609756097560976,3,0.5437140633473935,1,0,1,0.2891910177421944,4,1,0,0,0,1
638,0.6097560975609757,3,0.5813554818213245,1,1,1,0.7138278205568632,1,1,0,0,1,0
835,0.4146341463414634,6,0.5066601742564083,1,1,0,0.14349425370122845,4,1,0,0,0,1
753,0.7073170731707319,1,0.5227654383498894,1,1,0,0.9872598333140814,3,0,1,0,1,0
580,0.43902439024390244,3,0.29882606918211296,1,1,1,0.06044622261425966,0,0,1,0,1,0
817,0.6829268292682928,0,0.35507599918357297,1,0,1,0.4396933407140382,4,0,1,0,1,0
750,0.3658536585365854,3,0.6448892058126071,1,0,1,0.7664601469440331,3,0,0,1,1,0
593,0.5100518941359626,0,0.38233467620259687,1,1,0,0.997427604336214,1,1,0,0,1,0
641,0.5365853658536586,7,0.0,1,1,0,0.6349860911717069,1,1,0,0,1,0
850,0.9756097560975612,8,0.6243655740862755,1,0,0,0.12945051252394602,4,1,0,0,0,1
652,0.6585365853658538,2,0.6035177071296159,1,0,1,0.5766643214426977,1,0,1,0,0,1
531,0.34146341463414637,0,0.4367120132321454,2,1,1,0.8602734561150589,0,0,1,0,1,0
648,0.6585365853658538,5,0.47384398183342097,1,0,0,0.25815025334919484,1,0,1,0,1,0
679,0.5853658536585367,1,0.0,2,0,0,0.3590921432996851,2,1,0,0,0,1
632,0.6341463414634148,3,0.42951602381668197,1,1,0,0.9283693592738106,1,1,0,0,0,1
626,0.7073170731707319,2,0.41095888773007405,1,0,1,0.8323987940848351,1,0,1,0,1,0
474,0.4634146341463415,5,0.5687112644022122,2,1,1,0.5547617297451907,0,0,1,0,1,0
757,0.2926829268292683,6,0.4190101646449362,2,1,1,0.314832816533979,3,0,1,0,0,1
684,0.5853658536585367,3,0.41136331488215,1,1,0,0.1549670493532132,2,0,0,1,1,0
619,0.48780487804878053,3,0.38319729735686714,1,0,0,0.4949639690590451,1,0,0,1,0,1
620,0.5365853658536586,5,0.43123927328422473,2,1,0,0.24857753915498926,1,0,1,0,0,1
657,0.39024390243902446,5,0.6177168586656041,1,1,0,0.1386453906348056,1,0,0,1,0,1
543,0.7560975609756098,6,0.23727633797451392,1,1,0,0.5212596802994686,0,0,1,0,0,1
669,0.12195121951219517,1,0.0,2,0,0,0.330417804900368,1,1,0,0,0,1
697,0.17073170731707316,4,0.6603721455193222,2,1,0,0.07728938113589846,2,1,0,0,1,0
747,0.21951219512195125,10,0.0,2,0,0,0.06498775633072958,3,1,0,0,0,1
544,0.5365853658536586,7,0.0,1,0,1,0.8054036160453324,0,1,0,0,1,0
523,0.6585365853658538,5,0.0,2,1,1,0.6071410819733284,0,1,0,0,0,1
512,0.6829268292682928,3,0.0,2,1,1,0.28200973192939927,0,0,0,1,1,0
445,0.2926829268292683,3,0.0,2,1,1,0.6396991412679911,0,1,0,0,1,0
550,0.2926829268292683,4,0.0,2,1,0,0.44606614931725974,0,1,0,0,1,0
729,0.34146341463414637,6,0.37343616286596687,1,1,1,0.3995759094993572,2,1,0,0,0,1
654,0.5100518941359626,1,0.0,1,1,0,0.9017554176423848,1,1,0,0,0,1
723,0.4634146341463415,3,0.37729075578056415,2,1,0,0.6061982419321045,2,0,1,0,0,1
676,0.4634146341463415,5,0.35725537009867236,1,1,1,0.8479389781724154,2,1,0,0,1,0
613,0.39024390243902446,8,0.4675205777772163,1,1,0,0.6970590691411028,1,0,0,1,0,1
835,0.26829268292682934,10,0.5198134429799764,2,0,0,0.5313755963694533,4,0,1,0,1,0
573,0.3658536585365854,1,0.640809581292548,1,1,1,0.7476942548013334,0,0,0,1,0,1
639,0.21951219512195125,2,0.0,1,1,1,0.41467665162022976,1,0,0,1,1,0
698,0.43902439024390244,2,0.32792338116244735,2,1,1,0.4662329252443608,2,1,0,0,0,1
700,0.5121951219512195,5,0.5761336405550158,2,1,1,0.9483548178851079,2,0,1,0,1,0
707,0.4634146341463415,1,0.0,2,0,1,0.03012252670129997,2,1,0,0,0,1
484,0.7804878048780488,2,0.36033817555167524,2,0,0,0.24081794811404486,0,1,0,0,1,0
657,0.4634146341463415,0,0.6520861916485694,1,0,1,0.22098095368107654,1,0,0,1,1,0
602,0.4634146341463415,3,0.4288310445089479,2,0,1,0.7656288675568517,1,0,0,1,0,1
637,0.6585365853658538,2,0.6294565654126743,1,1,1,0.7256838528079431,1,0,0,1,1,0
673,0.39024390243902446,1,0.5066710153114359,3,0,1,0.3834942236983632,2,0,1,0,1,0
741,0.8292682926829269,1,0.6824934378735207,2,0,0,0.1091245213917929,3,1,0,0,0,1
679,0.5121951219512195,4,0.0,1,0,0,0.8647211808727733,2,1,0,0,1,0
696,0.14634146341463422,9,0.0,1,0,0,0.0543648918471714,2,0,0,1,0,1
796,0.12195121951219517,3,0.5842379668972372,2,0,0,0.6272310005605535,3,0,0,1,1,0
722,0.04878048780487804,6,0.0,2,1,0,0.977466848083992,2,1,0,0,0,1
683,0.5121951219512195,4,0.0,2,1,0,0.8586081470780459,2,1,0,0,0,1
618,0.39024390243902446,5,0.5378858404223006,1,1,1,0.7597866096212188,1,1,0,0,0,1
790,0.04878048780487804,8,0.0,2,1,0,0.8407861950816303,3,0,0,1,0,1
599,0.5121951219512195,4,0.0,1,1,0,0.9714008687829687,1,0,0,1,1,0
546,0.8292682926829269,1,0.4227807792398898,1,1,1,0.11769558992883819,0,0,1,0,1,0
673,0.4634146341463415,10,0.0,2,1,1,0.1870167100958141,2,1,0,0,1,0
668,0.34146341463414637,10,0.3668496240844241,1,1,1,0.2179424135004893,1,0,1,0,1,0
775,0.5853658536585367,6,0.5339626937773819,2,0,1,0.9392312965888241,3,1,0,0,0,1
680,0.2926829268292683,4,0.431650436238873,2,0,1,0.22188614012638205,2,0,1,0,0,1
660,0.2439024390243903,1,0.47191371604303567,2,1,0,0.07139356808575219,1,0,1,0,0,1
686,0.39024390243902446,9,0.0,2,1,0,0.6378520148674198,2,0,0,1,0,1
716,0.7804878048780488,2,0.47690984813794324,1,1,1,0.06466912590152359,2,0,1,0,0,1
479,0.7317073170731709,5,0.3470342480486799,1,0,1,0.42821504453675324,0,0,0,1,0,1
683,0.2926829268292683,1,0.45140718289246445,1,1,1,0.3251482516580333,2,0,0,1,0,1
650,0.5100518941359626,4,0.31666279324804747,1,1,1,0.5916223499344188,1,0,0,1,1,0
850,0.43902439024390244,0,0.0,2,1,0,0.7062223942386497,4,0,0,1,0,1
850,0.4634146341463415,9,0.0,1,0,0,0.5004951972913413,4,1,0,0,1,0
624,0.5100518941359626,4,0.6785705303695218,3,1,1,0.36837522983444915,1,1,0,0,1,0
595,0.2926829268292683,5,0.40129257261384493,1,1,1,0.8918324700008851,1,0,0,1,1,0
610,0.21951219512195125,4,0.34780017655774104,2,1,0,0.9136297016365063,1,1,0,0,1,0
591,0.48780487804878053,2,0.5671198214382581,1,0,1,0.5981934774770991,1,1,0,0,1,0
566,0.878048780487805,4,0.47276007561476463,2,1,1,0.8630326196151732,0,0,1,0,0,1
662,0.5121951219512195,5,0.5572864663896007,2,1,1,0.7311114211407188,1,0,1,0,0,1
794,0.6829268292682928,6,0.0,2,1,0,0.9766640714188204,3,1,0,0,0,1
704,0.14634146341463422,7,0.4505184555211242,1,1,0,0.8125370972927914,2,0,1,0,1,0
548,0.5609756097560976,4,0.3292045786398773,1,0,1,0.27832913043195623,0,1,0,0,1,0
575,0.43902439024390244,1,0.0,1,0,1,0.4728400562253695,0,1,0,0,0,1
691,0.26829268292682934,9,0.4644771508623282,1,1,0,0.25990687110619065,2,1,0,0,1,0
681,0.6829268292682928,0,0.42236040935983216,1,1,0,0.028802650653137373,2,1,0,0,0,1
421,0.2439024390243903,8,0.4877845821783658,3,1,1,0.4450715043286634,0,0,1,0,0,1
732,0.26829268292682934,1,0.6151255276594574,1,1,1,0.6926460476975551,2,0,1,0,1,0
630,0.4634146341463415,6,0.0,2,1,1,0.41321981249209294,1,1,0,0,0,1
631,0.43902439024390244,1,0.0,2,0,0,0.6657123755318632,1,1,0,0,0,1
649,0.5609756097560976,4,0.46193149577184905,1,1,0,0.7177330435056548,1,0,1,0,1,0
833,0.34146341463414637,6,0.0,1,1,1,0.22157936082895915,4,0,0,1,0,1
597,0.1951219512195122,8,0.5978100112280649,1,1,0,0.2116152092524836,1,1,0,0,1,0
543,0.3170731707317073,2,0.5885826392699921,1,1,1,0.0832438497876547,0,1,0,0,1,0
640,0.5100518941359626,4,0.0,2,1,0,0.22448483830205784,1,1,0,0,1,0
438,0.48780487804878053,2,0.0,2,1,0,0.6843052011467095,0,1,0,0,0,1
738,0.4146341463414634,6,0.4055225769155915,1,0,0,0.42590997440255546,2,0,1,0,0,1
536,0.853658536585366,2,0.5736351360825426,1,1,0,0.010041959007085176,0,0,0,1,0,1
625,0.8048780487804879,7,0.5432284079962506,1,1,0,0.1942979554547459,1,1,0,0,1,0
696,0.34146341463414637,4,0.3364777308587722,1,0,1,0.2615406271298909,2,0,1,0,0,1
774,0.5853658536585367,2,0.526883006562545,2,1,1,0.8143474701834024,3,0,1,0,0,1
735,0.7804878048780488,2,0.0,2,0,1,0.7353907798194728,2,1,0,0,0,1
472,0.5100518941359626,4,0.2338117440431691,2,0,1,0.36658710906891606,0,1,0,0,0,1
535,0.7317073170731709,9,0.4363224526739124,1,1,0,0.7868093902967732,0,0,0,1,0,1
617,0.878048780487805,6,0.40710513180869573,1,1,1,0.2265900393487578,1,1,0,0,0,1
793,0.5609756097560976,3,0.5651954544572261,1,1,0,0.5145970940224791,3,1,0,0,1,0
599,0.43902439024390244,4,0.0,2,0,0,0.06600120311489746,1,0,0,1,0,1
601,0.6097560975609757,8,0.0,3,0,1,0.554575811990045,1,1,0,0,1,0
522,0.5609756097560976,7,0.0,2,0,1,0.8839284651684236,0,1,0,0,1,0
577,0.4146341463414634,5,0.43874506976119276,1,1,1,0.5489660762602828,0,0,0,1,0,1
562,0.8048780487804879,7,0.4895294340423238,2,0,0,0.16308872497323493,0,1,0,0,1,0
553,0.5609756097560976,1,0.0,2,1,0,0.45302191359274807,0,1,0,0,0,1
744,0.5100518941359626,1,0.0,1,0,0,0.4120963051971463,3,1,0,0,0,1
735,0.3170731707317073,3,0.4765215629979488,1,0,0,0.36461532076313286,2,1,0,0,0,1
648,0.5121951219512195,6,0.5209082699673003,2,1,1,0.7697925151852002,1,1,0,0,1,0
652,0.4146341463414634,7,0.41457286502260743,2,1,1,0.27600785875051065,1,0,1,0,0,1
635,0.21951219512195125,8,0.508061101620981,1,1,1,0.7645953688577258,1,1,0,0,1,0
774,0.43902439024390244,8,0.46693181283285184,1,0,0,0.5091326721701922,3,0,0,1,1,0
592,0.4634146341463415,9,0.0,3,1,1,0.0532316336210108,1,0,0,1,0,1
475,0.6829268292682928,10,0.0,2,0,0,0.6147658101348679,0,1,0,0,1,0
539,0.48780487804878053,8,0.4202333305925128,1,0,0,0.4028577729173136,0,0,1,0,1,0
771,0.43902439024390244,5,0.310272987729799,1,0,0,0.49901970638195947,3,0,1,0,1,0
708,0.39024390243902446,4,0.0,1,1,1,0.3143137669647451,2,1,0,0,1,0
776,0.2926829268292683,6,0.0,2,0,1,0.31951691386527414,3,0,0,1,0,1
678,0.43902439024390244,1,0.4697718105386933,2,1,0,0.13805058383075583,2,0,1,0,0,1
850,0.5853658536585367,6,0.33657362636758215,3,0,1,0.3000774573971814,4,0,1,0,0,1
533,0.8048780487804879,6,0.5083560420886425,2,0,0,0.39777518753040914,0,0,1,0,0,1
604,0.1951219512195122,3,0.0,2,1,0,0.7762593327662791,1,0,0,1,1,0
672,0.3170731707317073,6,0.3631982610947736,1,1,0,0.8865063613575096,2,1,0,0,0,1
593,0.26829268292682934,2,0.6068815828769363,1,1,0,0.16998053314091496,1,1,0,0,1,0
775,0.8048780487804879,2,0.4933606708604279,1,1,1,0.6745143661219647,3,0,1,0,0,1
662,0.5121951219512195,5,0.5504495869219252,1,0,0,0.09793510280231761,1,1,0,0,1,0
619,0.48780487804878053,10,0.3373951152836596,1,1,1,0.9238016230550017,1,0,1,0,0,1
725,0.5100518941359626,6,0.39332363988900837,1,0,0,0.6686088021406045,2,1,0,0,0,1
584,0.4146341463414634,9,0.0,2,1,0,0.9619400152714583,1,1,0,0,0,1
508,0.7560975609756098,1,0.37392636189458445,2,1,1,0.6623491543442399,0,1,0,0,0,1
785,0.902439024390244,5,0.0,2,1,1,0.03498869142003061,3,1,0,0,0,1
577,0.3170731707317073,6,0.0,1,1,1,0.982012132158621,0,0,0,1,0,1
785,0.3658536585365854,5,0.5445422083524033,2,1,1,0.8456115559035887,3,0,1,0,1,0
638,0.5609756097560976,1,0.525165177622516,1,1,1,0.23834131159525732,1,1,0,0,0,1
705,0.7804878048780488,4,0.3071601700913706,2,0,1,0.7258077146367478,2,1,0,0,1,0
498,0.6585365853658538,7,0.4352394233052951,2,0,1,0.8299735624752164,0,0,1,0,0,1
783,0.5121951219512195,9,0.0,2,1,0,0.7187745929736289,3,0,0,1,0,1
825,0.4634146341463415,6,0.47051290824892295,1,0,1,0.2614728206543725,4,0,1,0,0,1
567,0.48780487804878053,6,0.5088870943577132,2,0,0,0.22707823597153526,0,1,0,0,0,1
670,0.4634146341463415,2,0.0,2,1,1,0.271116691644052,1,1,0,0,0,1
806,0.39024390243902446,5,0.45420254095995716,1,0,1,0.16058733609059664,4,1,0,0,0,1
666,1.0,8,0.6082729047479,2,1,1,0.9439437466278028,1,0,1,0,1,0
565,0.48780487804878053,2,0.6323335901042532,2,1,1,0.8972541877749325,0,0,1,0,1,0
595,0.34146341463414637,0,0.3685409083823636,1,1,0,0.02355084910608963,1,0,1,0,1,0
546,0.43902439024390244,7,0.3414173459829846,1,0,0,0.6738965071164297,0,0,0,1,1,0
797,0.2926829268292683,10,0.276659898048646,1,1,1,0.37316558731358845,3,1,0,0,0,1
628,0.34146341463414637,9,0.594409905631406,2,1,1,0.08196047722557503,1,1,0,0,0,1
705,0.9512195121951221,3,0.0,2,1,1,0.17062909507857998,2,0,0,1,1,0
490,0.5100518941359626,1,0.0,2,1,1,0.4039448267309528,0,1,0,0,0,1
570,0.2926829268292683,10,0.7021716267349823,1,1,0,0.4852150380361325,0,1,0,0,1,0
729,0.5853658536585367,7,0.0,2,1,0,0.2913109201928784,2,0,0,1,1,0
777,0.26829268292682934,9,0.5230833363458447,1,1,1,0.8187507406957364,3,1,0,0,1,0
812,0.6341463414634148,4,0.4585493257441697,2,1,0,0.8252129578374734,4,1,0,0,0,1
602,0.26829268292682934,3,0.35398595501464364,2,1,1,0.31241178532549857,1,1,0,0,1,0
679,0.8292682926829269,9,0.5415346525754741,2,0,0,0.27016100037553586,2,0,1,0,0,1
663,0.2439024390243903,4,0.0,2,1,1,0.6198494956268323,1,1,0,0,0,1
850,0.7560975609756098,5,0.4881921181623982,1,0,1,0.29871157695559925,4,1,0,0,0,1
474,0.878048780487805,3,0.0,1,1,0,0.5420397147927627,0,1,0,0,0,1
638,0.5100518941359626,10,0.5513514670438504,1,1,1,0.2383605634338079,1,1,0,0,1,0
850,0.5609756097560976,8,0.24265103014534709,1,1,0,0.15908649276005857,4,0,1,0,0,1
559,0.26829268292682934,3,0.3177200751109744,1,1,0,0.4112427736848869,0,1,0,0,1,0
632,0.5365853658536586,9,0.5565022037433606,1,1,0,0.4685016419068021,1,1,0,0,1,0
652,0.5365853658536586,7,0.40044681089441536,1,1,1,0.6227559731954402,1,0,0,1,1,0
688,0.1951219512195122,8,0.5824412214536987,1,1,1,0.8765096066674367,2,0,1,0,0,1
766,0.21951219512195125,5,0.5033347603403439,1,1,0,0.8880977633363987,3,0,1,0,0,1
711,0.48780487804878053,4,0.4916173335556282,1,1,0,0.7091489737269908,2,1,0,0,0,1
695,0.43902439024390244,4,0.6438191697672948,1,1,0,0.5046948483580181,2,1,0,0,0,1
577,0.5853658536585367,9,0.0,1,1,0,0.37036702005041483,0,1,0,0,0,1
658,0.3170731707317073,7,0.4941247659557712,1,1,0,0.5107596275444305,1,1,0,0,1,0
655,0.21951219512195125,9,0.0,2,0,0,0.5400339232396694,1,0,0,1,1,0
637,0.5365853658536586,2,0.5319414747238611,1,0,1,0.46581328516873355,1,1,0,0,0,1
612,0.4146341463414634,3,0.0,1,1,1,0.24050866857784917,1,1,0,0,1,0
660,0.1951219512195122,4,0.45844015791431497,1,0,1,0.8122349184347104,1,0,1,0,0,1
669,0.4634146341463415,4,0.0,1,1,0,0.6627070385221787,1,1,0,0,0,1
742,0.2439024390243903,2,0.7647109230684062,1,1,0,0.5422838381065391,3,1,0,0,1,0
533,0.8292682926829269,7,0.0,1,0,1,0.9706047427529327,0,0,0,1,1,0
648,0.7804878048780488,9,0.4086741752398355,1,1,1,0.9477485599874788,1,1,0,0,1,0
730,0.4634146341463415,1,0.0,2,1,1,0.6218246342525711,2,1,0,0,1,0
538,0.5121951219512195,7,0.4306732665840542,2,1,0,0.13611139863856997,0,0,1,0,0,1
733,0.3658536585365854,3,0.0,1,1,1,0.03827940568324274,2,1,0,0,0,1
790,0.3658536585365854,10,0.5385482209131206,1,0,0,0.9760602637551885,3,1,0,0,1,0
628,0.5365853658536586,10,0.0,2,1,0,0.5191545792623196,1,0,0,1,0,1
672,0.07317073170731708,1,0.14245501031913,1,1,0,0.1439055429793545,2,0,1,0,1,0
680,0.2926829268292683,3,0.0,1,1,0,0.8006764646023694,2,0,0,1,1,0
625,0.1951219512195122,3,0.520067530207185,1,1,0,0.6140533920989454,1,0,1,0,0,1
669,0.09756097560975613,10,0.0,2,1,0,0.8808449206899258,1,0,0,1,0,1
624,0.8292682926829269,0,0.5329790673177305,1,0,0,0.024242365145871428,1,0,1,0,1,0
800,0.5365853658536586,3,0.30248580210395387,2,1,0,0.6628165489804276,3,1,0,0,1,0
668,0.4146341463414634,6,0.40846369137365696,1,1,1,0.26994107937308015,1,1,0,0,1,0
625,0.2439024390243903,3,0.0,1,0,0,0.9182618440061026,1,1,0,0,1,0
607,0.5100518941359626,1,0.5417980662985519,2,1,1,0.5527955919790339,1,0,0,1,0,1
628,0.7804878048780488,8,0.0,1,0,0,0.7218451862152835,1,0,0,1,0,1
716,0.5365853658536586,3,0.0,2,0,1,0.8382028983767948,2,1,0,0,1,0
667,0.5609756097560976,6,0.0,2,0,0,0.8359307813896226,1,1,0,0,0,1
661,0.5100518941359626,7,0.38006463102210153,1,0,0,0.5114766960244703,1,0,0,1,1,0
697,0.8048780487804879,1,0.5895234196481927,1,1,1,0.2678733819079722,2,0,1,0,0,1
658,0.6585365853658538,9,0.536324529214232,1,1,1,0.796361502523491,1,0,1,0,1,0
650,0.4634146341463415,5,0.42633716342758926,1,0,0,0.12242894196395754,1,1,0,0,0,1
512,0.5853658536585367,9,0.3744780599963914,2,1,0,0.07409187577413642,0,0,1,0,0,1
466,0.9268292682926831,2,0.44607804706683907,3,1,0,0.98820702377077,0,0,1,0,1,0
488,0.3170731707317073,8,0.38895712597891846,1,0,0,0.6210540606627932,0,1,0,0,1,0
644,0.8048780487804879,4,0.38087193091027516,1,0,0,0.3631209780534041,1,0,1,0,1,0
503,0.4634146341463415,6,0.0,2,0,0,0.6825415827211497,0,0,0,1,0,1
626,0.5100518941359626,7,0.562278453375233,1,1,0,0.26394510675769534,1,1,0,0,0,1
669,0.6097560975609757,1,0.6503032765215552,1,0,1,0.07796354551859701,1,1,0,0,0,1
677,0.7560975609756098,3,0.0,2,1,1,0.9390903331268134,2,1,0,0,1,0
780,0.4634146341463415,10,0.3794220195139788,1,1,0,0.6315543634417087,3,0,1,0,1,0
685,0.2926829268292683,3,0.3608509335403869,1,0,1,0.3153866194221548,2,0,1,0,0,1
658,0.7804878048780488,2,0.0,2,1,0,0.26065564261386964,1,0,0,1,0,1
636,0.5100518941359626,9,0.0,2,0,1,0.19411423790972035,1,1,0,0,1,0
656,0.5100518941359626,10,0.6691103148692763,1,0,1,0.7594504275158277,1,0,0,1,1,0
600,0.2439024390243903,6,0.0,2,0,1,0.26093316911765074,1,1,0,0,1,0
640,0.39024390243902446,1,0.5481230247707346,1,0,0,0.12376071914867869,1,0,0,1,0,1
809,0.6097560975609757,2,0.0,2,1,1,0.6645459141347999,4,1,0,0,0,1
673,0.5365853658536586,1,0.4847753922718185,1,1,1,0.01623665060013231,2,0,0,1,0,1
537,0.7073170731707319,10,0.0,2,0,1,0.12736736358322218,0,1,0,0,0,1
564,0.7317073170731709,5,0.5296023975312049,1,1,0,0.3962787946248867,0,0,0,1,0,1
692,0.39024390243902446,7,0.0,2,1,0,0.9754083514975679,2,1,0,0,1,0
723,0.4146341463414634,0,0.0,2,0,1,0.3064263137129596,2,1,0,0,1,0
499,0.43902439024390244,5,0.5226924206557332,2,1,0,0.874617926011934,0,0,1,0,0,1
718,0.26829268292682934,2,0.0,1,1,0,0.6316860260154844,2,1,0,0,0,1
707,0.8292682926829269,7,0.0,1,1,0,0.5484385758839969,2,0,0,1,1,0
496,1.0,7,0.36540772390893855,2,1,0,0.815725901823624,0,0,1,0,1,0
604,0.5100518941359626,2,0.0,2,1,1,0.24749983623436037,1,1,0,0,1,0
678,0.21951219512195125,2,0.0,2,1,1,0.06605465821986,2,0,0,1,0,1
628,0.902439024390244,7,0.0,3,1,0,0.4294368612202465,1,0,0,1,1,0
526,0.8292682926829269,8,0.3730218512225422,1,0,1,0.10609578214719505,0,1,0,0,0,1
559,0.3170731707317073,1,0.5547394163104231,1,0,1,0.716813355675467,0,0,0,1,1,0
524,0.5100518941359626,7,0.0,2,1,1,0.5272361510524255,0,1,0,0,0,1
753,0.8048780487804879,4,0.3181041354280537,2,0,1,0.34127604186199784,3,0,0,1,0,1
712,0.6585365853658538,6,0.4503607420845651,1,0,0,0.9920302388878137,2,0,0,1,0,1
679,0.5365853658536586,1,0.0,1,1,1,0.08443611364885345,2,1,0,0,0,1
790,0.6829268292682928,9,0.0,1,0,0,0.0733481547487785,3,0,0,1,1,0
667,0.6341463414634148,2,0.4894694495282926,1,0,0,0.07555361537026785,1,1,0,0,0,1
744,0.5853658536585367,1,0.4480700510713334,1,1,1,0.41509634170063237,3,1,0,0,0,1
763,0.4634146341463415,6,0.0,2,1,1,0.7485398355542954,3,0,0,1,1,0
686,0.7073170731707319,5,0.6812962984293743,1,1,0,0.865923745717716,2,0,1,0,1,0
478,0.7317073170731709,0,0.3319556956372207,2,0,1,0.22070292712954084,0,0,0,1,0,1
663,0.6585365853658538,5,0.3315892918913811,1,1,1,0.2433758423929485,1,1,0,0,0,1
750,0.43902439024390244,6,0.0,2,1,1,0.2990527095337605,3,0,0,1,1,0
678,0.7560975609756098,2,0.46605819119627423,1,1,0,0.9753031414500083,2,0,1,0,0,1
756,0.5121951219512195,5,0.5953138981647887,2,1,1,0.545486143926745,3,0,1,0,1,0
747,0.7560975609756098,6,0.8087133704365786,1,1,1,0.08644395539774048,3,1,0,0,0,1
774,0.34146341463414637,4,0.0,2,0,0,0.5744926140446412,3,1,0,0,1,0
500,0.5100518941359626,8,0.5121047752894413,1,1,0,0.8961632835935831,0,0,0,1,1,0
800,0.48780487804878053,2,0.6703531700859102,2,1,0,0.3402349924417782,3,1,0,0,1,0
773,0.8048780487804879,4,0.0,2,0,0,0.6179402632951446,3,0,0,1,0,1
662,0.4634146341463415,5,0.3782455657593886,1,1,1,0.24113387828537622,1,0,0,1,0,1
619,0.5121951219512195,5,0.0,2,1,1,0.7922408089972591,1,1,0,0,0,1
547,0.6097560975609757,1,0.3680791671231934,1,0,1,0.4012949736699855,0,1,0,0,0,1
750,0.39024390243902446,9,0.4496736503653735,1,0,0,0.7520215680597496,3,0,0,1,1,0
581,0.5609756097560976,2,0.509823370915259,2,1,1,0.22099295482718595,1,0,1,0,0,1
724,0.2439024390243903,9,0.0,2,1,1,0.5011909637370369,2,1,0,0,0,1
586,0.5609756097560976,3,0.25457969807582037,1,1,0,0.4187502906527573,1,0,0,1,0,1
733,0.7317073170731709,7,0.3424319411917405,1,1,1,0.11925598894694442,2,0,1,0,0,1
579,0.3658536585365854,6,0.0,1,1,0,0.4749526579788369,0,0,0,1,0,1
621,0.39024390243902446,8,0.0,1,0,0,0.2398282535982186,1,0,0,1,0,1
472,0.1951219512195122,5,0.0,2,1,0,0.5420521659818512,0,1,0,0,1,0
653,0.21951219512195125,9,0.0,2,1,0,0.482134593853713,1,1,0,0,1,0
460,0.5365853658536586,6,0.47631920992304094,2,1,0,0.45778896884652487,0,0,1,0,1,0
570,0.39024390243902446,10,0.0,2,0,1,0.9169652701833024,0,0,0,1,0,1
645,0.5365853658536586,3,0.5165315128544822,1,1,1,0.5161543927445071,1,1,0,0,1,0
535,0.4146341463414634,8,0.4742559817812882,1,1,1,0.677690419435056,0,0,0,1,0,1
453,0.5365853658536586,1,0.4445011518421683,1,1,1,0.6018687784683436,0,0,1,0,1,0
644,0.6829268292682928,6,0.04965836926060299,1,0,0,0.7839536675752534,1,0,0,1,1,0
616,0.9512195121951221,7,0.4660729382196573,1,1,1,0.5218887403747058,1,0,1,0,1,0
627,0.3170731707317073,8,0.5106923293039018,1,1,0,0.48064535163108074,1,1,0,0,0,1
745,0.2439024390243903,1,0.44269511975958054,1,1,0,0.3663568870827164,3,0,1,0,1,0
665,0.34146341463414637,1,0.5268221451984749,1,0,0,0.05927656091156705,1,0,1,0,0,1
718,0.5100518941359626,7,0.4100241655885065,1,0,0,0.5892036689503847,2,1,0,0,0,1
484,0.34146341463414637,3,0.0,2,1,1,0.6969636100247573,0,1,0,0,1,0
657,0.5121951219512195,4,0.32002559286122906,1,1,0,0.4859523084454565,1,1,0,0,1,0
675,0.39024390243902446,8,0.0,2,1,1,0.9242414150551377,2,1,0,0,0,1
639,0.21951219512195125,2,0.0,2,0,0,0.6262228042778084,1,1,0,0,1,0
678,0.3170731707317073,2,0.0,2,1,1,0.29398657571798104,2,1,0,0,0,1
629,0.6829268292682928,1,0.5207939207508515,1,1,1,0.8056473893256806,1,1,0,0,0,1
668,0.34146341463414637,2,0.0,2,1,1,0.203223157811571,1,1,0,0,1,0
672,0.5365853658536586,10,0.41044728558914106,1,1,0,0.00637175850293703,2,0,1,0,0,1
464,0.48780487804878053,3,0.4640914165588108,1,1,0,0.37785058473084177,0,1,0,0,0,1
571,0.5609756097560976,8,0.0,1,1,1,0.3186533813979235,0,1,0,0,0,1
724,0.5365853658536586,6,0.43864203988161093,1,1,1,0.4347372174042621,2,1,0,0,1,0
586,0.48780487804878053,2,0.545474140516574,1,0,1,0.9457521193273957,1,0,1,0,0,1
401,0.7317073170731709,8,0.5107259684599433,1,1,0,0.8787937748054938,0,0,1,0,0,1
657,0.5365853658536586,7,0.39524350304938555,1,0,1,0.5966688318734439,1,0,1,0,0,1
493,0.7317073170731709,7,0.0,2,1,0,0.24269077696920052,0,0,0,1,1,0
850,0.8048780487804879,4,0.4959224281061686,1,0,0,0.5927261553478357,4,0,1,0,0,1
704,0.4146341463414634,3,0.6146163567845416,2,1,1,0.20126877116764647,2,0,1,0,1,0
665,0.48780487804878053,5,0.0,2,1,0,0.7822146014944427,1,1,0,0,1,0
582,0.2926829268292683,2,0.0,2,1,1,0.6601548947924527,1,1,0,0,0,1
554,0.09756097560975613,8,0.0,2,0,1,0.7133632761928763,0,1,0,0,1,0
571,0.2926829268292683,4,0.3417955872043506,1,1,0,0.7255911439542476,0,1,0,0,1,0
653,0.5853658536585367,1,0.0,2,1,1,0.028786449105889608,1,1,0,0,1,0
501,0.5365853658536586,5,0.45698068088122956,1,0,0,0.632682121142569,0,0,1,0,0,1
692,0.21951219512195125,1,0.5003925298913197,1,0,0,0.03944816729997714,2,1,0,0,0,1
690,0.7317073170731709,2,0.0,2,1,1,0.015689098308888497,2,0,0,1,1,0
670,0.5365853658536586,3,0.18877963558829802,1,1,1,0.7429101979239017,1,1,0,0,1,0
497,0.21951219512195125,9,0.2999750217309347,1,1,1,0.8241460059435676,0,0,0,1,0,1
728,0.6097560975609757,8,0.5118118276627774,1,0,1,0.6951300349183347,2,0,0,1,1,0
674,0.48780487804878053,10,0.33371190669486567,1,1,0,0.22705438369364273,2,0,1,0,1,0
707,0.6341463414634148,6,0.0,2,1,1,0.962744892137199,2,1,0,0,1,0
696,0.3658536585365854,4,0.0,2,1,1,0.36683538277905536,2,1,0,0,1,0
710,0.7073170731707319,5,0.632221393156082,1,0,0,0.4174814194755599,2,1,0,0,0,1
445,0.48780487804878053,6,0.4759447152427506,2,1,0,0.8788078261473969,0,0,1,0,1,0
744,0.5121951219512195,6,0.0,1,0,0,0.0532600863382453,3,1,0,0,1,0
593,0.3658536585365854,1,0.0,2,0,0,0.04986886247636649,1,1,0,0,0,1
559,0.7804878048780488,5,0.6484798270086474,1,0,0,0.7527564882446273,0,1,0,0,0,1
691,0.48780487804878053,1,0.0,2,0,0,0.22323091855272176,2,1,0,0,0,1
678,0.12195121951219517,10,0.46060019827173665,1,1,1,0.45815350365959945,2,0,1,0,0,1
588,0.4634146341463415,7,0.28002955303485977,2,1,0,0.6980468134706863,1,0,1,0,1,0
584,0.3658536585365854,3,0.35198147582550354,2,1,1,0.8882838311058706,1,0,1,0,0,1
640,0.1951219512195122,5,0.36031669272571987,1,1,1,0.016436919725833814,1,0,1,0,0,1
835,0.48780487804878053,7,0.3460532122823255,1,0,0,0.879555947592995,4,0,0,1,0,1
695,0.4146341463414634,7,0.3182891109294615,2,1,1,0.6398915096391705,2,0,0,1,1,0
604,0.43902439024390244,6,0.4632552204761703,2,1,1,0.3981470230407004,1,1,0,0,0,1
555,0.3658536585365854,5,0.507550296616447,1,0,1,0.6089467544150466,0,0,0,1,0,1
742,0.3658536585365854,6,0.0,2,0,0,0.1927125040441362,3,1,0,0,0,1
536,0.6341463414634148,4,0.4858499321377856,1,0,0,0.6550405563731335,0,0,1,0,1,0
710,0.7560975609756098,10,0.5148101366574772,1,1,1,0.9663679881428676,2,0,1,0,0,1
630,0.43902439024390244,2,0.44007700497042446,1,1,1,0.24489023701763515,1,1,0,0,1,0
515,0.5365853658536586,10,0.483686384380208,1,1,0,0.6918096178185017,0,0,0,1,0,1
681,0.26829268292682934,2,0.5904542358214047,1,1,1,0.26007388705621387,2,1,0,0,1,0
673,0.6097560975609757,5,0.6698724968372618,1,1,1,0.7349734899682919,2,1,0,0,1,0
776,0.5121951219512195,2,0.41590372409770043,1,0,0,0.3974953108021816,3,0,0,1,0,1
670,0.5609756097560976,10,0.0,3,1,0,0.4079911631560814,1,1,0,0,1,0
504,0.6097560975609757,7,0.4079962904460533,1,1,0,0.9734889181916871,0,0,1,0,1,0
627,0.4146341463414634,7,0.0,1,1,0,0.9386230385001767,1,0,0,1,1,0
666,0.5121951219512195,10,0.0,2,1,0,0.5149879313474437,1,1,0,0,0,1
577,0.5365853658536586,1,0.0,2,1,1,0.5439290452238188,0,0,0,1,1,0
771,0.9512195121951221,4,0.0,1,0,0,0.42936645449640437,3,1,0,0,1,0
620,0.5853658536585367,9,0.48422070490851493,1,1,1,0.14643978499946744,1,0,0,1,0,1
725,0.3170731707317073,8,0.0,2,1,1,0.2982226802659654,2,1,0,0,0,1
711,0.39024390243902446,6,0.0,2,1,1,0.8765777131716078,2,1,0,0,1,0
490,0.7317073170731709,8,0.6194270350962019,1,1,0,0.9396383354610364,0,0,0,1,1,0
659,0.48780487804878053,9,0.0,2,1,1,0.6640514169103149,1,1,0,0,1,0
640,0.2926829268292683,6,0.428459618803794,1,1,1,0.9381927974121528,1,1,0,0,1,0
646,0.7804878048780488,6,0.5791009010869713,2,1,1,0.13902907727687994,1,0,1,0,0,1
622,0.34146341463414637,6,0.6739364974838988,2,1,0,0.5052801042499558,1,1,0,0,1,0
623,0.5365853658536586,4,0.0,3,1,0,0.158303117947764,1,0,0,1,1,0
571,0.3658536585365854,1,0.0,2,1,0,0.5137446626152797,0,1,0,0,1,0
629,0.39024390243902446,6,0.0,2,1,0,0.9517715941872448,1,0,0,1,0,1
688,0.43902439024390244,0,0.3578038397980631,1,1,0,0.8869452032669118,2,0,0,1,0,1
656,0.21951219512195125,3,0.6014594610903575,2,1,0,0.0849438121340588,1,0,1,0,1,0
662,0.4634146341463415,4,0.6185272275289142,1,1,0,0.24461946115854064,1,0,0,1,0,1
687,0.48780487804878053,8,0.2767434379432701,2,1,1,0.332874539518524,2,0,0,1,0,1
607,0.5365853658536586,1,0.4485663880502239,1,1,1,0.09916267003498834,1,0,0,1,0,1
598,0.6341463414634148,8,0.0,2,1,0,0.7424525042141523,1,0,0,1,0,1
582,0.6829268292682928,8,0.2692858682184468,1,1,0,0.22249379815772402,1,0,0,1,1,0
711,0.2439024390243903,8,0.0,2,1,1,0.32140474415306663,2,1,0,0,0,1
770,0.14634146341463422,9,0.40585031954607553,1,1,0,0.836303717004974,3,1,0,0,0,1
670,0.17073170731707316,6,0.0,2,1,1,0.3917742144374788,1,0,0,1,0,1
570,0.07317073170731708,7,0.46273696224630495,1,1,1,0.7404509130621973,0,0,0,1,0,1
768,0.2439024390243903,3,0.4349098472610932,2,0,1,0.25452345699014256,3,1,0,0,1,0
595,0.34146341463414637,8,0.5224498121926716,2,1,1,0.34711919988358886,1,0,1,0,0,1
535,0.48780487804878053,8,0.3426971883285362,1,1,0,0.046138256203467426,0,1,0,0,0,1
495,0.7073170731707319,10,0.5487593787581245,1,1,0,0.3553333843382043,0,1,0,0,0,1
802,0.5121951219512195,7,0.4788635895952816,2,0,1,0.29745555700569404,4,1,0,0,1,0
555,0.14634146341463422,5,0.0,2,1,0,0.13752258340671533,0,1,0,0,0,1
535,0.21951219512195125,6,0.0,2,0,1,0.24884376457951732,0,1,0,0,1,0
767,0.04878048780487804,3,0.4771429308210358,2,0,1,0.7506906909609867,3,0,1,0,0,1
689,0.3170731707317073,3,0.5571968682583436,1,0,1,0.603317566827632,2,0,0,1,1,0
588,0.4146341463414634,7,0.0,2,1,1,0.5436897723732615,1,0,0,1,1,0
648,0.4634146341463415,6,0.5251271940730996,1,1,0,0.4344569406378309,1,0,1,0,0,1
635,0.39024390243902446,5,0.3933209296252515,2,1,0,0.07861555778576854,1,0,0,1,1,0
554,0.8048780487804879,7,0.42129419956923553,1,0,1,0.8990169061145339,0,0,1,0,1,0
509,0.17073170731707316,3,0.43339791865294797,2,1,0,0.5345960039183743,0,0,0,1,1,0
670,0.43902439024390244,3,0.0,1,1,0,0.7037802610149269,1,1,0,0,0,1
679,0.7804878048780488,6,0.5284949757887755,2,1,1,0.9201198714477232,2,0,1,0,1,0
850,0.4146341463414634,7,0.43981929077260024,1,0,0,0.6317814351270546,4,0,0,1,0,1
596,0.5609756097560976,5,0.0,2,0,1,0.705278704116243,1,0,0,1,0,1
670,0.34146341463414637,3,0.0,2,1,0,0.2308426454726426,1,0,0,1,1,0
724,0.2439024390243903,5,0.38905086921945087,1,1,1,0.48247887673272793,2,1,0,0,0,1
697,0.5853658536585367,10,0.0,2,1,0,0.30653212381782463,2,1,0,0,1,0
773,0.6585365853658538,8,0.3861217516641917,1,1,1,0.5697490610353289,3,1,0,0,0,1
645,0.43902439024390244,8,0.0,2,1,1,0.06043092115297011,1,1,0,0,1,0
475,0.34146341463414637,8,0.47438894413265564,1,1,0,0.5040716888462847,0,1,0,0,1,0
740,0.6341463414634148,9,0.0,1,0,1,0.48262819099223975,2,1,0,0,0,1
676,0.39024390243902446,8,0.4000012116473266,1,0,0,0.2301554798483255,2,1,0,0,1,0
850,0.3170731707317073,3,0.48321471877286915,1,1,1,0.1550697091572245,4,0,0,1,1,0
850,0.5365853658536586,6,0.38796624557803533,1,0,1,0.4440607578023701,4,1,0,0,0,1
756,0.43902439024390244,2,0.5453036330408096,1,1,1,0.8502330472560129,3,0,1,0,0,1
731,0.5609756097560976,4,0.0,2,1,0,0.11144909338841859,2,0,0,1,0,1
722,0.4146341463414634,1,0.4789657027680044,1,1,0,0.6262059026637044,2,0,0,1,1,0
748,0.5365853658536586,3,0.4125144595560692,2,0,0,0.19072626435824622,3,0,1,0,1,0
726,0.2926829268292683,8,0.5346883668982894,1,1,1,0.7391248864266537,2,0,0,1,0,1
550,0.6341463414634148,9,0.0,2,1,0,0.1312396833897637,0,1,0,0,0,1
704,0.3170731707317073,5,0.5264474512340848,3,1,1,0.27234050851856356,2,1,0,0,0,1
775,0.6585365853658538,8,0.0,1,1,0,0.6518877552806293,3,1,0,0,0,1
589,0.26829268292682934,2,0.0,2,0,1,0.4915903968829023,1,1,0,0,0,1
709,0.2439024390243903,8,0.4969974861107951,2,1,0,0.7262682086139226,2,0,1,0,0,1
631,0.902439024390244,9,0.3973129488550511,1,1,0,0.5723716614936726,1,0,0,1,0,1
765,0.5853658536585367,4,0.49147998695406575,2,1,1,0.41432336788163265,3,1,0,0,0,1
683,0.2926829268292683,8,0.4417312224258065,2,0,0,0.12464820390347277,2,1,0,0,0,1
616,0.39024390243902446,10,0.0,2,1,0,0.12826569937429022,1,1,0,0,0,1
714,0.39024390243902446,5,0.0,2,1,0,0.9652358800265425,2,0,0,1,0,1
619,0.8292682926829269,8,0.0,2,1,1,0.6162114981980779,1,0,0,1,0,1
529,0.34146341463414637,9,0.587863741808477,1,1,0,0.16823991691206508,0,1,0,0,0,1
774,0.5609756097560976,5,0.5048678130630648,1,1,0,0.5121213075848743,3,1,0,0,1,0
764,0.5100518941359626,9,0.5513852656271717,1,1,0,0.25033070658247863,3,0,1,0,1,0
770,0.2926829268292683,8,0.0,2,1,0,0.5027752650378111,3,1,0,0,1,0
705,0.17073170731707316,0,0.388780520409701,1,0,1,0.2994064433153366,2,1,0,0,0,1
709,0.6341463414634148,9,0.5125665962622514,1,1,0,0.5851539822053006,2,1,0,0,0,1
628,0.5121951219512195,1,0.4597133043141142,1,1,1,0.5383650138588235,1,0,1,0,0,1
606,0.43902439024390244,10,0.0,2,0,1,0.7782237203652947,1,1,0,0,1,0
701,0.4146341463414634,2,0.0,2,1,1,0.32879960036183453,2,1,0,0,1,0
506,0.39024390243902446,7,0.0,2,0,0,0.579207914355821,0,1,0,0,0,1
596,0.04878048780487804,3,0.7464961570652053,1,1,0,0.5172738496526418,1,0,0,1,0,1
688,0.1951219512195122,0,0.0,2,1,0,0.5289168615602791,2,1,0,0,0,1
499,0.2439024390243903,4,0.5651402527615894,1,1,1,0.1099621513854573,0,1,0,0,1,0
627,0.4146341463414634,7,0.0,2,0,1,0.965146471488027,1,1,0,0,1,0
459,0.5853658536585367,6,0.5166808962156707,2,1,1,0.8884420462154135,0,0,0,1,1,0
580,0.5121951219512195,3,0.4770415350710721,1,1,0,0.6852138379215215,0,0,1,0,0,1
763,0.3170731707317073,4,0.0,2,0,0,0.25198976502255965,3,1,0,0,1,0
582,0.5365853658536586,3,0.439024585639532,1,1,1,0.9588219174931205,1,0,1,0,1,0
638,0.26829268292682934,9,0.41219022432574126,1,1,1,0.07663141830044769,1,1,0,0,1,0
543,0.5853658536585367,5,0.0,2,0,0,0.5095174589173266,0,1,0,0,1,0
581,0.878048780487805,4,0.3559206449120438,1,0,0,0.027737098892944272,1,1,0,0,0,1
476,0.39024390243902446,10,0.0,2,1,0,0.13125953528561976,0,1,0,0,1,0
713,0.6341463414634148,1,0.25284732139650806,1,1,0,0.321849836659401,2,1,0,0,0,1
576,0.34146341463414637,7,0.0,2,1,0,0.023248870267110505,0,1,0,0,0,1
669,0.5853658536585367,1,0.4140063003269575,1,1,0,0.7430706632483401,1,0,1,0,1,0
773,0.12195121951219517,8,0.0,2,1,0,0.28376814985831145,3,0,0,1,1,0
746,0.4634146341463415,2,0.0,2,1,0,0.7159807261593482,3,1,0,0,0,1
664,0.9512195121951221,6,0.0,2,1,1,0.0764698028661737,1,1,0,0,0,1
711,0.4146341463414634,2,0.5325180036244995,1,1,1,0.602931279937234,2,0,1,0,1,0
645,0.7560975609756098,5,0.4389533216454538,3,0,1,0.9384812749617588,1,0,0,1,1,0
731,0.48780487804878053,10,0.49307561488411494,2,1,0,0.8567273174588173,2,1,0,0,1,0
512,0.5100518941359626,6,0.0,2,1,0,0.18823162612029445,0,1,0,0,0,1
731,0.3658536585365854,5,0.5475849178445321,2,1,0,0.8250242898196777,2,0,0,1,1,0
504,0.6097560975609757,5,0.5370315493434008,2,1,0,0.9071832860038134,0,0,1,0,0,1
764,0.5609756097560976,7,0.0,2,0,0,0.6743982050285802,3,1,0,0,0,1
638,0.6829268292682928,9,0.5574356504666896,1,1,0,0.1947971531281237,1,1,0,0,0,1
670,0.09756097560975613,2,0.4583193518930336,1,1,1,0.18692275112273218,1,1,0,0,0,1
579,0.21951219512195125,9,0.0,2,1,0,0.6341961657338275,0,1,0,0,1,0
676,0.4146341463414634,0,0.0,2,0,0,0.699566808630224,2,0,0,1,0,1
540,0.5121951219512195,2,0.0,2,1,0,0.40996085126129544,0,0,0,1,0,1
592,0.5100518941359626,1,0.5040987757220472,1,0,0,0.8986187680923529,1,1,0,0,0,1
568,0.1951219512195122,1,0.4501041837345195,2,1,0,0.11043129618878601,0,0,1,0,0,1
685,0.3170731707317073,10,0.5389188494818753,1,1,1,0.6288885588573708,2,0,0,1,0,1
624,0.5853658536585367,3,0.5785431447485312,1,1,0,0.3608263089125011,1,1,0,0,0,1
744,0.5121951219512195,4,0.37928447362831663,1,1,0,0.09700021352039119,3,0,0,1,0,1
759,0.5100518941359626,9,0.0,2,0,1,0.9515035685908003,3,1,0,0,0,1
644,0.0,8,0.0,2,1,0,0.2958324519991659,1,0,0,1,0,1
520,0.2926829268292683,3,0.5715330076845145,2,1,1,0.004435073549523979,0,1,0,0,0,1
582,0.5100518941359626,1,0.3544810564321155,1,1,1,0.050219545966639814,1,0,1,0,0,1
634,0.7317073170731709,2,0.42745518708412655,1,1,1,0.5185518717037477,1,0,1,0,0,1
678,0.09756097560975613,4,0.6969080155213618,1,1,1,0.1407008369299268,2,1,0,0,1,0
606,0.43902439024390244,1,0.6203931644118933,1,1,1,0.9619715182799957,1,1,0,0,0,1
718,0.5100518941359626,8,0.0,2,1,1,0.0006562126683098235,2,1,0,0,0,1
724,0.3658536585365854,4,0.3509268643695136,1,0,1,0.9347438180346221,2,0,1,0,0,1
660,0.48780487804878053,5,0.4406999670663097,2,1,0,0.9795685988011854,1,1,0,0,1,0
542,0.4634146341463415,8,0.0,1,1,1,0.003977779877978346,0,0,0,1,0,1
671,0.7317073170731709,8,0.46119856870971004,2,0,0,0.4160360314410026,2,1,0,0,1,0
638,0.43902439024390244,6,0.7511224577277572,1,0,0,0.23512155410841734,1,1,0,0,0,1
577,0.6097560975609757,6,0.0,2,1,1,0.7473025173904108,0,0,0,1,0,1
701,0.4634146341463415,8,0.5185033493080797,1,1,1,0.6001558648850964,2,1,0,0,0,1
850,0.5100518941359626,7,0.0,2,1,1,0.8692806663036319,4,1,0,0,0,1
666,0.3170731707317073,2,0.31721815817729027,1,0,0,0.020196878801925583,1,1,0,0,1,0
638,0.7317073170731709,2,0.0,2,1,1,0.03954127619187632,1,0,0,1,0,1
643,0.3658536585365854,4,0.0,2,1,1,0.7649753551464165,1,1,0,0,0,1
594,0.26829268292682934,3,0.5214476523117415,1,1,0,0.30521389792725206,1,0,1,0,1,0
532,0.8292682926829269,3,0.4415815600668782,1,1,0,0.7435369577794678,0,0,1,0,0,1
685,0.2926829268292683,2,0.0,2,1,1,0.7044559755456646,2,1,0,0,0,1
526,0.3170731707317073,5,0.580065037561665,1,1,0,0.6620285237240157,0,0,1,0,0,1
768,0.5100518941359626,2,0.5152053967409637,2,0,0,0.0957019395352256,3,0,1,0,1,0
850,0.5100518941359626,3,0.0,2,1,1,0.939932913593248,4,1,0,0,1,0
661,0.39024390243902446,0,0.0,2,1,0,0.9278088557457237,1,1,0,0,1,0
592,0.21951219512195125,4,0.0,2,1,1,0.9178760071586836,1,1,0,0,1,0
721,0.6829268292682928,1,0.46139976593683923,2,0,0,0.5147452081673799,2,1,0,0,0,1
498,0.3170731707317073,10,0.0,2,1,0,0.06941157880577595,0,1,0,0,1,0
789,0.3658536585365854,8,0.6042595222626048,1,1,0,0.021891190608703127,3,0,1,0,0,1
493,0.4634146341463415,8,0.5699025448938253,2,1,0,0.7942228982867863,0,1,0,0,1,0
785,0.48780487804878053,1,0.0,1,1,0,0.6748307963410506,3,1,0,0,1,0
602,0.3658536585365854,8,0.0,2,1,1,0.5646397230935555,1,1,0,0,1,0
579,0.4146341463414634,1,0.0,2,1,0,0.022245224418932005,0,1,0,0,0,1
630,0.1951219512195122,7,0.0,2,1,1,0.03322847331920198,1,0,0,1,0,1
671,0.26829268292682934,3,0.0,2,1,0,0.7902331172626985,2,1,0,0,1,0
524,0.2926829268292683,1,0.0,2,1,0,0.6340669033892736,0,1,0,0,0,1
653,0.48780487804878053,5,0.455436787103481,2,1,1,0.44760899665918097,1,0,1,0,1,0
793,0.5121951219512195,3,0.5492968081183879,1,0,0,0.4199711572455169,3,1,0,0,0,1
734,0.5365853658536586,9,0.7051261330845524,1,1,1,0.0639443566860635,2,1,0,0,1,0
602,0.853658536585366,5,0.3916683462994876,1,0,1,0.22515505230749536,1,0,1,0,1,0
626,0.1951219512195122,8,0.592313835470011,3,0,1,0.5225020989504497,1,0,0,1,1,0
677,0.39024390243902446,3,0.5051031277280749,1,1,1,0.1304865114618446,2,0,1,0,0,1
523,0.14634146341463422,5,0.6864617024386276,1,0,1,0.7757367828627633,0,0,0,1,1,0
694,0.7073170731707319,4,0.0,2,1,0,0.9876795233944841,2,1,0,0,0,1
632,0.5853658536585367,6,0.2390303569070614,2,0,1,0.7408775538063884,1,0,1,0,0,1
637,0.8048780487804879,1,0.41723247076133585,1,1,0,0.27630328696390505,1,0,1,0,0,1
823,0.6341463414634148,1,0.0,2,0,1,0.9125077444895987,4,1,0,0,1,0
640,0.2439024390243903,7,0.0,2,1,1,0.6554941996960709,1,1,0,0,0,1
668,0.48780487804878053,1,0.5894995454130401,1,1,1,0.34682547183256,1,0,0,1,0,1
675,0.5121951219512195,1,0.0,2,1,0,0.7656613206561226,2,1,0,0,0,1
673,0.5853658536585367,4,0.0,2,1,0,0.607204087990403,2,1,0,0,1,0
787,0.5853658536585367,2,0.29686941817691803,2,0,1,0.22133278728118536,3,0,1,0,1,0
731,0.5365853658536586,7,0.47426343500661966,1,1,1,0.7802598148123145,2,1,0,0,1,0
624,0.43902439024390244,10,0.0,2,0,1,0.9309331041114426,1,0,0,1,1,0
583,0.7073170731707319,5,0.4087804335218335,1,1,0,0.4635268668157809,1,0,0,1,0,1
841,0.2439024390243903,4,0.0,2,1,1,0.8972107836298366,4,0,0,1,0,1
547,0.2926829268292683,9,0.2885331251425629,1,1,0,0.3853646023195215,0,0,1,0,1,0
635,0.39024390243902446,3,0.5368410736008393,2,1,1,0.4188471999075912,1,1,0,0,0,1
701,0.12195121951219517,5,0.7417401224537022,2,1,1,0.38303532987400296,2,0,1,0,0,1
660,0.3658536585365854,1,0.0,2,0,0,0.5891729160134793,1,0,0,1,1,0
663,0.21951219512195125,8,0.0,1,1,1,0.940071826859465,1,0,0,1,0,1
636,0.26829268292682934,6,0.6280496993819285,2,1,1,0.5055023254720825,1,0,0,1,1,0
645,0.3170731707317073,7,0.6423791428623471,2,1,0,0.06294781151599978,1,1,0,0,0,1
733,0.3170731707317073,9,0.4076948134599192,1,1,1,0.5772055231274587,2,0,0,1,1,0
638,0.3658536585365854,5,0.5154907715718362,1,1,1,0.28289511648362414,1,0,1,0,1,0
526,0.5100518941359626,9,0.0,2,0,0,0.504968724513191,0,1,0,0,0,1
543,0.4146341463414634,10,0.23678390696397889,1,1,0,0.3838464073319002,0,0,0,1,0,1
622,0.2926829268292683,2,0.6320686618220172,3,1,0,0.711722819529265,1,1,0,0,1,0
447,0.6097560975609757,2,0.0,2,1,0,0.16935457336175605,0,1,0,0,0,1
850,0.4634146341463415,7,0.6103982298151414,1,1,1,0.7611912937685548,4,1,0,0,1,0
709,0.09756097560975613,0,0.4501816255356907,1,0,0,0.7761739746145756,2,0,1,0,0,1
754,0.5121951219512195,7,0.6285100855092202,2,1,0,0.6680103449879464,3,0,0,1,0,1
590,0.09756097560975613,7,0.4992688864231689,1,1,1,0.806284500169766,1,0,0,1,0,1
583,0.5121951219512195,8,0.41030607287604304,1,0,0,0.2642767884332954,1,0,1,0,0,1
551,0.7317073170731709,5,0.38134722348822986,1,0,0,0.4748779508443056,0,0,0,1,1,0
682,0.9756097560975612,1,0.0,1,1,1,0.003474931855992247,2,1,0,0,1,0
627,0.5365853658536586,10,0.0,2,1,1,0.9739972167341981,1,0,0,1,0,1
691,0.5365853658536586,1,0.0,2,1,1,0.7280774813994737,2,0,0,1,0,1
487,0.3170731707317073,1,0.0,2,1,0,0.7937685548969926,0,0,0,1,1,0
635,0.3170731707317073,1,0.0,2,1,0,0.6769178956590355,1,0,0,1,0,1
607,0.5100518941359626,7,0.40896684386875964,1,1,0,0.8163072573430762,1,0,1,0,0,1
806,0.4634146341463415,2,0.5492037823006146,2,0,1,0.3761381211905737,4,0,0,1,1,0
850,0.48780487804878053,1,0.5832805662251157,1,0,1,0.5195022624660655,4,0,0,1,0,1
612,0.34146341463414637,3,0.48383955413929225,1,1,0,0.8204275508311044,1,1,0,0,0,1
818,0.7560975609756098,2,0.0,1,0,1,0.9615281259360268,4,1,0,0,1,0
498,0.5853658536585367,3,0.6059818948801086,1,1,1,0.2671934669760962,0,0,1,0,0,1
746,0.39024390243902446,6,0.5651936210435082,2,1,1,0.9175040716388414,3,0,1,0,0,1
601,0.3658536585365854,7,0.4560823081594603,2,1,1,0.7650758147403077,1,0,1,0,1,0
579,0.7560975609756098,4,0.6750840949008421,1,1,1,0.6176763380902875,0,0,1,0,0,1
539,0.09756097560975613,0,0.4020992347928994,2,1,1,0.19382386017864706,0,1,0,0,1,0
598,0.21951219512195125,8,0.3615871288617622,2,1,0,0.5464751883804903,1,0,0,1,0,1
659,0.43902439024390244,6,0.4935927969798416,2,1,0,0.48415333664364946,1,1,0,0,0,1
738,0.5365853658536586,6,0.45811695896130583,2,1,1,0.9745130159930273,2,0,1,0,1,0
594,0.48780487804878053,10,0.0,2,1,0,0.29163450109485456,1,0,0,1,1,0
839,0.8048780487804879,3,0.0,1,1,1,0.3454812434587503,4,1,0,0,1,0
702,0.4146341463414634,8,0.05684698516437491,2,1,0,0.27341401103805413,2,0,0,1,1,0
669,0.4146341463414634,4,0.43152660109927504,2,1,0,0.874875250586431,1,0,1,0,1,0
741,0.43902439024390244,8,0.46629860753423835,2,1,0,0.8441038119140377,3,0,1,0,0,1
673,0.17073170731707316,3,0.43142943017222657,2,1,1,0.517861355759475,2,0,1,0,1,0
545,0.7073170731707319,8,0.4216552226443813,1,0,1,0.3391254864839592,0,1,0,0,0,1
579,0.6585365853658538,2,0.0,2,0,0,0.0575195431163676,0,1,0,0,1,0
787,0.6829268292682928,7,0.4690562211932343,2,1,1,0.4667884282949022,3,1,0,0,0,1
530,0.09756097560975613,7,0.0,2,1,0,0.5208442406249797,0,0,0,1,1,0
777,0.4634146341463415,1,0.0,1,1,1,0.6341912652658328,3,1,0,0,0,1
805,0.14634146341463422,6,0.5708347560557357,2,1,0,0.9302095350105934,4,0,1,0,0,1
648,0.6341463414634148,9,0.44388456683747574,2,1,1,0.4597247037092042,1,0,1,0,0,1
575,0.1951219512195122,7,0.0,2,1,0,0.5625339719943254,0,0,0,1,1,0
577,0.4146341463414634,10,0.0,2,1,1,0.12576216028630732,0,1,0,0,1,0
535,0.3658536585365854,2,0.5302564080898345,1,1,1,0.5514936676452601,0,1,0,0,0,1
850,0.902439024390244,7,0.0,1,0,0,0.8588384690737965,4,0,0,1,1,0
763,0.4146341463414634,9,0.0,1,1,1,0.15682162646532743,3,1,0,0,0,1
789,0.34146341463414637,7,0.2767000737231599,1,1,0,0.5374903803313216,3,1,0,0,1,0
678,0.1951219512195122,5,0.4429210282150813,1,1,0,0.3046775467057104,2,1,0,0,0,1
799,0.2926829268292683,9,0.0,2,1,0,0.6841472360610438,3,1,0,0,1,0
769,0.48780487804878053,2,0.0,2,0,0,0.3778715367317579,3,1,0,0,1,0
698,0.8292682926829269,1,0.43008199066003255,1,1,0,0.8444546954234129,2,0,1,0,1,0
844,0.5365853658536586,7,0.4517696408131286,1,1,0,0.15947888023306225,4,1,0,0,0,1
777,0.9756097560975612,4,0.0,1,1,1,0.31221726674897454,3,1,0,0,1,0
714,0.8292682926829269,2,0.0,1,0,1,0.7202362825649848,2,1,0,0,1,0
794,0.2439024390243903,5,0.0,2,0,1,0.4334833976644769,3,0,0,1,1,0
526,0.7804878048780488,5,0.4951541879015501,1,0,1,0.7973025923975738,0,0,1,0,0,1
609,0.5365853658536586,6,0.0,2,1,1,0.487070315215103,1,1,0,0,0,1
485,0.26829268292682934,7,0.7258875107419113,1,1,0,0.5841404354115818,0,1,0,0,0,1
797,0.3170731707317073,9,0.0,2,1,1,0.12369836319368498,3,1,0,0,0,1
719,0.5853658536585367,5,0.5469433426137282,3,1,0,0.7455001952686481,2,0,1,0,1,0
594,0.12195121951219517,5,0.622832919931754,1,1,0,0.804861164241185,1,1,0,0,0,1
661,0.4146341463414634,9,0.39899861334137704,1,1,0,0.4197305842707978,1,1,0,0,0,1
683,0.2926829268292683,4,0.45747398874180356,1,0,0,0.9158869172005926,2,1,0,0,0,1
487,0.853658536585366,4,0.7958988049689817,1,1,1,0.12099295482718599,0,1,0,0,0,1
710,0.8048780487804879,4,0.3732868193615982,1,0,1,0.7070121696622027,2,0,0,1,1,0
602,0.7560975609756098,0,0.7644886017267012,1,0,0,0.4881897221184623,1,1,0,0,0,1
700,0.2439024390243903,8,0.637312065627921,1,0,0,0.11344573406760346,2,0,0,1,0,1
695,0.43902439024390244,6,0.4543976400936333,2,1,0,0.5906029025771962,2,1,0,0,0,1
612,0.43902439024390244,2,0.5209323036297328,2,0,0,0.3879431485706885,1,0,1,0,1,0
731,0.5121951219512195,2,0.505448965354818,1,1,1,0.3742324892027188,2,0,0,1,1,0
833,0.26829268292682934,1,0.38446785306336934,2,0,1,0.24489638760501625,4,0,1,0,0,1
791,0.6341463414634148,5,0.0,2,1,1,0.6198905995522572,3,1,0,0,1,0
539,0.5100518941359626,2,0.5073216778971893,2,1,1,0.8346689608857645,0,1,0,0,1,0
829,0.48780487804878053,9,0.0,2,1,0,0.15260607388005554,4,1,0,0,0,1
698,0.902439024390244,8,0.6180162630971006,2,1,1,0.722932590062351,2,0,1,0,0,1
666,0.853658536585366,5,0.2576611882537647,1,1,0,0.6401006296101277,1,1,0,0,0,1
613,0.5365853658536586,9,0.38112828997622106,2,1,1,0.30350273451114584,1,1,0,0,1,0
718,0.4634146341463415,7,0.0,2,1,1,0.27546885727586984,2,1,0,0,1,0
633,0.3658536585365854,4,0.5494159401532313,2,1,0,0.4917347106648685,1,0,0,1,0,1
550,0.5365853658536586,8,0.5998065589100341,1,0,0,0.8323626406321802,0,1,0,0,1,0
770,0.3658536585365854,6,0.0,2,1,1,0.6306618282045935,3,1,0,0,1,0
671,0.5100518941359626,1,0.5773210150782735,1,1,1,0.895089081007236,2,0,1,0,0,1
691,0.07317073170731708,3,0.4105289920700473,1,1,1,0.5232349689395337,2,0,0,1,0,1
650,0.902439024390244,9,0.476760982915414,1,1,1,0.1492620045214318,1,0,0,1,0,1
729,0.6341463414634148,4,0.4293652853236149,2,1,0,0.7653395399260629,2,0,0,1,0,1
725,0.5121951219512195,5,0.4655428026574456,1,1,0,0.6202661854207077,2,0,1,0,1,0
727,0.5100518941359626,0,0.0,1,1,0,0.6087554361441517,2,0,0,1,1,0
768,0.5853658536585367,5,0.0,3,0,0,0.3034030749936619,3,1,0,0,0,1
523,0.2439024390243903,2,0.48292161171892545,1,1,1,0.2996647679853426,0,1,0,0,1,0
623,0.07317073170731708,10,0.0,2,0,1,0.6792634696613525,1,1,0,0,0,1
850,0.4146341463414634,1,0.8440650544609567,1,1,0,0.9429027472123587,4,1,0,0,1,0
507,0.4146341463414634,2,0.0,2,1,0,0.4881583691242513,0,1,0,0,1,0
744,0.6829268292682928,1,0.0,3,1,1,0.8871847761461219,3,0,0,1,1,0
751,0.4634146341463415,3,0.3976668375594251,2,1,0,0.2742978954490154,3,0,0,1,1,0
733,0.2926829268292683,1,0.4083439216296944,1,1,0,0.10773713889676463,2,0,1,0,1,0
841,0.3658536585365854,7,0.6176603018380891,2,1,1,0.4975183630036668,4,0,1,0,1,0
619,0.7317073170731709,4,0.0,1,0,0,0.09042553563865348,1,1,0,0,1,0
633,0.34146341463414637,5,0.6510217754148707,2,1,1,0.3720536311217721,1,0,0,1,0,1
671,0.6585365853658538,2,0.42398429577522895,1,0,1,0.7913407730438257,2,1,0,0,0,1
679,0.3658536585365854,4,0.3830647734305192,1,1,0,0.0058088047408527506,2,0,0,1,0,1
748,0.6341463414634148,2,0.3703157724317471,1,0,1,0.42745912234618405,3,1,0,0,0,1
700,0.2926829268292683,4,0.46384362670915513,1,1,1,0.6720928348657296,2,0,1,0,1,0
683,0.34146341463414637,0,0.550706065558331,2,1,1,0.94104987026261,2,0,1,0,1,0
762,0.04878048780487804,1,0.5557338041114621,1,1,1,0.4280171256354982,3,1,0,0,0,1
410,0.4146341463414634,7,0.46705712267478805,1,1,1,0.54866314733057,0,1,0,0,1,0
577,0.3170731707317073,4,0.2439682980448357,1,1,1,0.7262636081745806,0,0,1,0,1,0
549,0.878048780487805,5,0.3701795019643235,1,1,0,0.013041545467592154,0,0,1,0,0,1
751,0.7317073170731709,4,0.0,1,0,1,0.1507817996618677,3,1,0,0,1,0
541,0.43902439024390244,5,0.0,2,1,0,0.6239808901750117,0,1,0,0,0,1
643,0.8048780487804879,2,0.41941144310823575,1,1,0,0.17479754316537227,1,1,0,0,1,0
685,0.12195121951219517,5,0.657248646253146,1,0,0,0.705770901121057,2,0,0,1,0,1
705,0.17073170731707316,3,0.45331660356601367,1,0,1,0.9843591562994265,2,1,0,0,0,1
534,0.4146341463414634,2,0.32663357461190723,2,1,0,0.5783399814682302,0,1,0,0,0,1
452,0.2926829268292683,7,0.4501264636968739,1,1,1,0.49507607976561757,0,1,0,0,0,1
559,0.5853658536585367,7,0.0,2,1,1,0.9502342973753993,0,1,0,0,1,0
556,0.8048780487804879,8,0.2445380911429019,1,1,0,0.9940902856222769,0,1,0,0,1,0
836,0.9512195121951221,4,0.40353858413190796,1,1,0,0.18566793128743794,4,0,0,1,0,1
592,0.5100518941359626,8,0.33755737239769346,1,0,1,0.33604429222990795,1,0,0,1,0,1
557,0.43902439024390244,3,0.0,1,0,1,0.7204009982953371,0,1,0,0,0,1
648,0.6829268292682928,9,0.5070146209562616,2,1,0,0.38700880934129206,1,0,0,1,0,1
703,0.5100518941359626,1,0.5642111504316355,1,1,1,0.15624252116077084,2,0,1,0,0,1
689,0.1951219512195122,4,0.48118329637344,1,0,1,0.7453826840463263,2,0,1,0,0,1
663,0.8292682926829269,0,0.5432430753059938,1,1,0,0.7229776443650368,1,0,0,1,0,1
682,0.48780487804878053,1,0.4644127820981021,1,1,1,0.2491333922389588,2,0,1,0,1,0
591,0.6829268292682928,4,0.5152262020009798,1,1,0,0.8175418252443107,1,0,1,0,0,1
850,0.34146341463414637,8,0.0,2,1,1,0.2779376430449108,4,1,0,0,1,0
459,0.6829268292682928,7,0.43984559627377,1,1,0,0.024790117456217065,0,0,1,0,0,1
750,0.4634146341463415,6,0.0,1,1,1,0.5897384200191118,3,1,0,0,1,0
669,0.5100518941359626,1,0.5003208673290419,1,1,1,0.8113242314641047,1,1,0,0,0,1
711,0.17073170731707316,7,0.0,3,1,1,0.04834311676765131,2,1,0,0,1,0
672,0.853658536585366,7,0.0,1,1,1,0.6845583753248434,2,1,0,0,1,0
705,0.39024390243902446,7,0.4691779040645547,1,1,0,0.012436637698900245,2,1,0,0,0,1
684,0.5609756097560976,7,0.0,1,1,1,0.6919800340932558,2,0,0,1,1,0
804,0.17073170731707316,7,0.4320346559832321,1,1,0,0.6413881025637947,4,1,0,0,0,1
809,0.48780487804878053,3,0.0,2,1,1,0.40028687739679136,4,1,0,0,0,1
690,0.7073170731707319,2,0.0,2,1,0,0.7568930332846787,2,1,0,0,0,1
751,0.7073170731707319,5,0.5686369712898174,2,1,0,0.8138246202512339,3,1,0,0,0,1
787,0.34146341463414637,4,0.0,2,1,1,0.0661430666628663,3,1,0,0,0,1
507,0.3170731707317073,9,0.44476093859463023,1,1,0,0.7501996940707837,0,0,1,0,0,1
684,0.5609756097560976,6,0.5388793912301206,2,1,1,0.6098397396951408,2,1,0,0,1,0
694,0.5853658536585367,8,0.5331534807618504,1,1,0,0.1819855296180785,2,1,0,0,0,1
772,0.5121951219512195,4,0.4881906833168798,2,1,1,0.7035555395540274,3,0,0,1,1,0
708,0.34146341463414637,8,0.747266071256262,1,1,1,0.6005769550992119,2,0,0,1,1,0
539,0.26829268292682934,4,0.0,2,1,1,0.5045862379857277,0,1,0,0,1,0
699,0.5121951219512195,2,0.4373264858253804,1,1,1,0.9001400133712769,2,1,0,0,0,1
718,0.7560975609756098,10,0.32810883494569454,1,0,1,0.05566941642926899,2,0,0,1,1,0
641,0.5853658536585367,9,0.5287308085924448,1,1,0,0.176794933916189,1,0,0,1,0,1
758,0.1951219512195122,4,0.6207291574041078,1,1,0,0.8577841183833055,3,1,0,0,0,1
850,0.8048780487804879,3,0.43762608954097665,2,1,1,0.06223684361856557,4,0,0,1,0,1
850,0.3170731707317073,1,0.38421699423857714,2,1,0,0.5326637193852012,4,1,0,0,0,1
615,0.024390243902439046,5,0.0,2,1,0,0.7996230640026123,1,0,0,1,0,1
675,0.07317073170731708,8,0.39208453121345005,1,1,0,0.09096578723268071,2,1,0,0,1,0
655,0.26829268292682934,9,0.0,2,0,1,0.4286643374442259,1,0,0,1,1,0
536,0.34146341463414637,7,0.7094972305289372,2,1,0,0.11182847961980368,0,1,0,0,0,1
850,0.3170731707317073,3,0.2044394598619703,1,0,0,0.17763246390030246,4,0,1,0,1,0
537,0.4634146341463415,3,0.0,2,1,1,0.10296853349494875,0,1,0,0,0,1
686,0.21951219512195125,1,0.45873557666381604,2,0,0,0.3930919402802968,2,0,1,0,1,0
741,0.6341463414634148,7,0.0,2,1,1,0.952706883507375,3,1,0,0,1,0
754,0.2439024390243903,8,0.0,2,1,1,0.2630453208281391,3,1,0,0,0,1
613,0.48780487804878053,9,0.26748569508839226,1,1,0,0.3928128136237011,1,0,1,0,0,1
714,0.5100518941359626,7,0.30999195729230145,1,1,0,0.8887123220267535,2,0,1,0,0,1
850,0.3658536585365854,2,0.3324658230758154,1,0,1,0.3745660710597862,4,0,1,0,1,0
705,0.6829268292682928,7,0.0,2,1,0,0.586364847842969,2,0,0,1,0,1
671,0.7804878048780488,8,0.0,1,0,1,0.012743867039302253,2,0,0,1,0,1
778,0.3658536585365854,5,0.46422944072631245,2,1,1,0.16374548769407477,3,0,0,1,0,1
621,0.5365853658536586,10,0.6529478562391607,1,0,0,0.4475821940995365,1,1,0,0,0,1
620,0.6341463414634148,8,0.0,2,1,1,0.07808710731874893,1,0,0,1,0,1
608,0.2439024390243903,4,0.0,2,1,0,0.0544454495404311,1,0,0,1,1,0
657,0.21951219512195125,8,0.0,2,0,0,0.032286383349609885,1,0,0,1,1,0
648,0.5365853658536586,5,0.5578904566391877,1,1,1,0.003280713308120925,1,0,1,0,1,0
582,0.26829268292682934,0,0.0,1,1,0,0.7125919025266912,1,1,0,0,0,1
545,0.6341463414634148,2,0.5083196926688442,1,1,0,0.541987009759432,0,0,1,0,1,0
596,0.26829268292682934,2,0.0,2,1,1,0.00789880433581407,1,0,0,1,0,1
667,0.39024390243902446,5,0.0,2,1,1,0.5145343880340573,1,1,0,0,0,1
531,0.3170731707317073,3,0.383774384252985,1,1,0,0.28394286654375495,0,1,0,0,0,1
627,0.6341463414634148,6,0.6119939773156504,1,0,0,0.17645935186810338,1,1,0,0,0,1
732,0.1951219512195122,7,0.0,2,1,0,0.7718391106350656,2,1,0,0,0,1
571,0.12195121951219517,10,0.6022257084539784,1,0,1,0.08576904094341009,0,1,0,0,1,0
588,0.6341463414634148,8,0.6154281206365502,1,1,0,0.2465857989437991,1,1,0,0,0,1
634,0.26829268292682934,8,0.5182829809505526,2,0,1,0.3492232008156779,1,0,1,0,1,0
581,0.48780487804878053,1,0.0,2,1,0,0.23084524572096635,1,1,0,0,0,1
733,0.6585365853658538,2,0.4541260557224649,2,1,0,0.016037181550838102,2,0,1,0,0,1
631,0.3658536585365854,8,0.0,2,0,0,0.5868692460129942,1,1,0,0,1,0
676,0.48780487804878053,8,0.0,2,1,1,0.6684703389173666,2,1,0,0,0,1
560,0.5609756097560976,4,0.6079452418310558,1,0,0,0.05384569226361117,0,0,1,0,0,1
776,0.3658536585365854,8,0.45887292326537843,1,0,0,0.6476314488033607,3,0,1,0,0,1
697,0.43902439024390244,7,0.0,2,1,1,0.3737793959323116,2,1,0,0,0,1
445,0.3658536585365854,7,0.0,2,1,0,0.6131290538246402,0,1,0,0,1,0
765,0.5609756097560976,4,0.49495079854932345,1,0,0,0.5007570723004047,3,1,0,0,0,1
574,0.2439024390243903,7,0.0,2,0,0,0.9283322557304221,0,0,0,1,1,0
714,0.3658536585365854,10,0.41100882832547675,2,1,1,0.24832586512011895,2,0,0,1,1,0
723,0.7317073170731709,7,0.0,2,1,1,0.7534869580044893,2,1,0,0,0,1
619,0.5609756097560976,5,0.36854636876669733,1,1,0,0.19131272036479482,1,0,1,0,1,0
617,0.9756097560975612,3,0.47439480308518894,2,1,0,0.1759551037124045,1,0,1,0,1,0
597,0.6829268292682928,4,0.0,2,1,0,0.29330591071447326,1,0,0,1,1,0
707,0.4146341463414634,9,0.0,2,1,1,0.35199396542369793,2,1,0,0,1,0
640,0.7073170731707319,6,0.3549135826422593,1,1,0,0.5814288764577017,1,0,0,1,0,1
596,0.21951219512195125,2,0.6019478267052571,1,1,0,0.8516263303145449,1,0,1,0,1,0
685,0.48780487804878053,4,0.0,2,1,1,0.17938378115109993,2,0,0,1,0,1
535,0.26829268292682934,5,0.0,2,0,1,0.2635150156839978,0,1,0,0,1,0
668,0.39024390243902446,0,0.0,1,0,0,0.49991414180054194,1,0,0,1,0,1
518,0.5100518941359626,5,0.4409160308872818,1,1,0,0.44662310250628934,0,0,1,0,1,0
739,0.6585365853658538,7,0.4093439690991669,1,0,1,0.7390273771145144,2,0,1,0,0,1
525,0.43902439024390244,3,0.3105254009705694,1,1,0,0.336164253686227,0,0,0,1,0,1
554,0.5121951219512195,10,0.0,2,1,1,0.09191052745537198,0,1,0,0,1,0
814,0.3170731707317073,4,0.0,2,1,1,0.7101557698760231,4,1,0,0,1,0
635,0.4146341463414634,7,0.0,2,1,1,0.32973183939066175,1,0,0,1,1,0
601,0.7317073170731709,9,0.6521801740300216,1,0,1,0.2090445137510632,1,0,1,0,0,1
698,0.5365853658536586,8,0.6009495727926826,1,1,0,0.5736599845285224,2,0,1,0,1,0
708,0.3658536585365854,3,0.0,2,1,0,0.6930743385993362,2,0,0,1,0,1
608,0.6585365853658538,4,0.0,2,0,0,0.18344701919033268,1,0,0,1,0,1
543,0.6829268292682928,5,0.5594127878773411,1,1,1,0.42541662728790597,0,0,0,1,1,0
569,0.39024390243902446,6,0.5773473205794433,1,0,0,0.9828125585993462,0,0,0,1,1,0
628,0.8048780487804879,10,0.4594713734169918,2,0,0,0.06309117520723229,1,0,1,0,1,0
728,0.5121951219512195,6,0.606552365544114,1,0,0,0.8060370765408096,2,0,1,0,0,1
712,0.5853658536585367,1,0.350114183810646,1,0,0,0.4611040854401595,2,1,0,0,1,0
677,0.26829268292682934,3,0.34522522670459554,1,0,0,0.4595054827736048,2,1,0,0,1,0
617,0.48780487804878053,7,0.0,1,1,1,0.13615150246848573,1,0,0,1,0,1
786,0.5121951219512195,7,0.0,2,0,0,0.5046382429522019,3,0,0,1,1,0
581,0.3170731707317073,3,0.0,2,0,0,0.4451876654220478,1,1,0,0,0,1
532,0.5121951219512195,0,0.0,2,1,0,0.47487395046226916,0,0,0,1,1,0
558,0.3170731707317073,7,0.0,1,1,0,0.9913821769979032,0,1,0,0,0,1
542,0.3658536585365854,8,0.5694394485027766,2,0,0,0.388668517843454,0,0,1,0,0,1
478,0.4146341463414634,1,0.36857215612920774,1,1,0,0.893157746564797,0,1,0,0,0,1
610,0.5609756097560976,6,0.0,3,0,0,0.28056294376112917,1,1,0,0,0,1
737,0.2439024390243903,8,0.0,2,1,0,0.5319429505517776,2,1,0,0,0,1
586,0.26829268292682934,3,0.0,2,1,1,0.7112027198597466,1,1,0,0,0,1
681,0.26829268292682934,8,0.0,1,1,0,0.33181043789681913,2,1,0,0,0,1
850,0.2439024390243903,9,0.0,2,1,0,0.9291378826677947,4,1,0,0,1,0
726,0.4146341463414634,9,0.0,2,0,1,0.5027750150139337,2,0,0,1,1,0
584,0.5121951219512195,2,0.44913729713924894,1,1,1,0.6387511507348952,1,1,0,0,1,0
539,0.04878048780487804,0,0.3326444613428504,1,1,1,0.7337755255626912,0,1,0,0,0,1
710,0.5609756097560976,2,0.622033631264391,1,1,1,0.04986626222804277,2,1,0,0,1,0
546,0.5853658536585367,9,0.34417101381680515,2,1,0,0.28687014609895245,0,0,1,0,1,0
664,0.43902439024390244,1,0.0,2,1,1,0.4768508392551488,1,1,0,0,0,1
626,0.21951219512195125,4,0.4586903391731679,2,0,1,0.1344920939949765,1,0,1,0,0,1
772,0.7073170731707319,9,0.6072067348141232,1,0,1,0.08830943355090409,3,1,0,0,0,1
752,0.34146341463414637,9,0.46069497778958785,2,0,1,0.508377950094234,3,0,1,0,0,1
669,0.4146341463414634,7,0.0,1,1,1,0.24550669588945742,1,1,0,0,1,0
499,0.9512195121951221,1,0.0,1,0,0,0.6568667307727888,0,1,0,0,1,0
560,0.14634146341463422,1,0.46267518417537584,1,1,0,0.44865844688167716,0,1,0,0,0,1
638,0.853658536585366,1,0.4938924405522577,1,1,0,0.08323844927190546,1,0,1,0,1,0
637,0.5365853658536586,6,0.0,2,1,1,0.9080818218139832,1,0,0,1,1,0
526,0.39024390243902446,3,0.4891490405526802,1,1,1,0.23382623040500367,0,0,1,0,0,1
531,0.5100518941359626,8,0.5284067726462167,1,0,0,0.03606014374372752,0,0,0,1,0,1
747,0.07317073170731708,4,0.3229422750886626,2,1,0,0.838435020544462,3,1,0,0,1,0
633,0.5365853658536586,5,0.34345741731234386,2,1,1,0.586395550775099,1,0,1,0,0,1
701,0.39024390243902446,3,0.42084282108325344,1,0,1,0.3734498144572807,2,1,0,0,1,0
561,0.21951219512195125,9,0.5406059488137196,1,1,0,0.7654171973423461,0,1,0,0,1,0
699,0.21951219512195125,1,0.0,2,1,0,0.4650025577442646,2,1,0,0,0,1
507,0.43902439024390244,9,0.47116468682563517,3,1,0,0.5955491249414319,0,0,1,0,0,1
747,0.5609756097560976,5,0.0,2,1,1,0.11370380871373215,3,1,0,0,0,1
753,0.4146341463414634,5,0.32863526382365055,2,0,0,0.0912245619456658,3,0,1,0,1,0
562,0.4634146341463415,2,0.0,1,0,1,0.26259292762458813,0,1,0,0,0,1
640,0.12195121951219517,3,0.28701996097299903,1,1,0,0.806684788397292,1,0,1,0,0,1
730,0.43902439024390244,8,0.592867366985536,2,1,0,0.45913969784114383,2,1,0,0,1,0
676,0.43902439024390244,4,0.0,2,1,1,0.01581015987026761,2,0,0,1,1,0
748,0.5365853658536586,0,0.0,1,0,0,0.3020547462282648,3,1,0,0,0,1
645,0.4634146341463415,1,0.0,2,1,1,0.34491278917136586,1,1,0,0,1,0
755,0.48780487804878053,4,0.4427969539345637,1,1,1,0.09876593214651999,3,0,1,0,0,1
785,0.5100518941359626,2,0.39779836506527416,1,0,1,0.18484235244465844,3,0,1,0,1,0
850,0.5365853658536586,4,0.39055893171606054,2,0,0,0.5334481442977804,4,0,1,0,1,0
522,0.39024390243902446,9,0.5039348446215752,1,1,0,0.871267906085031,0,0,0,1,0,1
787,0.3658536585365854,1,0.5045427408395178,2,0,1,0.3107894303906023,3,1,0,0,0,1
790,0.1951219512195122,5,0.0,1,1,0,0.10250583930765388,3,1,0,0,0,1
686,0.5100518941359626,4,0.0,2,1,1,0.7984010973047925,2,0,0,1,1,0
532,0.6097560975609757,9,0.0,2,0,0,0.9529026522032854,0,1,0,0,0,1
683,0.5609756097560976,6,0.3814158967890111,2,1,1,0.9218608377100013,2,1,0,0,0,1
542,0.3170731707317073,3,0.0,2,1,1,0.5760850661238148,0,1,0,0,1,0
729,0.39024390243902446,3,0.6070345134951007,1,1,0,0.06059133647263313,2,1,0,0,0,1
621,0.4146341463414634,7,0.34922262660508896,1,1,0,0.0006588629214089945,1,1,0,0,0,1
795,0.26829268292682934,4,0.0,2,0,0,0.7785746538794455,3,0,0,1,0,1
709,0.43902439024390244,8,0.0,2,1,1,0.3483581182002881,2,1,0,0,1,0
772,0.6097560975609757,6,0.0,2,1,1,0.2883490373330653,3,1,0,0,0,1
676,0.2926829268292683,1,0.5109932482945566,1,1,1,0.27696940057775515,2,1,0,0,0,1
660,0.04878048780487804,6,0.6683413173850786,1,1,0,0.2896192586392001,1,1,0,0,1,0
506,0.2439024390243903,8,0.21145541602170032,1,0,1,0.12284053127073634,0,0,1,0,0,1
591,0.39024390243902446,3,0.38313272930854125,1,0,0,0.15481718504117142,1,1,0,0,1,0
532,0.8292682926829269,9,0.5490506523983504,1,1,0,0.8159799760877163,0,0,1,0,0,1
554,0.878048780487805,6,0.43346284541265345,1,1,0,0.2045332329237442,0,0,1,0,1,0
720,0.12195121951219517,0,0.7487549227656536,2,1,1,0.5205926665996602,2,0,1,0,0,1
562,0.6585365853658538,6,0.5454614660478284,1,1,0,0.23428447416728296,0,1,0,0,0,1
668,0.43902439024390244,3,0.5328319557952793,1,1,0,0.954825685852999,1,0,0,1,1,0
606,0.39024390243902446,3,0.6439755679287954,1,0,1,0.9554144420792186,1,0,0,1,0,1
644,0.3658536585365854,9,0.5629177169104795,1,1,0,0.47835303271462426,1,1,0,0,0,1
698,0.21951219512195125,1,0.37832376484013897,1,1,1,0.20166085861199742,2,1,0,0,1,0
546,0.21951219512195125,8,0.0,2,1,1,0.07423968989038453,0,1,0,0,1,0
807,0.5853658536585367,9,0.41991587102157696,2,1,1,0.6524512590952435,4,0,1,0,1,0
616,0.4634146341463415,9,0.0,1,1,0,0.5565600514849168,1,1,0,0,0,1
642,0.5100518941359626,1,0.6172352687100966,1,1,1,0.6902705708395152,1,1,0,0,0,1
622,0.2439024390243903,1,0.570449260893138,2,1,0,0.40860012131158524,1,0,1,0,1,0
703,0.8048780487804879,3,0.0,3,1,1,0.3864518061474871,2,1,0,0,1,0
781,0.5853658536585367,3,0.6239805970623372,1,1,1,0.8783960368215165,3,1,0,0,1,0
643,0.4146341463414634,6,0.0,2,1,1,0.20771013631801835,1,0,0,1,1,0
831,0.34146341463414637,9,0.31990143886707156,1,1,0,0.9743740527220349,4,0,1,0,0,1
802,0.5609756097560976,5,0.0,2,1,1,0.6731378846679857,4,0,0,1,0,1
670,0.5100518941359626,2,0.49529528104418813,2,0,1,0.42158751160735847,1,0,0,1,0,1
825,0.4146341463414634,6,0.4716534510087343,1,1,0,0.1316663241339548,4,0,1,0,1,0
665,0.902439024390244,8,0.54346432051356,1,1,1,0.4688363238689295,1,1,0,0,1,0
667,0.5853658536585367,7,0.0,1,0,1,0.5417385360301908,1,1,0,0,0,1
777,0.5121951219512195,8,0.0,2,1,1,0.09301858327470272,3,1,0,0,0,1
684,0.3658536585365854,4,0.5607878880225832,1,1,0,0.5177811981044189,2,1,0,0,0,1
592,0.4634146341463415,7,0.0,2,1,1,0.6336342620720279,1,1,0,0,1,0
752,0.5100518941359626,3,0.420196502890875,2,0,1,0.4488522153865694,3,0,1,0,1,0
636,0.04878048780487804,10,0.4952881865302363,1,0,0,0.5028241697082071,1,1,0,0,1,0
512,0.4634146341463415,1,0.0,2,0,1,0.7805417917411113,0,1,0,0,1,0
687,0.5609756097560976,10,0.5353496712549706,2,1,1,0.9903592793111741,2,0,1,0,0,1
713,0.8292682926829269,0,0.740904564080181,1,1,1,0.23181208805440917,2,1,0,0,1,0
681,0.6097560975609757,3,0.2644048824763871,1,1,1,0.0938135591949031,2,1,0,0,0,1
719,0.34146341463414637,9,0.5843219850737007,1,1,1,0.38557617252447607,2,1,0,0,0,1
549,0.3170731707317073,4,0.0,2,0,1,0.12837861015727,0,1,0,0,0,1
624,0.6341463414634148,3,0.0,2,1,0,0.44202186308792485,1,1,0,0,0,1
600,0.34146341463414637,1,0.0,1,1,1,0.5099215975125625,1,1,0,0,0,1
850,0.34146341463414637,5,0.0,1,1,1,0.019096873751443262,4,0,0,1,1,0
595,0.17073170731707316,7,0.42475548538452407,2,0,1,0.8851555823581152,1,0,1,0,1,0
632,0.5100518941359626,1,0.0,2,1,0,0.09757966885837598,1,0,0,1,1,0
604,0.12195121951219517,9,0.4965256212193565,1,1,1,0.03628181491332422,1,0,0,1,0,1
710,0.39024390243902446,9,0.535119099551535,2,1,0,0.7353856793323763,2,0,1,0,0,1
606,0.4146341463414634,7,0.0,1,1,0,0.5341784140385406,1,0,0,1,0,1
809,0.7804878048780488,10,0.4707035434187642,1,1,1,0.5035902928729694,4,0,1,0,0,1
668,0.6585365853658538,4,0.40847744197654123,2,1,1,0.7919139777848784,1,0,0,1,0,1
655,0.48780487804878053,6,0.0,1,1,1,0.9432285783292303,1,1,0,0,1,0
667,0.5121951219512195,4,0.3338620473356334,2,1,0,0.5917913160706847,1,0,1,0,1,0
648,0.024390243902439046,1,0.0,2,0,1,0.11046194911614059,1,1,0,0,1,0
582,0.4146341463414634,8,0.4834997747491821,2,1,1,0.14370917422613858,1,0,1,0,0,1
794,0.4634146341463415,9,0.0,2,1,0,0.34001882179748166,3,0,0,1,1,0
627,0.26829268292682934,5,0.5561683630194235,2,1,0,0.40301723814624296,1,0,1,0,0,1
580,0.902439024390244,6,0.4157295099376803,1,0,1,0.8787770732104915,0,1,0,0,0,1
698,0.9512195121951221,9,0.44384375345384264,2,1,0,0.5285676282084939,2,1,0,0,1,0
756,0.21951219512195125,8,0.0,2,1,1,0.7896812645607655,3,1,0,0,0,1
634,0.853658536585366,3,0.4534968759626668,2,1,1,0.5317181290813272,1,0,1,0,1,0
567,0.1951219512195122,2,0.0,2,1,1,0.39323740417209846,0,1,0,0,1,0
677,0.9268292682926831,0,0.47813616277429616,1,0,0,0.791647052293494,2,1,0,0,1,0
662,0.43902439024390244,4,0.665246993311109,2,1,0,0.6943640117631233,1,1,0,0,1,0
599,0.17073170731707316,7,0.4319710843554051,1,1,1,0.395009573414261,1,0,1,0,0,1
591,0.39024390243902446,4,0.6003844030857309,1,1,1,0.3613508090022597,1,0,1,0,1,0
793,0.34146341463414637,1,0.38425553578347293,1,1,1,0.690967137361618,3,0,1,0,1,0
717,0.7317073170731709,7,0.49328773287991157,1,1,1,0.8497873546923731,2,1,0,0,0,1
689,0.09756097560975613,4,0.543823390604528,1,1,0,0.25986816740998764,2,1,0,0,0,1
684,0.48780487804878053,3,0.5347529748034352,3,1,0,0.019776488654666517,2,0,0,1,1,0
577,0.6341463414634148,1,0.6061670298087961,1,0,1,0.22356095007073173,0,0,1,0,1,0
604,0.2439024390243903,6,0.0,2,1,1,0.3452563719835244,1,0,0,1,1,0
560,0.3170731707317073,3,0.45891612805820886,1,1,0,0.1989948540085578,0,1,0,0,1,0
663,0.09756097560975613,9,0.0,1,1,0,0.14563545818625676,1,0,0,1,1,0
530,0.17073170731707316,9,0.6479137405948369,1,1,0,0.3206178690064901,0,1,0,0,0,1
590,0.5609756097560976,1,0.35506970180602015,1,1,0,0.12245364432303284,1,1,0,0,0,1
682,0.6097560975609757,5,0.5016057714907276,1,1,1,0.9666260627889962,2,1,0,0,1,0
637,0.6097560975609757,8,0.0,1,1,0,0.06073254995852103,1,0,0,1,0,1
648,0.5853658536585367,4,0.0,2,1,0,0.09636700304879114,1,1,0,0,0,1
850,0.3170731707317073,4,0.6563328561010568,1,0,1,0.30965217178240523,4,0,1,0,1,0
779,0.4634146341463415,2,0.5117202366905225,1,1,1,0.03289104109442451,3,0,1,0,1,0
604,0.43902439024390244,10,0.4525594435573424,1,1,1,0.6743833536102697,1,0,1,0,0,1
519,0.5121951219512195,4,0.4459983732837504,1,1,1,0.48787454201876274,0,0,0,1,0,1
550,0.5365853658536586,7,0.45578246530294436,1,1,0,0.2700625409726629,0,1,0,0,1,0
569,0.4146341463414634,3,0.4662026323117885,1,0,0,0.47243131719079173,0,0,0,1,0,1
580,0.43902439024390244,6,0.5794676236873705,2,1,1,0.8498392596492965,0,0,1,0,1,0
543,0.5100518941359626,4,0.0,1,0,0,0.9745459691400529,0,0,0,1,1,0
791,0.8292682926829269,7,0.0,1,1,1,0.6139132287133421,3,1,0,0,1,0
701,0.4634146341463415,1,0.0,2,1,0,0.8173079029047273,2,1,0,0,0,1
745,0.48780487804878053,7,0.0,2,1,1,0.9711889485445859,3,0,0,1,1,0
645,0.48780487804878053,1,0.27134443311226486,1,0,1,0.8313459435376078,1,0,0,1,0,1
548,0.26829268292682934,4,0.0,2,0,1,0.2433312381332417,0,1,0,0,1,0
687,0.2439024390243903,7,0.43091862516769264,1,1,1,0.1370111345633508,2,1,0,0,0,1
662,0.2926829268292683,9,0.0,2,0,1,0.78944164167678,1,0,0,1,1,0
675,0.26829268292682934,8,0.4835685277636032,1,1,0,0.6672934265222328,2,0,1,0,1,0
650,0.5609756097560976,9,0.0,2,0,1,0.9580319420504658,1,0,0,1,0,1
615,1.0,8,0.0,2,1,1,0.8279039148238656,1,1,0,0,0,1
545,0.853658536585366,5,0.4560479117238398,1,1,0,0.9030197383850157,0,0,1,0,0,1
595,0.6097560975609757,5,0.0,2,0,0,0.5257413082949421,1,0,0,1,1,0
587,0.7560975609756098,7,0.6193509882837291,2,1,0,0.0664894497424504,1,0,1,0,1,0
537,0.48780487804878053,6,0.5651170162355561,1,0,1,0.7390003745357682,0,0,0,1,1,0
655,0.48780487804878053,3,1.0,3,0,1,0.40525080145153863,1,0,0,1,0,1
669,0.6341463414634148,8,0.3842918453464513,1,0,0,0.6580523439988519,1,1,0,0,1,0
569,0.48780487804878053,7,0.0,1,1,1,0.5423398934598254,0,1,0,0,0,1
589,0.43902439024390244,8,0.45610339241721615,1,1,0,0.1347335670556538,1,1,0,0,0,1
615,0.43902439024390244,6,0.0,1,1,1,0.13501399383641136,1,1,0,0,0,1
659,0.5853658536585367,2,0.0,1,0,0,0.8136913575246435,1,0,0,1,1,0
637,0.6097560975609757,3,0.6863194135913909,1,1,1,0.5238419269040193,1,0,0,1,0,1
641,0.5365853658536586,9,0.0,1,0,0,0.7582578136212008,1,1,0,0,1,0
727,0.9756097560975612,5,0.4261229330203351,1,1,0,0.12935945382784053,2,0,1,0,0,1
647,0.09756097560975613,3,0.39050046176118763,2,0,1,0.3103867419338547,1,0,1,0,1,0
796,0.5365853658536586,1,0.3975556370317527,1,1,0,0.887647820366845,3,0,1,0,1,0
814,0.3170731707317073,1,0.47378168562383244,1,1,0,0.508511612859028,4,1,0,0,0,1
787,0.48780487804878053,3,0.6312253313686048,1,1,1,0.14109732479451786,3,0,1,0,1,0
702,0.2926829268292683,2,0.0,2,1,1,0.7276981951776395,2,0,0,1,0,1
685,0.5365853658536586,7,0.2985153055569295,1,1,0,0.9935079800120912,2,0,0,1,0,1
678,0.5121951219512195,6,0.0,1,0,1,0.926863415456176,2,0,0,1,1,0
850,0.43902439024390244,6,0.0,2,0,1,0.2064170628295002,4,0,0,1,0,1
530,0.26829268292682934,5,0.0,2,0,0,0.6072561429616529,0,1,0,0,1,0
531,0.5853658536585367,2,0.0,2,0,1,0.452672680240963,0,1,0,0,1,0
479,0.7073170731707319,6,0.48544446870839075,1,0,1,0.0290043699173271,0,1,0,0,0,1
634,0.14634146341463422,2,0.3484011775458315,1,1,0,0.31667559251908556,1,1,0,0,1,0
629,0.5365853658536586,9,0.5476693345891952,1,1,0,0.8794145840927808,1,1,0,0,1,0
788,0.5121951219512195,3,0.5386223944550554,1,0,1,0.565426498230581,3,1,0,0,1,0
701,0.8048780487804879,9,0.0,2,0,0,0.3097795339454918,2,1,0,0,0,1
694,0.09756097560975613,4,0.0,2,1,1,0.05757619852695931,2,1,0,0,1,0
628,0.2439024390243903,3,0.6119541603525162,2,1,0,0.5538750450668039,1,0,1,0,1,0
686,0.5121951219512195,4,0.628667998229879,2,1,0,0.8141228487320539,2,0,1,0,1,0
841,0.5609756097560976,1,0.0,2,0,1,0.965503155551355,4,0,0,1,0,1
690,0.43902439024390244,10,0.36572661832539266,1,1,1,0.6789316379714262,2,0,0,1,1,0
573,0.21951219512195125,2,0.5111359357099929,1,1,1,0.05810434896532618,0,1,0,0,0,1
498,0.26829268292682934,8,0.509626278940585,1,1,1,0.23335388529604575,0,0,0,1,0,1
582,0.1951219512195122,6,0.45616257979484826,1,1,1,0.07035701909532359,1,0,1,0,0,1
727,0.5365853658536586,1,0.37087424619294634,2,1,0,0.3593029634330078,2,0,1,0,0,1
850,0.3658536585365854,0,0.497340055478302,1,0,1,0.16846078800525446,4,1,0,0,0,1
812,0.14634146341463422,1,0.3685834356092548,1,0,0,0.4162175487759081,4,0,0,1,1,0
620,0.3170731707317073,2,0.6649467120295735,2,1,1,0.6758646450736046,1,0,0,1,0,1
656,0.3658536585365854,7,0.5528341008893293,2,1,0,0.18564057867526348,1,1,0,0,0,1
693,0.6341463414634148,5,0.4966222740077456,2,1,1,0.234955188220475,2,0,1,0,0,1
523,0.21951219512195125,8,0.24587118219991236,2,1,0,0.7353081219256439,0,0,1,0,0,1
642,0.1951219512195122,1,0.5501189347435846,2,0,1,0.5852989960541232,1,1,0,0,0,1
638,0.4634146341463415,7,0.49627185284670766,2,1,0,0.7930722884035426,1,0,1,0,1,0
489,0.48780487804878053,5,0.46748032238906245,1,0,0,0.42614219657977337,0,1,0,0,1,0
728,0.6585365853658538,3,0.4341377409449391,2,1,0,0.4214843517555926,2,0,1,0,0,1
664,0.5100518941359626,1,0.0,2,1,1,0.2827819556767671,1,1,0,0,0,1
531,0.7073170731707319,6,0.0,1,0,0,0.9750269150703891,0,1,0,0,1,0
700,0.1951219512195122,2,0.0,2,0,0,0.25022309630569717,2,1,0,0,1,0
771,0.9268292682926831,2,0.0,1,1,1,0.1260671394118138,3,0,0,1,1,0
530,0.5609756097560976,4,0.0,2,0,1,0.7380461334057402,0,0,0,1,1,0
446,0.6585365853658538,10,0.49897426481006696,1,1,1,0.641307644880086,0,0,0,1,1,0
584,0.7073170731707319,7,0.5202860252941743,1,1,0,0.464565666021105,1,0,1,0,0,1
635,0.14634146341463422,4,0.0,2,1,1,0.35331969203058894,1,0,0,1,0,1
659,0.48780487804878053,3,0.0,2,1,0,0.7927833108061819,1,1,0,0,1,0
580,0.39024390243902446,6,0.0,2,1,1,0.8004950972817904,0,1,0,0,0,1
544,0.2926829268292683,4,0.29182721159814334,1,0,1,0.6339860956721367,0,1,0,0,0,1
803,0.3170731707317073,9,0.6262337828079919,2,1,0,0.7065122219171931,4,1,0,0,0,1
604,0.2439024390243903,7,0.0,2,0,0,0.2929482765604115,1,1,0,0,0,1
456,0.34146341463414637,9,0.5303373572911616,1,1,1,0.6258414678601806,0,0,1,0,0,1
665,0.4146341463414634,8,0.4421497987489662,1,1,0,0.846462887205728,1,1,0,0,0,1
757,0.6341463414634148,5,0.5614078608569719,2,1,0,0.7936933977194822,3,0,0,1,0,1
690,0.878048780487805,1,0.5740490093009477,1,1,1,0.5436491184908159,2,0,1,0,1,0
741,0.4634146341463415,9,0.41953990163894833,2,1,1,0.7475311892285713,3,1,0,0,0,1
793,0.3658536585365854,0,0.0,1,0,0,0.8777460247453631,3,1,0,0,1,0
698,0.5100518941359626,4,0.4035034304167083,2,0,1,0.8891063596573472,2,1,0,0,0,1
722,0.48780487804878053,3,0.0,2,0,1,0.8399459148348667,2,1,0,0,1,0
844,0.5609756097560976,10,0.3041858150454633,1,1,1,0.7058854120568514,4,1,0,0,1,0
551,0.6585365853658538,6,0.0,2,1,1,0.25568366779027396,0,1,0,0,1,0
551,0.34146341463414637,4,0.0,2,1,0,0.2670702552093725,0,0,0,1,0,1
574,0.43902439024390244,4,0.3107536609784475,1,1,0,0.8353566265578363,0,0,0,1,0,1
554,0.4634146341463415,3,0.0,2,1,0,0.8309079517093881,0,0,0,1,0,1
520,0.7560975609756098,5,0.48305525163623214,1,1,0,0.36286340345502993,0,1,0,0,0,1
584,0.5100518941359626,6,0.608304112637924,1,1,0,0.49648351417560377,1,0,1,0,1,0
506,0.6097560975609757,2,0.0,2,1,0,0.5278355082910418,0,1,0,0,0,1
691,0.7804878048780488,6,0.5458529795902393,1,1,1,0.013468286221334136,2,1,0,0,0,1
516,0.4146341463414634,10,0.22865702166166355,1,1,1,0.5084895107482764,0,1,0,0,0,1
850,0.43902439024390244,0,0.545959636440437,2,1,1,0.4950876308687479,4,0,1,0,1,0
720,0.4634146341463415,8,0.6228935022980846,1,1,0,0.22989165465301933,2,0,1,0,1,0
659,0.7317073170731709,4,0.4926032717108369,2,1,0,0.41232677720722327,1,0,1,0,0,1
596,0.5121951219512195,10,0.3449459898239959,1,0,1,0.658849920167376,1,1,0,0,1,0
592,0.4634146341463415,4,0.8477265410828756,1,0,0,0.8820014311366734,1,1,0,0,0,1
807,0.5853658536585367,5,0.0,2,1,1,0.37448236306567273,4,0,0,1,0,1
653,0.5609756097560976,1,0.4168390042347473,1,1,0,0.07558091797766686,1,0,1,0,0,1
773,0.5100518941359626,9,0.40983747624384076,1,0,1,0.32294919164780234,3,0,0,1,0,1
736,0.26829268292682934,4,0.0,2,0,0,0.2584918359703352,2,1,0,0,0,1
697,0.6585365853658538,1,0.0,2,1,0,0.23400254724326172,2,1,0,0,1,0
722,0.6829268292682928,5,0.0,2,1,0,0.8995715590838924,2,1,0,0,0,1
781,0.26829268292682934,6,0.393625515443342,1,0,0,0.5610088763476911,3,0,0,1,1,0
735,0.17073170731707316,3,0.36556196980216155,1,0,0,0.14201181212805822,2,1,0,0,1,0
808,0.3658536585365854,2,0.4125853249819479,1,1,0,0.569535490639356,4,1,0,0,1,0
664,0.5365853658536586,9,0.0,2,1,0,0.9738716047382524,1,1,0,0,0,1
763,0.4634146341463415,8,0.0,2,1,1,0.0046094402015392465,3,0,0,1,0,1
537,0.2926829268292683,1,0.41107594721027974,1,1,1,0.4827653040865402,0,0,0,1,0,1
732,0.5853658536585367,2,0.47385637730442676,2,0,0,0.4370945925335869,2,0,1,0,1,0
458,0.6341463414634148,7,0.33633803270483253,1,1,0,0.8932410545207067,0,0,1,0,0,1
775,0.21951219512195125,4,0.6070567137438153,1,1,0,0.5205518126981127,3,1,0,0,1,0
517,1.0,8,0.6142373981404163,2,1,0,0.506190841225337,0,0,1,0,1,0
684,0.26829268292682934,8,0.5072567511374838,1,0,1,0.3974551069627149,2,0,1,0,0,1
624,0.6585365853658538,5,0.6052470546906117,1,1,0,0.3439456968140457,1,0,1,0,1,0
592,0.43902439024390244,2,0.4173114669784852,2,1,0,0.5397372449068886,1,0,1,0,0,1
516,0.3170731707317073,3,0.0,2,1,0,0.6210127067134911,0,0,0,1,1,0
605,0.8292682926829269,7,0.0,2,1,1,0.8697876647219809,1,1,0,0,0,1
586,0.8292682926829269,6,0.561586459267187,1,1,1,0.3364186779837474,1,1,0,0,1,0
671,0.5100518941359626,6,0.0,2,0,0,0.06019119825943377,2,0,0,1,1,0
682,0.6829268292682928,7,0.5102857498835484,1,1,1,0.3130487461552578,2,0,0,1,0,1
633,0.6097560975609757,5,0.0,2,1,1,0.24121453598818685,1,1,0,0,0,1
504,0.5853658536585367,3,0.537815851846461,2,0,0,0.6759011985644628,0,1,0,0,0,1
639,0.4634146341463415,4,0.4628247269638442,2,0,1,0.9092826364917849,1,1,0,0,1,0
643,0.5609756097560976,2,0.5095356445320091,1,1,0,0.8618414558590345,1,0,1,0,0,1
639,0.5100518941359626,3,0.0,1,1,0,0.2142766634213567,1,1,0,0,0,1
781,0.2439024390243903,4,0.0,2,1,0,0.8885427058284066,3,1,0,0,1,0
643,0.6829268292682928,6,0.0,2,0,0,0.5339010375490859,1,1,0,0,1,0
633,0.39024390243902446,3,0.4903761124686123,2,1,1,0.19153559164900247,1,1,0,0,1,0
519,0.07317073170731708,1,0.6046337379451555,3,1,1,0.8507167434489993,0,0,1,0,1,0
698,0.26829268292682934,5,0.37930759058389013,1,1,1,0.7636311767773822,2,1,0,0,0,1
744,0.3170731707317073,0,0.46852182095128747,1,1,0,0.7948125045941886,3,0,0,1,0,1
635,0.7317073170731709,2,0.0,2,1,1,0.6827635539193992,1,0,0,1,1,0
587,0.3658536585365854,6,0.5285148244851127,1,1,0,0.2788473299200074,1,0,1,0,0,1
821,0.5365853658536586,1,0.0,2,1,0,0.971400468744765,4,1,0,0,1,0
669,0.6585365853658538,1,0.4940242869126665,1,0,0,0.5544028454717425,1,0,1,0,0,1
713,0.7073170731707319,1,0.0,1,1,0,0.5391189858631499,2,0,0,1,1,0
531,0.26829268292682934,3,0.4567216115515268,1,0,0,0.37790558998384344,0,1,0,0,0,1
669,0.2926829268292683,7,0.5574885404667689,1,1,0,0.9440115030985459,1,0,1,0,1,0
634,0.4146341463414634,3,0.0,2,1,1,0.09752881400173716,1,0,0,1,0,1
520,0.6585365853658538,7,0.4265597637670339,1,1,0,0.1644774575972005,0,0,0,1,0,1
786,0.39024390243902446,3,0.5474810908285512,1,0,0,0.9184402610449297,3,1,0,0,0,1
516,0.6585365853658538,4,0.0,1,1,0,0.476356242021113,0,1,0,0,1,0
740,0.4634146341463415,5,0.0,2,1,1,0.13759724053647124,2,1,0,0,1,0
497,0.902439024390244,7,0.5252278325434842,1,1,1,0.04981005686043016,0,0,1,0,1,0
622,0.2926829268292683,4,0.42997154741193927,1,0,1,0.9845092206305701,1,1,0,0,1,0
689,0.5365853658536586,2,0.0,2,1,1,0.8238648790959536,2,0,0,1,0,1
569,0.4146341463414634,4,0.3743935635380884,1,1,0,0.9237714701754017,0,1,0,0,1,0
649,0.5365853658536586,4,0.37864509052261025,1,0,1,0.6160158795164938,1,0,1,0,0,1
601,0.7317073170731709,8,0.4814014327490497,1,1,0,0.3196760290607753,1,0,1,0,1,0
805,0.3170731707317073,4,0.0,2,1,0,0.02393498579114305,4,1,0,0,1,0
638,0.5609756097560976,9,0.5752378983833636,1,1,0,0.36987667322229273,1,0,1,0,1,0
626,0.6341463414634148,2,0.0,1,0,1,0.8656108658376874,1,1,0,0,1,0
634,0.5609756097560976,4,0.0,2,1,1,0.8227693744752623,1,0,0,1,1,0
582,0.5100518941359626,9,0.0,3,1,1,0.30474345299976147,1,1,0,0,1,0
746,0.7317073170731709,5,0.6587631655545885,1,1,0,0.7689478345181964,3,1,0,0,0,1
794,0.09756097560975613,4,0.45612240412033433,1,1,1,0.5387589014750909,3,0,0,1,1,0
505,0.4634146341463415,10,0.48806258349754683,2,1,1,0.2634372082533882,0,0,1,0,1,0
694,0.5121951219512195,5,0.3094977725816885,1,1,1,0.1269921777529754,2,1,0,0,0,1
672,0.6097560975609757,5,0.0,1,0,0,0.31913802768164357,2,1,0,0,0,1
542,0.39024390243902446,8,0.403016459790507,1,1,0,0.9820111320631119,0,1,0,0,0,1
680,0.34146341463414637,5,0.0,1,1,1,0.7534352030618924,2,1,0,0,1,0
501,0.17073170731707316,6,0.41456589007911543,1,1,0,0.5738686544565006,0,0,1,0,0,1
850,0.3170731707317073,6,0.5260967112184872,2,1,1,0.8937646045197315,4,1,0,0,0,1
676,0.7317073170731709,2,0.49598775343407364,1,1,0,0.07529194038030632,2,0,1,0,1,0
534,0.902439024390244,8,0.46621821632839056,3,1,0,0.6103328867906884,0,1,0,0,1,0
551,1.0,2,0.6654824674033988,1,1,0,0.7974370552387753,0,1,0,0,1,0
608,0.2926829268292683,8,0.3422096995636755,1,0,0,0.7136616046832471,1,1,0,0,1,0
642,0.3658536585365854,4,0.3372179517189629,2,0,1,0.30026812560599536,1,1,0,0,1,0
778,0.3658536585365854,4,0.4426647090059554,2,1,0,0.41776524658104847,3,0,1,0,1,0
608,0.48780487804878053,9,0.4081607795420045,1,0,1,0.28797290141208487,1,0,0,1,1,0
587,0.5121951219512195,10,0.0,2,1,1,0.852070722754023,1,1,0,0,0,1
590,0.39024390243902446,6,0.0,2,1,0,0.8551309650071581,1,0,0,1,1,0
605,0.024390243902439046,8,0.6621544229372174,1,1,1,0.5399686170029238,1,0,1,0,0,1
756,0.5853658536585367,9,0.0,2,1,0,0.17832623015497978,3,1,0,0,1,0
586,0.2439024390243903,5,0.0,3,1,0,0.8524605099787029,1,1,0,0,1,0
716,0.5121951219512195,10,0.4595543553161366,1,1,0,0.2175998807886153,2,0,1,0,1,0
544,0.3658536585365854,6,0.0,2,1,1,0.6205665641068722,0,1,0,0,1,0
613,0.6585365853658538,1,0.7486784375281614,2,1,1,0.7361337507731988,1,1,0,0,1,0
850,0.12195121951219517,9,0.5701711400034971,1,0,1,0.3148769707507067,4,0,0,1,1,0
844,0.48780487804878053,7,0.44441015872221273,1,1,1,0.596665981601243,4,1,0,0,0,1
702,0.5121951219512195,8,0.0,2,1,0,0.4982603338618838,2,0,0,1,0,1
487,0.4634146341463415,2,0.0,2,1,1,0.6336154602764564,0,1,0,0,0,1
842,0.26829268292682934,8,0.0,2,1,1,0.6171862912908183,4,1,0,0,0,1
592,0.48780487804878053,8,0.47540421690735074,2,0,1,0.09680499487701075,1,1,0,0,1,0
632,0.21951219512195125,3,0.4279658725182006,1,1,1,0.31348893819359747,1,1,0,0,1,0
612,0.7073170731707319,6,0.5182377833167243,1,1,1,0.22871499228176287,1,0,1,0,1,0
585,0.6341463414634148,7,0.6531251792311372,1,1,1,0.5616618387055964,1,0,1,0,0,1
695,0.7560975609756098,9,0.6355509920382416,1,1,0,0.6792137149097739,2,1,0,0,0,1
672,0.5121951219512195,2,0.0,2,1,0,0.43684626881867217,2,1,0,0,0,1
850,0.43902439024390244,0,0.6570418292144035,1,1,1,0.31358424729561674,4,1,0,0,1,0
663,0.4146341463414634,9,0.0,2,1,1,0.9779368929732789,1,1,0,0,0,1
503,0.17073170731707316,7,0.0,1,0,1,0.9642398349042333,0,0,0,1,0,1
621,0.7073170731707319,7,0.42791593192279787,1,1,1,0.33397039417264346,1,0,1,0,0,1
600,0.5121951219512195,5,0.0,2,0,0,0.5913589247773162,1,1,0,0,1,0
745,0.6585365853658538,10,0.4672479969855491,3,1,1,0.6119056369883323,3,0,1,0,0,1
605,0.39024390243902446,2,0.0,1,0,0,0.1798713777165719,1,1,0,0,1,0
721,0.2439024390243903,9,0.6156903785118493,2,0,1,0.5064951702887626,2,0,1,0,0,1
752,0.6341463414634148,6,0.3342804642315133,1,1,0,0.8936386424903577,3,0,0,1,0,1
599,0.5853658536585367,6,0.0,2,1,0,0.5693384718240592,1,0,0,1,0,1
505,0.39024390243902446,10,0.41649894584689745,1,0,1,0.6322581806562526,0,1,0,0,0,1
693,0.6097560975609757,1,0.4859659154838525,1,1,0,0.4399588660717098,2,0,1,0,1,0
640,0.7073170731707319,6,0.3579120909210589,2,0,1,0.06886752684881406,1,1,0,0,1,0
666,0.6097560975609757,5,0.0,2,1,0,0.1466866085711185,1,0,0,1,0,1
733,0.5853658536585367,9,0.4786602002430549,1,1,0,0.9203122398189026,2,1,0,0,0,1
850,0.34146341463414637,2,0.512749937634041,2,0,0,0.2720489806776547,4,0,1,0,0,1
850,0.39024390243902446,8,0.794063996262387,1,0,0,0.34050606832952546,4,0,0,1,0,1
749,0.6829268292682928,9,0.2653779070219307,1,1,0,0.39374530267640556,3,0,0,1,1,0
774,0.5853658536585367,3,0.5491538417052119,1,0,0,0.9966182270406824,3,1,0,0,1,0
683,0.26829268292682934,0,0.629056681938073,1,0,0,0.6494624236614597,2,1,0,0,1,0
583,0.5121951219512195,1,0.5153458123176626,2,1,0,0.36551500668313824,1,1,0,0,0,1
647,0.5365853658536586,9,0.0,2,0,1,0.46177224924980337,1,1,0,0,1,0
631,0.26829268292682934,2,0.3860671876776743,2,1,1,0.15802394128639283,1,0,1,0,1,0
425,0.09756097560975613,7,0.6761698743900363,2,0,1,0.6818322149765302,0,0,0,1,1,0
468,0.6829268292682928,7,0.3644657079693194,1,1,0,0.054738227500726315,0,1,0,0,0,1
562,0.2926829268292683,3,0.4428084326987105,2,0,0,0.7032602113501839,0,1,0,0,0,1
718,0.43902439024390244,9,0.0,1,1,0,0.2295133685266943,2,1,0,0,0,1
727,0.1951219512195122,9,0.4842933638912915,1,1,1,0.7339393912118607,2,1,0,0,1,0
732,0.5365853658536586,10,0.0,2,1,0,0.7709611267876081,2,1,0,0,1,0
427,0.4634146341463415,5,0.0,2,1,1,0.6074256091456735,0,1,0,0,0,1
508,0.4146341463414634,1,0.3463289816195891,1,0,0,0.29684454865439647,0,1,0,0,0,1
692,0.43902439024390244,4,0.0,1,1,0,0.9279351678085257,2,1,0,0,1,0
651,0.5365853658536586,4,0.0,2,1,1,0.7385917855155166,1,1,0,0,0,1
669,0.17073170731707316,7,0.6266632400429991,2,1,0,0.6219159929773292,1,0,0,1,0,1
633,0.7804878048780488,7,0.3519462822534839,1,1,1,0.9797214633997546,1,0,1,0,0,1
667,0.5100518941359626,3,0.3083200832656797,2,1,1,0.1043618665582563,1,0,1,0,0,1
703,0.6585365853658538,7,0.0,2,1,1,0.34413356475543416,2,1,0,0,1,0
637,0.3658536585365854,7,0.41203107604366385,1,1,0,0.42208130876498706,1,1,0,0,1,0
683,0.2926829268292683,4,0.2638136065523656,1,1,1,0.5759319515013683,2,1,0,0,0,1
625,0.09756097560975613,9,0.0,2,1,0,0.785381653947952,1,1,0,0,0,1
623,0.5121951219512195,1,0.641308987246575,1,0,0,0.3938515128194742,1,1,0,0,1,0
757,0.3658536585365854,1,0.48660661386461734,1,1,0,0.21286787888243322,3,0,1,0,0,1
512,0.3170731707317073,6,0.0,2,1,0,0.8423338428819952,0,0,0,1,0,1
452,0.4146341463414634,7,0.0,2,1,0,0.8212288773577877,0,1,0,0,1,0
732,0.902439024390244,9,0.5443485839210653,1,0,1,0.016284505170243754,2,1,0,0,0,1
646,0.5100518941359626,10,0.4007550236831217,2,0,0,0.6849263604674245,1,0,1,0,1,0
426,0.39024390243902446,9,0.0,2,1,0,0.5393781606143386,0,1,0,0,0,1
506,0.5365853658536586,3,0.0,1,1,1,0.7217389260674393,0,1,0,0,1,0
446,0.8048780487804879,4,0.4187203258502287,1,0,0,0.35304341564619424,0,1,0,0,1,0
614,0.48780487804878053,4,0.289336598776021,1,1,1,0.3801908082221852,1,1,0,0,1,0
706,0.26829268292682934,1,0.8349613582152021,1,1,1,0.6663441858697505,2,0,0,1,1,0
819,0.2439024390243903,8,0.6706037897697826,1,1,1,0.5139868857475889,4,0,0,1,1,0
649,0.7804878048780488,5,0.6193483577336122,1,1,1,0.43674090875678623,1,0,1,0,1,0
730,0.5100518941359626,2,0.0,2,1,0,0.07081931324441483,2,0,0,1,0,1
515,0.6585365853658538,7,0.48211407268983203,3,1,1,0.19640140633430492,0,0,1,0,0,1
744,0.5609756097560976,7,0.7589110781991207,2,1,1,0.6918155683867809,3,0,1,0,0,1
685,0.3170731707317073,7,0.4880440102194481,2,1,1,0.9038761701742515,2,0,0,1,0,1
567,0.6585365853658538,1,0.627029524218379,1,1,0,0.31094139490321326,0,0,0,1,1,0
569,0.4146341463414634,10,0.49631912303517345,1,1,1,0.9690035398380544,0,1,0,0,0,1
608,0.48780487804878053,8,0.413129928569803,2,1,1,0.6854068563547818,1,0,1,0,1,0
494,0.5100518941359626,1,0.5494382201155856,1,0,1,0.45135445435039045,0,1,0,0,1,0
451,0.3170731707317073,7,0.561709417556746,1,0,1,0.10189568103753907,0,1,0,0,1,0
453,0.2439024390243903,3,0.5579422705051282,1,1,0,0.6842411950341257,0,0,1,0,1,0
670,0.3658536585365854,1,0.0,2,1,1,0.43204891067096907,1,1,0,0,0,1
754,0.7804878048780488,7,0.5850081999428534,2,0,1,0.7534416536779261,3,0,0,1,1,0
610,0.4634146341463415,0,0.0,1,1,0,0.5725699804331313,1,1,0,0,0,1
628,0.26829268292682934,3,0.4509678810229285,2,0,1,0.6237470678449791,1,0,1,0,0,1
731,0.3658536585365854,4,0.0,2,1,1,0.374703434177964,2,1,0,0,0,1
550,0.39024390243902446,8,0.4876860561194388,1,0,0,0.5824754764079969,0,1,0,0,0,1
582,0.26829268292682934,0,0.0,1,1,1,0.42004626441825194,1,1,0,0,1,0
502,0.3658536585365854,5,0.6961936218805014,2,1,0,0.16646079700611405,0,0,1,0,0,1
681,0.48780487804878053,6,0.6126888809715532,1,1,0,0.5065892792761708,2,1,0,0,0,1
667,0.4146341463414634,4,0.38894405294197343,2,0,0,0.28603671650642637,1,0,0,1,0,1
603,0.6341463414634148,9,0.0,1,1,0,0.691649352513165,1,1,0,0,0,1
411,0.43902439024390244,10,0.0,1,0,0,0.6034714815264858,0,1,0,0,1,0
623,0.7317073170731709,5,0.47218127487538875,1,1,1,0.7929690785470012,1,1,0,0,0,1
584,0.2439024390243903,10,0.0,2,1,0,0.09912316626237805,1,1,0,0,0,1
492,0.2926829268292683,10,0.3075705757664397,2,0,1,0.7335132505154242,0,0,1,0,1,0
634,0.4634146341463415,3,0.44413558508954776,2,1,1,0.8351843101016146,1,0,1,0,0,1
559,0.48780487804878053,3,0.5814087703896033,1,1,0,0.2815259357268619,0,0,0,1,0,1
671,0.6341463414634148,0,0.33776674027291326,2,0,1,0.17332855287679974,2,0,1,0,1,0
543,0.2926829268292683,4,0.5616495924699946,1,1,0,0.7885733087509856,0,1,0,0,0,1
616,0.5365853658536586,9,0.0,2,0,0,0.4685745988741925,1,1,0,0,0,1
646,0.5853658536585367,3,0.39791642096597873,1,0,1,0.11450083482972623,1,0,0,1,1,0
624,0.34146341463414637,2,0.3163390761563789,2,1,1,0.7273712639557077,1,1,0,0,1,0
811,0.7073170731707319,3,0.491695014497719,2,0,0,0.8600009300888234,4,1,0,0,1,0
673,0.5121951219512195,7,0.32784430523165803,2,1,0,0.5477222074708135,2,1,0,0,0,1
850,0.5121951219512195,0,0.41605151318609085,1,1,0,0.5294265102317272,4,1,0,0,1,0
673,0.8048780487804879,8,0.31711425144766947,2,1,1,0.8610288782578736,2,1,0,0,0,1
683,0.48780487804878053,5,0.5086390255103178,1,1,0,0.6192315866165219,2,1,0,0,1,0
743,0.4146341463414634,6,0.3164166375280099,1,1,1,0.9668378830178281,3,0,0,1,0,1
571,0.4146341463414634,8,0.0,2,0,0,0.4228281300864233,0,1,0,0,1,0
647,0.8292682926829269,7,0.5181909515532781,1,1,1,0.9540650132087612,1,0,1,0,0,1
850,0.6585365853658538,4,0.45575416696077686,2,1,1,0.5454393894616936,4,0,0,1,1,0
620,0.07317073170731708,9,0.0,2,0,0,0.7744300080657702,1,0,0,1,0,1
598,0.48780487804878053,1,0.40449562609264983,1,1,1,0.3797738684044326,1,0,1,0,0,1
716,0.39024390243902446,9,0.0,1,1,1,0.3334524947132451,2,0,0,1,0,1
818,0.3170731707317073,1,0.7445109287201032,1,0,0,0.8912903682301659,4,1,0,0,1,0
693,0.17073170731707316,6,0.5842240170102532,1,0,1,0.07311583256200967,2,0,1,0,0,1
786,0.26829268292682934,4,0.0,2,1,0,0.5168554096916255,3,1,0,0,1,0
673,0.39024390243902446,8,0.16802471473577182,1,1,0,0.10294488123615804,2,1,0,0,1,0
706,0.5100518941359626,3,0.0,2,0,1,0.9077471398518558,2,0,0,1,0,1
757,0.26829268292682934,8,0.5193602310802765,1,1,0,0.38732598963200987,3,1,0,0,0,1
628,0.48780487804878053,3,0.0,2,1,1,0.24458910825983882,1,1,0,0,1,0
614,0.5121951219512195,3,0.6054846013375391,1,0,0,0.28226630643226425,1,0,0,1,0,1
737,0.5100518941359626,4,0.5083850977103892,2,1,0,0.02106966215273558,2,0,1,0,0,1
837,0.48780487804878053,2,0.0,2,1,1,0.2319403002986785,4,1,0,0,1,0
578,0.43902439024390244,1,0.6268200367726994,2,1,0,0.7076756330229537,0,0,0,1,0,1
590,0.6585365853658538,2,0.32614126317183206,1,1,0,0.26080685705484874,1,1,0,0,1,0
672,0.5365853658536586,4,0.3548288470430365,2,1,0,0.9444932491052895,2,0,1,0,0,1
696,0.39024390243902446,9,0.6012671917908982,1,0,1,0.041129927908115226,2,1,0,0,0,1
668,0.853658536585366,10,0.4393817426031422,1,0,0,0.9199327535779667,1,1,0,0,1,0
468,0.09756097560975613,1,0.3041818293634679,1,1,1,0.9739507122930239,0,1,0,0,1,0
702,0.5365853658536586,1,0.4127143415081399,1,0,0,0.048509332641267236,2,1,0,0,1,0
613,0.43902439024390244,9,0.5233483841985406,1,0,0,0.4167005449020381,1,1,0,0,0,1
639,0.39024390243902446,7,0.5976133178215906,2,0,0,0.7832609514208606,1,0,0,1,0,1
547,0.3170731707317073,9,0.0,2,0,0,0.4964606119884449,0,0,0,1,1,0
705,0.14634146341463422,5,0.7086535812209651,2,0,0,0.39941054370692397,2,0,0,1,1,0
670,0.5853658536585367,5,0.19732629291837178,3,1,1,0.501610053760134,1,0,1,0,1,0
679,0.6097560975609757,4,0.0,3,1,0,0.575679627404417,2,1,0,0,1,0
726,0.6341463414634148,2,0.0,2,1,1,0.13362416110738573,2,1,0,0,1,0
721,0.4146341463414634,6,0.471401874761183,1,0,1,0.015378018600776373,2,1,0,0,1,0
632,0.2439024390243903,7,0.6198516297991747,1,1,0,0.009159174701183962,1,0,0,1,0,1
663,0.4634146341463415,7,0.0,1,1,1,0.9260836909924898,1,1,0,0,1,0
432,0.48780487804878053,2,0.5402982541636726,2,1,1,0.35925790913032196,0,0,1,0,0,1
636,0.6097560975609757,6,0.0,2,1,0,0.2156074405105687,1,1,0,0,0,1
702,0.5365853658536586,3,0.5920999239173165,1,0,1,0.7302932930094824,2,1,0,0,0,1
745,0.3658536585365854,1,0.0,2,1,1,0.8721804432323287,3,1,0,0,1,0
698,0.6341463414634148,10,0.4637873887361997,2,1,0,0.9903324767515297,2,0,1,0,0,1
634,0.43902439024390244,1,0.2770804273559835,1,1,0,0.581189553602369,1,1,0,0,1,0
692,0.853658536585366,7,0.601546986666977,2,0,0,0.5990852626425823,2,0,1,0,0,1
628,0.3658536585365854,6,0.0,2,0,0,0.921181222806778,1,1,0,0,0,1
591,0.5853658536585367,10,0.0,2,0,0,0.8555199021506553,1,1,0,0,1,0
671,0.5853658536585367,6,0.0,2,1,0,0.9860486676477603,2,1,0,0,1,0
600,0.6097560975609757,8,0.5316079129976637,1,1,0,0.886920100869633,1,0,1,0,0,1
693,0.3170731707317073,2,0.0,2,1,1,0.5387901044549754,2,1,0,0,0,1
556,0.7073170731707319,2,0.5576537868422993,1,1,1,0.25192105846108304,0,1,0,0,1,0
765,0.39024390243902446,8,0.5449603462505435,2,0,0,0.235255616911415,3,0,1,0,1,0
678,0.6097560975609757,1,0.531041149017914,1,1,0,0.5551590676909645,2,1,0,0,0,1
657,0.43902439024390244,8,0.7502689637852564,2,0,0,0.915322063257041,1,0,0,1,0,1
736,0.1951219512195122,0,0.3371404700609718,1,0,1,0.9402206910759977,2,0,1,0,1,0
564,0.5853658536585367,7,0.39786851306839366,1,1,1,0.18356663061322356,0,1,0,0,0,1
632,0.5609756097560976,3,0.504390846498672,1,0,0,0.8882495278299076,1,0,1,0,0,1
623,0.2439024390243903,4,0.0,2,1,0,0.20610013256265972,1,1,0,0,1,0
792,0.5365853658536586,7,0.0,1,1,0,0.7082707398556563,3,0,0,1,1,0
790,0.3170731707317073,9,0.0,2,1,0,0.4206160188297982,3,1,0,0,1,0
727,0.3170731707317073,3,0.32973335907021056,2,1,0,0.30103339868957485,2,0,1,0,1,0
510,0.2926829268292683,0,0.0,2,1,1,0.6527717897059169,0,1,0,0,1,0
783,0.5100518941359626,2,0.5568287905260658,1,1,0,0.010694221298133971,3,0,1,0,1,0
680,0.3658536585365854,10,0.73244268220615,1,1,0,0.8206172189444092,2,1,0,0,0,1
840,0.43902439024390244,6,0.0,2,1,0,0.70683095235595,4,0,0,1,1,0
618,0.5121951219512195,2,0.3629703199414551,1,1,0,0.13284823700663412,1,1,0,0,0,1
751,0.48780487804878053,7,0.0,2,0,0,0.4541835245265923,3,0,0,1,0,1
621,0.21951219512195125,4,0.5460531006832297,1,1,0,0.10622254425297616,1,1,0,0,0,1
661,0.5100518941359626,8,0.5131631332865069,2,1,0,0.9470234407385905,1,0,1,0,1,0
743,0.39024390243902446,1,0.5250613107497152,1,1,1,0.5427099788029757,3,0,1,0,1,0
662,0.3170731707317073,3,0.0,2,0,1,0.1386105873110882,1,1,0,0,0,1
574,0.3658536585365854,3,0.5174797066011941,1,1,0,0.9656914235309472,0,0,1,0,0,1
557,0.21951219512195125,3,0.3497000714513212,1,1,1,0.6154836786913149,0,1,0,0,1,0
624,0.878048780487805,3,0.46523359344824033,1,1,0,0.5524853623521047,1,0,1,0,0,1
649,0.43902439024390244,2,0.0,2,0,1,0.37515532733376034,1,1,0,0,1,0
591,0.3658536585365854,4,0.45334490190818116,1,1,0,0.623127008629324,1,1,0,0,1,0
586,0.5853658536585367,2,0.0,1,1,0,0.5144379288222025,1,0,0,1,1,0
599,0.2439024390243903,4,0.5055191532147575,2,1,0,0.3041865998202828,1,0,0,1,1,0
508,0.17073170731707316,2,0.44398715829203805,1,0,1,0.24095041076422793,0,1,0,0,1,0
715,0.5100518941359626,7,0.5549062569587517,2,1,0,0.32526171249354313,2,1,0,0,0,1
414,0.48780487804878053,8,0.0,1,0,1,0.38828478119660426,0,1,0,0,0,1
431,0.4634146341463415,0,0.4813272193502948,1,1,1,0.5851133783276302,0,1,0,0,0,1
739,0.21951219512195125,6,0.0,1,1,1,0.2878314879070951,2,1,0,0,1,0
850,0.48780487804878053,0,0.4257971433740289,1,0,1,0.7449018381255409,4,1,0,0,1,0
547,0.902439024390244,4,0.4438565474930479,3,1,0,0.08456157563047269,0,0,1,0,0,1
791,0.3170731707317073,10,0.3009159615364151,1,1,0,0.11087338840859301,3,1,0,0,1,0
600,0.39024390243902446,0,0.0,2,0,1,0.01872503824115203,1,1,0,0,0,1
696,0.48780487804878053,6,0.5672268768566553,1,1,1,0.04003837366468497,2,0,1,0,0,1
706,0.5100518941359626,5,0.6498049467016669,2,1,1,0.6783177293431523,2,0,1,0,0,1
679,0.2926829268292683,1,0.44856228279776866,1,1,1,0.8972038329660481,2,1,0,0,1,0
670,0.21951219512195125,5,0.31621049805520646,1,1,1,0.13080499187672423,1,1,0,0,1,0
446,0.5121951219512195,1,0.3595765515791691,1,1,0,0.9567858730508764,0,1,0,0,1,0
700,0.4634146341463415,1,0.5387824594439918,1,1,0,0.8033706718991663,2,1,0,0,0,1
605,0.43902439024390244,7,0.5134724222093521,1,1,0,0.9529760592136548,1,1,0,0,0,1
634,0.48780487804878053,2,0.5915969707063135,1,1,1,0.2802474636327769,1,0,1,0,0,1
572,0.7073170731707319,4,0.3959911372780877,1,1,0,0.9827852059871718,0,0,1,0,0,1
565,0.5365853658536586,1,0.358690295330666,2,0,1,0.6054212677310683,0,0,1,0,1,0
726,0.2926829268292683,5,0.4439066076589105,2,1,0,0.013463835796318548,2,0,1,0,0,1
675,0.4146341463414634,8,0.6202561366648905,1,0,1,0.17584544323982937,2,0,0,1,1,0
710,0.5100518941359626,5,0.0,2,1,1,0.04683102236263562,2,0,0,1,1,0
670,0.6097560975609757,1,0.3897686506900073,1,0,0,0.6011276076865341,1,0,0,1,0,1
740,0.43902439024390244,7,0.0,1,1,1,0.06583538727948518,2,1,0,0,0,1
758,0.4146341463414634,5,0.0,2,0,0,0.5018175735782767,3,0,0,1,1,0
656,0.39024390243902446,6,0.23865199611523552,1,1,0,0.07011189568603801,1,0,0,1,1,0
635,0.26829268292682934,8,0.5512076237806355,2,1,0,0.705387014459881,1,0,0,1,1,0
633,0.34146341463414637,1,0.4145164277655522,1,0,1,0.1831728430065071,1,1,0,0,1,0
558,0.5100518941359626,4,0.43139391774564734,1,1,1,0.7189271575435453,0,0,1,0,0,1
515,0.17073170731707316,7,0.3170354545146199,1,0,1,0.19382471025982978,0,1,0,0,1,0
705,0.7317073170731709,0,0.0,2,0,0,0.7488766677217673,2,1,0,0,1,0
850,0.26829268292682934,7,0.0,2,1,0,0.11613944131664573,4,0,0,1,1,0
691,0.9756097560975612,3,0.0,1,0,1,0.9746866825781861,2,1,0,0,0,1
710,0.4634146341463415,5,0.0,2,1,0,0.5770137548135846,2,1,0,0,1,0
736,0.9512195121951221,9,0.3798171201701855,1,1,0,0.14212787321189171,2,0,1,0,0,1
595,0.39024390243902446,2,0.35061016207815693,2,0,1,0.781564339394412,1,0,1,0,0,1
829,0.43902439024390244,4,0.32601180822062065,2,1,0,0.4505198246432534,4,0,1,0,0,1
810,0.3658536585365854,6,0.0,2,1,1,0.38980767663311844,4,1,0,0,0,1
741,0.5365853658536586,4,0.4176366189156721,1,1,0,0.675825441329647,3,0,0,1,0,1
719,0.4146341463414634,8,0.0,1,1,1,0.8258329670483531,2,0,0,1,1,0
410,0.3658536585365854,6,0.5013577026433322,1,0,0,0.331641571770104,0,1,0,0,0,1
826,0.1951219512195122,5,0.5686080750953505,1,0,0,0.3013973834501195,4,1,0,0,0,1
589,0.6829268292682928,9,0.0,2,1,0,0.8534069503637598,1,1,0,0,0,1
850,0.43902439024390244,5,0.4782183475370419,1,1,0,0.9577091112201214,4,0,1,0,0,1
709,0.4634146341463415,7,0.0,1,1,0,0.7974520566714121,2,1,0,0,0,1
444,0.6585365853658538,6,0.0,1,1,0,0.6500534301025748,0,1,0,0,0,1
811,0.5100518941359626,7,0.46951046937025315,1,1,1,0.9118909355843483,4,1,0,0,0,1
682,0.7804878048780488,6,0.4855311572917913,2,0,1,0.6207582324111952,2,1,0,0,0,1
428,0.3170731707317073,2,0.0,2,1,0,0.2724052647027791,0,1,0,0,1,0
731,0.3170731707317073,1,0.5281517288553293,1,1,1,0.9273649133492248,2,1,0,0,0,1
689,0.5365853658536586,5,0.6147981038835331,1,0,1,0.5915960974273042,2,0,0,1,1,0
449,0.4634146341463415,6,0.0,2,1,0,0.41086373748692995,0,1,0,0,1,0
565,0.6829268292682928,7,0.5395406158731619,1,0,1,0.7006601130407953,0,1,0,0,0,1
595,0.4146341463414634,8,0.0,1,1,0,0.5000688065710275,1,0,0,1,0,1
715,0.48780487804878053,0,0.0,2,1,1,0.0016063034019748886,2,1,0,0,1,0
850,0.14634146341463422,1,0.0,2,0,1,0.3452394203646448,4,0,0,1,1,0
578,0.5365853658536586,6,0.25352891287454604,1,0,0,0.3748059439676489,0,0,0,1,0,1
505,0.26829268292682934,3,0.5800823752783452,2,1,1,0.2900695516421818,0,0,1,0,0,1
492,0.7560975609756098,8,0.0,1,1,1,0.91435487089017,0,1,0,0,1,0
733,0.43902439024390244,5,0.0,2,1,1,0.5456319078471994,2,1,0,0,0,1
708,0.5853658536585367,9,0.704279414801444,2,1,1,0.5240158435130555,2,0,1,0,0,1
725,0.34146341463414637,0,0.0,2,1,1,0.692634196565772,2,0,0,1,1,0
613,0.2926829268292683,9,0.44610722225904553,1,1,1,0.8790053950152239,1,0,0,1,0,1
555,0.21951219512195125,5,0.0,2,0,0,0.48198067915485926,0,0,0,1,0,1
589,0.6829268292682928,10,0.42741995365528695,2,1,0,0.18508117525223655,1,1,0,0,1,0
477,0.9512195121951221,9,0.45446196900103947,2,1,1,0.3558119300393187,0,1,0,0,1,0
713,0.5121951219512195,10,0.0,2,1,1,0.6313222412740417,2,1,0,0,1,0
556,0.5121951219512195,9,0.35707067359500433,1,1,1,0.4744779126406572,0,1,0,0,1,0
747,0.17073170731707316,4,0.0,2,0,1,0.21016052032969146,3,1,0,0,1,0
579,0.5121951219512195,2,0.6056772293483782,2,1,0,0.7947611496897954,0,0,0,1,1,0
668,0.3170731707317073,9,0.0,2,0,0,0.2064204631542312,1,1,0,0,1,0
488,0.5100518941359626,7,0.5549911519852543,2,1,0,0.5339905460971522,0,0,1,0,1,0
704,0.5121951219512195,2,0.4445032642536259,1,1,0,0.9974621576360542,2,1,0,0,0,1
710,0.2926829268292683,10,0.5322364151915226,2,1,0,0.7779850975768184,2,0,1,0,1,0
620,0.5853658536585367,1,0.0,2,0,1,0.32780300518699534,1,1,0,0,1,0
682,0.4634146341463415,5,0.0,2,0,1,0.5627692444628462,2,1,0,0,0,1
660,0.4146341463414634,9,0.45416280371046275,1,1,0,0.9444920989954539,1,0,1,0,0,1
624,0.7317073170731709,3,0.4878011626154668,2,0,0,0.15005688043208124,1,0,1,0,1,0
820,0.3658536585365854,2,0.5267089119729849,2,1,0,0.11529296047772562,4,1,0,0,0,1
551,0.5853658536585367,1,0.20005967363083554,1,1,1,0.11695116883662389,0,1,0,0,0,1
494,0.4634146341463415,5,0.42689177107725296,2,1,0,0.8603397124425382,0,0,1,0,0,1
618,0.14634146341463422,7,0.5131023117792567,1,0,1,0.18569788414793612,1,1,0,0,1,0
762,0.6829268292682928,6,0.492517778832035,3,0,1,0.2850401713363626,3,0,1,0,0,1
419,0.21951219512195125,2,0.4845808909904416,1,0,1,0.6736089796575573,0,0,0,1,1,0
684,0.39024390243902446,6,0.0,2,1,1,0.6546457186661326,2,1,0,0,1,0
549,0.14634146341463422,9,0.0,2,1,1,0.07198102418780992,0,0,0,1,1,0
667,0.5121951219512195,2,0.0,2,1,0,0.20356774071923867,1,0,0,1,1,0
850,0.7317073170731709,2,0.0,1,1,0,0.8471495027775151,4,0,0,1,0,1
468,0.09756097560975613,2,0.0,2,1,0,0.14057547495785847,0,1,0,0,0,1
714,0.26829268292682934,9,0.0,2,1,0,0.6459665398045513,2,0,0,1,0,1
608,1.0,1,0.0,1,1,0,0.3532240328951415,1,1,0,0,0,1
529,0.6097560975609757,5,0.0,2,0,0,0.3973631981854267,0,0,0,1,1,0
723,0.7560975609756098,0,0.6132191759610446,1,1,1,0.9043397644475047,2,0,1,0,1,0
776,0.3170731707317073,2,0.0,2,1,1,0.5617432964848142,3,1,0,0,1,0
845,0.3658536585365854,8,0.6551884472297099,1,1,0,0.753338893864364,4,1,0,0,0,1
647,0.4146341463414634,3,0.7668769818056408,1,1,1,0.20068766567207166,1,0,1,0,0,1
470,0.5121951219512195,5,0.4681977052914194,2,0,0,0.31850201694261804,0,0,1,0,0,1
634,0.43902439024390244,2,0.3427534661583116,1,1,0,0.07938808156178914,1,0,0,1,0,1
752,0.43902439024390244,3,0.0,2,1,1,0.2424907578673763,3,0,0,1,1,0
809,0.5609756097560976,1,0.31768376554799604,2,1,0,0.828396261843006,4,0,1,0,0,1
740,0.5121951219512195,9,0.0,2,1,0,0.09518734039100733,2,1,0,0,0,1
760,0.39024390243902446,2,0.0,2,1,0,0.8208326895218493,3,1,0,0,0,1
793,0.39024390243902446,5,0.5092031190831305,1,1,0,0.7167957039897309,3,0,1,0,1,0
745,0.5100518941359626,7,0.0,2,1,1,0.33882415770706104,3,1,0,0,1,0
800,0.48780487804878053,1,0.0,2,1,0,0.25773386358397227,3,0,0,1,0,1
700,0.43902439024390244,4,0.0,2,1,0,0.6539503022538652,2,1,0,0,1,0
667,0.902439024390244,9,0.6153631141632047,1,1,1,0.6883826405421717,1,0,1,0,0,1
616,0.3170731707317073,3,0.5451980124679309,1,1,0,0.2967024350825504,1,1,0,0,1,0
687,0.6341463414634148,7,0.0,3,1,0,0.7792841216336159,2,0,0,1,1,0
631,0.26829268292682934,7,0.0,2,0,1,0.6293883065832787,1,1,0,0,0,1
581,0.26829268292682934,8,0.0,2,1,0,0.2336403626546335,1,0,0,1,1,0
808,0.14634146341463422,4,0.4869253887106116,1,1,0,0.8705604385218788,4,1,0,0,0,1
734,0.8048780487804879,1,0.47245265996245733,1,1,1,0.5845601754967599,2,1,0,0,0,1
726,0.4634146341463415,2,0.5263408740975272,2,1,0,0.1736785863049921,2,1,0,0,0,1
732,0.7317073170731709,4,0.4103762607359825,1,1,0,0.6042640572174642,2,0,1,0,1,0
547,0.34146341463414637,2,0.0,2,1,0,0.6600192818414158,0,1,0,0,1,0
508,0.878048780487805,10,0.0,1,1,1,0.8787728228045777,0,0,0,1,0,1
718,0.5609756097560976,1,0.0,2,0,1,0.13750283152041018,2,1,0,0,1,0
399,0.6829268292682928,2,0.508793111976261,1,1,0,0.699982348314264,0,0,1,0,0,1
640,0.3658536585365854,1,0.6667983004573691,1,0,1,0.726919770838115,1,1,0,0,1,0
720,0.8292682926829269,7,0.0,1,1,1,0.07385475312892381,2,1,0,0,0,1
803,0.5365853658536586,6,0.6597368278092512,1,1,0,0.06158838169045143,4,1,0,0,1,0
625,0.5121951219512195,2,0.0,2,1,0,0.5020052915053388,1,1,0,0,0,1
674,0.5100518941359626,8,0.34260077468106676,2,1,0,0.043733226523132954,2,0,1,0,0,1
538,0.17073170731707316,5,0.24903716883615976,1,1,1,0.5137833163067073,0,0,1,0,0,1
433,0.21951219512195125,2,0.0,2,1,1,0.7685087425849167,0,0,0,1,0,1
498,0.5100518941359626,2,0.6785292785608692,2,1,1,0.8270608843144519,0,1,0,0,0,1
652,0.4634146341463415,4,0.0,2,1,0,0.7169767712816573,1,1,0,0,1,0
685,0.9512195121951221,7,0.40601548620796596,1,0,1,0.5674160882364265,2,0,1,0,0,1
528,0.3170731707317073,6,0.4066062041365082,2,0,0,0.40088598461153035,0,1,0,0,0,1
616,0.34146341463414637,6,0.0,2,1,1,0.21496992962827946,1,0,0,1,1,0
758,0.4146341463414634,7,0.0,2,1,0,0.3897385200286627,3,1,0,0,0,1
651,0.14634146341463422,7,0.16032286256144876,1,1,1,0.8917339105884611,1,0,1,0,1,0
834,0.7560975609756098,2,0.5236969320890407,1,0,0,0.97186371298459,4,1,0,0,1,0
613,0.21951219512195125,5,0.4988788077262765,1,1,0,0.9955597759586039,1,1,0,0,1,0
550,0.26829268292682934,9,0.5790959986981169,2,1,0,0.7374331748681999,0,0,1,0,0,1
680,0.39024390243902446,9,0.0,2,1,1,0.47842078918536723,2,1,0,0,0,1
535,0.6585365853658538,2,0.0,2,1,0,0.6282935020294438,0,1,0,0,0,1
530,0.43902439024390244,7,0.0,2,1,0,0.40307604376217926,0,0,0,1,1,0
618,0.5100518941359626,4,0.0,2,1,1,0.38773002821769476,1,0,0,1,0,1
661,0.5609756097560976,5,0.4884552130309163,2,0,1,0.6032317086281739,1,0,1,0,0,1
660,0.4634146341463415,2,0.3879061414935443,1,1,0,0.11641236738108489,1,1,0,0,0,1
647,0.2439024390243903,8,0.0,2,1,1,0.45526192751407757,1,1,0,0,0,1
657,0.2926829268292683,1,0.557047405183515,2,1,1,0.11654262982114791,1,0,1,0,0,1
790,0.3170731707317073,2,0.6029944667972563,1,1,1,0.8622100410589211,3,1,0,0,1,0
690,0.43902439024390244,10,0.0,2,1,0,0.2794834406685838,2,0,0,1,0,1
759,0.3658536585365854,2,0.0,2,1,0,0.28288851585326397,3,1,0,0,1,0
581,0.17073170731707316,5,0.3104309403072778,2,1,0,0.7516113288819082,1,1,0,0,0,1
704,0.7317073170731709,8,0.6695850095949316,1,1,1,0.8675171978923987,2,0,0,1,0,1
807,0.7073170731707319,9,0.6682586941973133,1,0,0,0.627202547843319,4,1,0,0,1,0
509,0.26829268292682934,1,0.0,2,1,0,0.34554079914631847,0,0,0,1,0,1
597,0.5100518941359626,9,0.0,3,0,1,0.36588399192122845,1,0,0,1,0,1
517,0.853658536585366,0,0.43512838220490246,1,1,0,0.2733487048013085,0,0,1,0,0,1
537,0.2439024390243903,3,0.6291082965199138,1,1,0,0.43454104867014803,0,1,0,0,0,1
658,0.2439024390243903,9,0.6090623487807341,1,1,0,0.8334345429988563,1,0,1,0,1,0
655,0.43902439024390244,2,0.5864914714974515,1,1,1,0.43906833102561293,1,1,0,0,1,0
632,0.5365853658536586,3,0.7706509842302905,2,1,0,0.7459553887396246,1,1,0,0,0,1
601,0.34146341463414637,8,0.3707198010156236,1,1,0,0.43477072060381766,1,1,0,0,0,1
731,0.4146341463414634,2,0.5096209779835311,2,1,0,0.6954270132797682,2,0,1,0,0,1
778,0.6585365853658538,1,0.6462800095449114,2,1,0,0.872681791111051,3,0,1,0,1,0
753,0.9512195121951221,7,0.0,1,1,0,0.7973936510936793,3,1,0,0,0,1
850,0.4146341463414634,2,0.3225682188333917,1,0,0,0.06314648048888669,4,0,1,0,1,0
598,0.5100518941359626,8,0.0,2,1,1,0.8097915850963766,1,0,0,1,0,1
469,0.48780487804878053,9,0.45277116298493947,1,0,0,0.059699251278497095,0,0,1,0,0,1
850,0.2439024390243903,9,0.3882374313810042,1,1,1,0.8792942726030336,4,0,0,1,0,1
672,0.12195121951219517,10,0.4413806418374887,1,1,0,0.40387316988772426,2,0,1,0,1,0
664,0.3658536585365854,7,0.38775169631622153,2,1,0,0.7171772404264606,1,0,1,0,0,1
557,0.5365853658536586,4,0.0,2,0,1,0.5271600937889568,0,0,0,1,1,0
756,0.024390243902439046,4,0.519231613122284,1,1,1,0.6676823136609547,3,0,0,1,0,1
690,0.5100518941359626,3,0.3689870257681117,2,0,0,0.3540289097608822,2,1,0,0,1,0
608,0.12195121951219517,8,0.788032822410087,2,1,1,0.58061894910964,1,0,1,0,0,1
738,0.4146341463414634,5,0.642787077414579,2,1,0,0.9071780855071658,2,1,0,0,0,1
577,0.5121951219512195,10,0.0,2,1,0,0.05271368415683697,0,1,0,0,1,0
639,0.4146341463414634,5,0.5441502563849729,2,1,0,0.29823573151235944,1,0,0,1,1,0
617,0.2926829268292683,3,0.5261330207814655,1,1,0,0.71471230502513,1,1,0,0,0,1
674,0.7073170731707319,6,0.4260771375342077,1,1,1,0.01033908738284506,2,0,1,0,0,1
628,0.5853658536585367,7,0.0,2,0,1,0.8648640445162512,1,0,0,1,0,1
734,0.3658536585365854,5,0.48584897557410667,1,1,0,0.3091210710622864,2,0,1,0,0,1
700,0.4634146341463415,7,0.0,2,1,0,0.08515433223872879,2,1,0,0,1,0
763,0.4146341463414634,7,0.4609504998623147,2,1,1,0.5235235464986906,3,1,0,0,1,0
588,0.07317073170731708,8,0.0,2,1,1,0.5505656290175711,1,1,0,0,1,0
708,0.4634146341463415,8,0.6112686230493027,1,1,1,0.13451664633972543,2,0,1,0,0,1
599,0.17073170731707316,3,0.0,2,1,1,0.6039498772132739,1,0,0,1,0,1
602,0.1951219512195122,8,0.4530692122845575,1,1,0,0.9893423821974998,1,0,1,0,1,0
616,0.4634146341463415,6,0.0,2,1,0,0.4311941790440987,1,1,0,0,1,0
632,0.5365853658536586,5,0.5884886568885399,1,1,1,0.9984115983076383,1,1,0,0,0,1
602,0.26829268292682934,5,0.4141413750897825,1,1,0,0.8061682890716063,1,0,0,1,0,1
782,0.3658536585365854,2,0.37661916836433473,1,0,1,0.5093226903169252,3,1,0,0,1,0
658,0.04878048780487804,7,0.0,2,0,0,0.9382234003347318,1,1,0,0,0,1
599,0.3658536585365854,4,0.20602344960059282,1,1,0,0.5581091994285454,1,0,0,1,0,1
703,0.9268292682926831,9,0.0,1,0,0,0.42771959722153463,2,1,0,0,0,1
577,0.5609756097560976,4,0.3547879140889435,1,0,1,0.6761428216394666,0,0,0,1,0,1
604,0.5853658536585367,10,0.6617485609396231,1,1,0,0.49145473392709,1,0,1,0,1,0
532,0.5365853658536586,5,0.0,2,0,1,0.8855252176582863,0,1,0,0,1,0
570,0.43902439024390244,3,0.0,2,1,0,0.4605798353742782,0,1,0,0,1,0
679,0.5121951219512195,7,0.36344597123078937,1,0,1,0.03032179573149235,2,0,0,1,1,0
695,0.21951219512195125,6,0.5004141721445549,1,1,0,0.5264486758485435,2,0,1,0,0,1
755,0.5100518941359626,3,0.0,2,1,1,0.794098086367248,3,1,0,0,0,1
725,0.024390243902439046,0,0.3024662324053563,1,0,0,0.22803262711588954,2,0,1,0,0,1
559,0.8292682926829269,2,0.0,1,1,0,0.6450716543429897,0,1,0,0,0,1
586,0.39024390243902446,9,0.29617527180059444,1,1,0,0.07512392433477397,1,0,1,0,0,1
689,0.9512195121951221,4,0.0,2,1,0,0.6832563509815186,2,0,0,1,1,0
658,0.3170731707317073,2,0.307226930264794,2,0,0,0.06735993287358942,1,0,1,0,0,1
641,0.4146341463414634,2,0.41336129740963756,1,0,1,0.9623550549077435,1,0,1,0,0,1
808,0.34146341463414637,1,0.0,2,1,1,0.2309677074160582,4,1,0,0,0,1
674,0.6341463414634148,3,0.3543359377506621,1,1,0,0.3686339045378834,2,0,1,0,0,1
697,0.4634146341463415,7,0.6698610977867548,1,1,0,0.17721167371483973,2,0,0,1,1,0
689,0.26829268292682934,1,0.3091167015261057,2,1,1,0.6149921317485819,2,1,0,0,1,0
587,0.43902439024390244,1,0.0,2,0,1,0.08562827750050128,1,1,0,0,0,1
625,0.3170731707317073,5,0.0,2,0,1,0.00039248748255458387,1,1,0,0,0,1
693,0.48780487804878053,7,0.7905152645841187,2,1,1,0.07133981295213693,2,1,0,0,0,1
725,0.6341463414634148,5,0.0,1,1,1,0.5867788373789696,2,1,0,0,0,1
557,0.34146341463414637,3,0.49224181021067165,1,1,1,0.3491094399515154,0,1,0,0,1,0
480,0.6341463414634148,10,0.5165785439020282,1,1,0,0.02730820793385768,0,0,1,0,0,1
611,0.5100518941359626,8,0.0,2,0,1,0.5383219097423804,1,1,0,0,0,1
627,0.48780487804878053,8,0.4261607571424717,2,0,1,0.42133278728118534,1,0,1,0,0,1
601,0.04878048780487804,9,0.4880332488780605,2,1,0,0.433943041560469,1,0,0,1,1,0
652,0.48780487804878053,6,0.0,2,1,1,0.7285127729698185,1,1,0,0,0,1
721,0.5365853658536586,9,0.4708280959811213,1,1,1,0.8014068843574561,2,1,0,0,0,1
783,0.5365853658536586,6,0.0,2,1,0,0.5487072515425223,3,1,0,0,0,1
621,1.0,2,0.0,2,1,1,0.856844828681139,1,0,0,1,1,0
743,0.5121951219512195,8,0.0,1,1,0,0.4713043095615631,3,1,0,0,1,0
662,0.7073170731707319,6,0.0,2,1,1,0.6469676354091816,1,1,0,0,1,0
773,0.5100518941359626,4,0.0,2,1,0,0.6468685759490032,3,1,0,0,1,0
681,0.12195121951219517,7,0.628787409262462,1,0,0,0.7388118565322987,2,1,0,0,0,1
525,1.0,6,0.2205214077157782,1,1,0,0.4166955444244925,0,1,0,0,1,0
746,0.17073170731707316,3,0.4178341493153655,1,0,0,0.35953293539533027,3,0,0,1,1,0
654,0.5365853658536586,5,0.4212213413023591,1,1,0,0.8681104545484093,1,0,0,1,0,1
735,0.5609756097560976,7,0.7170401337052825,1,1,1,0.6859123546298672,2,1,0,0,0,1
769,0.26829268292682934,8,0.0,2,1,1,0.8614774210937143,3,1,0,0,0,1
527,0.7073170731707319,1,0.0,1,1,0,0.10651307199837583,0,1,0,0,0,1
699,0.3170731707317073,8,0.501907009335942,2,1,0,0.7383199595561376,2,0,0,1,0,1
809,0.14634146341463422,7,0.4366647829004996,1,1,0,0.9176053813139154,4,1,0,0,0,1
603,0.3170731707317073,8,0.0,2,1,1,0.8495983366411491,1,1,0,0,0,1
498,0.3658536585365854,1,0.7896188448465271,1,1,0,0.3482971123742318,0,1,0,0,0,1
770,0.4634146341463415,5,0.5641623656840115,2,0,1,0.901662358755261,3,0,1,0,0,1
538,0.3658536585365854,5,0.0,2,1,0,0.6348147748109945,0,1,0,0,1,0
814,0.7317073170731709,9,0.5444316056770302,1,1,1,0.9289903185754238,4,1,0,0,0,1
835,0.12195121951219517,9,0.0,1,1,0,0.09892019687880191,4,1,0,0,0,1
587,0.5121951219512195,6,0.40594888546182245,2,1,0,0.035464036815515874,1,0,1,0,1,0
773,0.5609756097560976,4,0.0,2,1,1,0.12457859725603793,3,1,0,0,0,1
705,0.43902439024390244,1,0.444918851315289,1,1,1,0.10898830838345061,2,0,0,1,0,1
603,0.3170731707317073,1,0.51711732839417,1,1,0,0.5457202162806548,1,1,0,0,0,1
652,0.43902439024390244,1,0.0,2,1,1,0.09646521242778684,1,0,0,1,1,0
633,0.9756097560975612,2,0.5107150078344559,2,1,0,0.7381892470730954,1,0,1,0,0,1
790,0.26829268292682934,3,0.18357238191809275,2,1,1,0.9489210219575969,3,0,0,1,0,1
703,0.5100518941359626,3,0.48659051170935586,1,0,1,0.4141020467454642,2,0,1,0,1,0
642,0.5609756097560976,4,0.6288512598880287,1,1,0,0.33739732144419793,1,0,1,0,0,1
651,0.5100518941359626,4,0.3649409606904541,1,1,1,0.6197720382296509,1,1,0,0,0,1
657,0.5853658536585367,5,0.16529950467139867,1,1,0,0.5648940473815249,1,0,0,1,0,1
838,0.5365853658536586,6,0.24580175161955203,1,0,1,0.7533107911805578,4,0,0,1,1,0
519,0.7073170731707319,6,0.626931914866311,2,0,0,0.7364045766370687,0,0,0,1,1,0
621,0.39024390243902446,6,0.0,2,1,1,0.49563008267289527,1,1,0,0,0,1
687,0.1951219512195122,2,0.5688425926239614,1,1,1,0.7680441982209301,2,0,1,0,0,1
721,0.4146341463414634,10,0.0,2,1,0,0.3579475839942714,2,1,0,0,0,1
743,0.5100518941359626,9,0.0,1,1,0,0.567176665371543,3,1,0,0,1,0
689,0.5121951219512195,4,0.0,2,1,0,0.9805979971087239,2,1,0,0,0,1
610,0.1951219512195122,8,0.0,2,1,0,0.8301767818826696,1,1,0,0,0,1
571,0.4146341463414634,1,0.41763494492923403,2,0,1,0.8925899423394933,0,1,0,0,1,0
746,0.3170731707317073,2,0.45371517176555637,1,1,1,0.8741032768629404,3,0,0,1,0,1
591,0.8048780487804879,8,0.5281359455546274,1,1,1,0.8065425248111193,1,0,1,0,1,0
753,0.6829268292682928,9,0.4540078005376606,3,1,0,0.4615880316570232,3,0,1,0,1,0
461,0.4146341463414634,8,0.0,1,1,0,0.6614850218195838,0,0,0,1,1,0
472,0.26829268292682934,8,0.40849362384544263,1,0,1,0.9061514374622776,0,1,0,0,0,1
719,0.4634146341463415,10,0.579448851125172,1,1,0,0.40202344323882927,2,0,0,1,0,1
699,0.4634146341463415,10,0.0,2,0,0,0.4162970563688832,2,1,0,0,0,1
701,0.5853658536585367,6,0.3434375287591867,1,1,0,0.7667272224497439,2,1,0,0,1,0
822,0.6829268292682928,3,0.45864844965539603,2,1,0,0.13120392997531263,4,0,1,0,1,0
664,0.34146341463414637,10,0.4273038905955801,1,1,1,0.5616967420388647,1,1,0,0,0,1
535,0.7073170731707319,0,0.6406150800111712,1,0,1,0.7299435596099427,0,1,0,0,0,1
717,0.5853658536585367,5,0.0,2,1,0,0.8633505999822982,2,1,0,0,0,1
547,0.34146341463414637,8,0.6206777022495469,1,1,0,0.3389244172818504,0,0,1,0,0,1
821,0.3170731707317073,2,0.27472337473752795,1,1,1,0.1271792456179565,4,0,1,0,1,0
640,0.43902439024390244,4,0.0,1,0,0,0.8651070177201922,1,0,0,1,0,1
731,0.2926829268292683,7,0.0,2,0,1,0.7154408746035246,2,1,0,0,0,1
644,0.4146341463414634,5,0.6440507777480491,3,1,1,0.31895065978800974,1,0,1,0,0,1
832,0.5365853658536586,9,0.4290544419847916,2,1,1,0.6732012407184885,4,0,1,0,1,0
699,0.3170731707317073,10,0.501549692945052,2,1,0,0.9469958381025387,2,0,1,0,1,0
762,0.2439024390243903,2,0.0,2,1,0,0.839569878923437,3,1,0,0,0,1
653,0.8048780487804879,3,0.0,1,1,0,0.8521567309678073,1,1,0,0,0,1
530,0.4634146341463415,4,0.0,2,1,1,0.824242665174524,0,0,0,1,0,1
563,0.39024390243902446,6,0.0,2,0,0,0.1826441925203857,0,1,0,0,1,0
645,0.5121951219512195,8,0.0,2,0,0,0.48431015161947966,1,1,0,0,0,1
726,0.9268292682926831,2,0.420384786508339,1,1,1,0.23018758291416827,2,0,0,1,1,0
712,0.34146341463414637,1,0.0,2,1,0,0.008460808007164684,2,1,0,0,1,0
487,0.3658536585365854,8,0.5808322813457847,1,1,0,0.20679109854991148,0,0,0,1,0,1
530,0.4634146341463415,8,0.0,2,1,1,0.0013821819983808453,0,1,0,0,0,1
494,0.4146341463414634,9,0.44929421343940884,2,1,0,0.9187943948647095,0,1,0,0,1,0
618,0.5365853658536586,8,0.0,2,1,0,0.4010022957192412,1,0,0,1,1,0
690,0.2926829268292683,5,0.0,2,0,1,0.3934798273235094,2,0,0,1,1,0
577,0.43902439024390244,3,0.4826360774607731,2,0,1,0.7189280576295035,0,1,0,0,0,1
506,0.5609756097560976,1,0.0,2,1,0,0.1587887643269932,0,1,0,0,1,0
646,0.3170731707317073,2,0.0,1,1,1,0.8541308194932615,1,0,0,1,0,1
499,0.26829268292682934,6,0.5900862776595869,1,1,0,0.5931184428112884,0,0,1,0,1,0
538,0.4634146341463415,1,0.5370789391023264,1,1,0,0.8125774511465844,0,1,0,0,0,1
667,0.3658536585365854,4,0.5064872355146267,2,1,0,0.3450333506849904,1,0,1,0,1,0
563,0.5100518941359626,3,0.5483622454041002,1,0,1,0.02890411034253771,0,1,0,0,0,1
812,0.14634146341463422,10,0.0,2,1,1,0.7845477743124467,4,1,0,0,0,1
674,0.43902439024390244,2,0.6158903003207399,1,0,1,0.13729881203654948,2,1,0,0,0,1
767,0.6585365853658538,7,0.5290841393013396,2,1,0,0.13309921097464808,3,0,1,0,1,0
591,0.3170731707317073,8,0.0,1,1,1,0.7083964018563772,1,0,0,1,0,1
620,0.4146341463414634,0,0.30685753725745785,1,1,1,0.08616427868861476,1,0,1,0,0,1
506,0.5609756097560976,3,0.23015623594424336,1,1,0,0.02012132158621148,0,0,1,0,1,0
529,0.3170731707317073,5,0.0,2,1,0,0.13404105092036286,0,1,0,0,1,0
724,0.4146341463414634,0,0.6854693473354063,2,0,1,0.8365873440913607,2,0,1,0,1,0
591,0.5121951219512195,8,0.0,2,0,0,0.2119235386979456,1,0,0,1,0,1
820,0.5121951219512195,1,0.41695929211736926,1,1,0,0.30766363187684426,4,1,0,0,1,0
553,0.34146341463414637,3,0.4636325848474973,1,1,0,0.386501460889515,0,1,0,0,0,1
584,0.43902439024390244,4,0.43701739618663504,1,1,1,0.3511795876506206,1,0,1,0,1,0
769,0.5365853658536586,9,0.5335674336938954,1,1,1,0.25280634300575705,3,1,0,0,1,0
691,0.5100518941359626,9,0.5954815359495165,1,1,1,0.7320700126862115,2,1,0,0,0,1
683,0.5365853658536586,8,0.0,1,1,0,0.37921941545417587,2,0,0,1,0,1
649,0.04878048780487804,5,0.0,2,1,1,0.29151763993461377,1,0,0,1,0,1
691,0.2926829268292683,9,0.0,2,0,1,0.05476252982159796,2,0,0,1,0,1
472,0.5365853658536586,4,0.0,1,1,0,0.35074669630949756,0,0,0,1,0,1
634,0.6585365853658538,2,0.0,1,1,1,0.71730215235555,1,1,0,0,1,0
819,0.4146341463414634,1,0.0,2,0,1,0.016868910980998682,4,1,0,0,0,1
519,0.48780487804878053,1,0.45493227947649983,1,1,1,0.3049122691217011,0,0,1,0,0,1
673,0.3170731707317073,1,0.43182959264456744,1,0,1,0.19397077420893694,2,1,0,0,0,1
802,0.5609756097560976,6,0.0,2,1,0,0.23657494290704761,4,0,0,1,0,1
678,0.878048780487805,7,0.5138140748700001,1,0,0,0.9587648120395498,2,1,0,0,0,1
712,0.3658536585365854,3,0.613075930550129,1,1,0,0.3958603546638704,2,1,0,0,0,1
631,0.34146341463414637,2,0.5851419195737999,2,1,1,0.9049799755876686,1,0,1,0,1,0
594,0.48780487804878053,7,0.38604658170175793,1,1,0,0.38753635972235345,1,0,0,1,1,0
622,0.3170731707317073,5,0.42352123924100027,1,1,1,0.012835475787937747,1,1,0,0,0,1
788,0.902439024390244,3,0.0,1,0,1,0.06639074031570014,3,1,0,0,0,1
632,0.7317073170731709,6,0.5024600227128074,1,1,0,0.32170087243331735,1,0,1,0,0,1
618,0.5609756097560976,8,0.15027133128036171,1,1,1,0.9789129861901812,1,0,1,0,0,1
625,0.34146341463414637,7,0.4262977051758346,1,1,1,0.6739765647619347,1,0,0,1,0,1
636,0.43902439024390244,5,0.4685529889844917,2,1,1,0.5578618758091397,1,1,0,0,0,1
827,0.6829268292682928,1,0.7304811288121007,1,1,1,0.06724987236281064,4,0,0,1,0,1
629,0.7560975609756098,4,0.0,2,1,1,0.9817132536157203,1,1,0,0,1,0
666,0.4634146341463415,2,0.6316060835696279,1,0,1,0.4663166832432497,1,0,1,0,1,0
651,0.2439024390243903,10,0.3171127368885112,1,1,1,0.37341461109535956,1,1,0,0,0,1
709,0.43902439024390244,7,0.0,1,0,1,0.21039009225381022,2,1,0,0,1,0
645,0.4634146341463415,2,0.5457398659352091,2,0,1,0.7670165500805326,1,0,1,0,1,0
619,0.9512195121951221,3,0.5498104429571387,1,1,1,0.36231665124019347,1,0,1,0,0,1
513,0.5609756097560976,9,0.42700620000734163,2,1,1,0.8027516627837957,0,0,0,1,1,0
730,0.12195121951219517,8,0.0,2,1,0,0.9164522711918988,2,1,0,0,0,1
548,0.5100518941359626,2,0.434095931140807,2,1,1,0.7023092205305607,0,0,1,0,1,0
766,0.48780487804878053,7,0.5218602501119081,1,0,1,0.010122766724222163,3,0,1,0,1,0
579,0.5121951219512195,5,0.0,2,0,1,0.19942034464291336,0,1,0,0,0,1
693,0.5365853658536586,0,0.4811185688978342,1,0,0,0.13668105304056535,2,0,1,0,0,1
495,0.5100518941359626,3,0.355359181889348,3,1,0,0.6758554441949206,0,0,0,1,1,0
603,0.2926829268292683,6,0.5163391239845628,2,1,1,0.09636555291030291,1,0,0,1,0,1
807,0.39024390243902446,1,0.0,1,0,0,0.5722373986715731,4,1,0,0,1,0
759,0.3658536585365854,9,0.6398668080733496,2,0,0,0.4676924646303722,3,1,0,0,1,0
762,0.9268292682926831,10,0.39960798426165783,3,1,1,0.38569103349369865,3,0,1,0,0,1
657,0.17073170731707316,2,0.6846227884795776,1,1,0,0.11368045648359416,1,0,1,0,0,1
554,0.1951219512195122,4,0.483723849790965,1,1,1,0.043658069345622504,0,0,1,0,0,1
736,0.878048780487805,7,0.4453181369375909,2,0,1,0.42458509787684723,2,1,0,0,0,1
653,0.48780487804878053,8,0.47555463654585817,1,1,0,0.752355699969347,1,1,0,0,0,1
762,0.39024390243902446,4,0.3539905784057583,2,1,0,0.34278613607599523,3,0,1,0,0,1
781,0.024390243902439046,3,0.0,2,1,1,0.6214880521089764,3,1,0,0,1,0
850,0.3658536585365854,7,0.4703274544656757,1,1,0,0.9199490551347653,4,1,0,0,1,0
638,0.9512195121951221,6,0.0,1,1,0,0.16834057652505813,1,1,0,0,0,1
603,0.4146341463414634,1,0.49186380813022534,1,1,0,0.7627243901792622,1,0,1,0,0,1
499,0.902439024390244,4,0.5054548243073512,2,1,0,0.6163495113783366,0,0,1,0,1,0
701,0.12195121951219517,3,0.0,2,1,0,0.19476364992856815,2,1,0,0,0,1
485,0.17073170731707316,3,0.535943737156389,1,1,1,0.5663266341935654,0,1,0,0,1,0
719,0.5365853658536586,4,0.5117182039927048,1,1,1,0.8804827361012976,2,0,0,1,0,1
644,0.39024390243902446,9,0.44937185452467976,2,0,0,0.7061598882693297,1,0,1,0,0,1
627,0.4634146341463415,7,0.5873363563668421,1,1,1,0.6651654232979248,1,0,1,0,1,0
749,0.48780487804878053,9,0.5156608406225811,1,1,1,0.06769526489779773,3,0,0,1,0,1
646,0.48780487804878053,2,0.0,2,0,0,0.8937911070507233,1,1,0,0,1,0
610,0.43902439024390244,4,0.5159078731926577,2,1,0,0.513182858963031,1,1,0,0,0,1
549,0.7804878048780488,9,0.3776384268210252,2,0,1,0.06798949299658116,0,1,0,0,0,1
778,0.5609756097560976,7,0.5568249244145302,1,1,0,0.31665829086677777,3,0,1,0,0,1
578,0.12195121951219517,10,0.3546472593713249,1,1,1,0.6261136938577634,0,1,0,0,0,1
625,0.5365853658536586,7,0.5630480088549101,1,0,1,0.8870142598618167,1,1,0,0,1,0
826,0.902439024390244,4,0.4594927366724873,1,1,0,0.7006398611067357,4,1,0,0,0,1
759,0.2926829268292683,4,0.4057530689053871,1,0,0,0.04341524615600789,3,0,1,0,0,1
545,0.43902439024390244,8,0.2917962428490388,2,1,0,0.4479215765105567,0,0,0,1,0,1
802,0.5365853658536586,4,0.0,2,1,1,0.4095216593184649,4,0,0,1,0,1
585,0.43902439024390244,5,0.5821127215436356,2,0,0,0.43210621614364175,1,0,1,0,0,1
828,0.2926829268292683,4,0.29123450082860336,2,0,0,0.8083750498172575,4,1,0,0,0,1
678,0.6097560975609757,2,0.611376435747279,2,1,1,0.9691760063086023,2,0,1,0,1,0
761,0.43902439024390244,9,0.5087241596777401,1,1,1,0.4052954557160208,3,1,0,0,0,1
761,0.1951219512195122,1,0.0,2,1,1,0.9970832714524236,3,1,0,0,1,0
670,0.5853658536585367,1,0.4621859815672571,2,0,1,0.14737552436257662,1,1,0,0,1,0
625,0.4634146341463415,4,0.5688038916517858,1,1,0,0.17808615722801527,1,0,1,0,1,0
765,0.6097560975609757,4,0.5937181905210998,1,0,1,0.869419479560298,3,0,1,0,0,1
680,0.5100518941359626,6,0.5835924059844378,1,1,0,0.3356890083002927,2,0,1,0,0,1
729,0.39024390243902446,9,0.5265951207520153,1,0,1,0.5270389822228022,2,1,0,0,1,0
633,0.5853658536585367,10,0.0,1,0,1,0.39702086549265453,1,0,0,1,0,1
679,0.43902439024390244,3,0.0,2,1,1,0.011160215800608957,2,1,0,0,1,0
605,0.3658536585365854,4,0.0,2,0,1,0.41848536535239117,1,1,0,0,1,0
512,0.3658536585365854,6,0.48499894917494196,2,1,1,0.41839190642706375,0,1,0,0,1,0
564,0.1951219512195122,7,0.3348247091079889,2,0,0,0.9174846697859644,0,1,0,0,0,1
737,0.5609756097560976,1,0.40638308565840425,1,1,1,0.6177374939306703,2,1,0,0,0,1
537,0.1951219512195122,7,0.4240675965289334,1,0,0,0.5178077006354106,0,1,0,0,0,1
421,0.5100518941359626,2,0.0,2,1,1,0.4830643826485429,0,1,0,0,0,1
736,0.2439024390243903,2,0.0,2,1,1,0.5871536731757883,2,0,0,1,1,0
639,0.4146341463414634,8,0.0,1,0,0,0.8222905287454952,1,1,0,0,1,0
729,0.6829268292682928,5,0.46966252313837864,1,1,0,0.5200748171450373,2,0,1,0,0,1
709,0.5609756097560976,3,0.5990505946059613,2,1,0,0.35834062152935603,2,1,0,0,1,0
745,0.17073170731707316,5,0.6297104533557829,2,1,0,0.7302190859227057,3,1,0,0,0,1
833,0.7073170731707319,2,0.0,2,1,1,0.9112679760917166,4,1,0,0,0,1
647,0.5100518941359626,4,0.37449607527901074,1,1,0,0.18285721286382847,1,0,1,0,0,1
616,0.6585365853658538,3,0.5704683124530762,2,0,1,0.32160911367035555,1,0,1,0,0,1
636,0.3170731707317073,6,0.0,2,1,1,0.01185628227495726,1,1,0,0,0,1
694,0.5121951219512195,3,0.0,1,1,1,0.47811290978288423,2,0,0,1,0,1
642,0.0,5,0.44314219370900754,2,0,1,0.05026565036961029,1,0,1,0,0,1
628,0.3170731707317073,5,0.0,1,0,0,0.7398281035838923,1,1,0,0,1,0
754,0.34146341463414637,7,0.0,2,1,0,0.4475885947107949,3,0,0,1,1,0
678,0.5100518941359626,3,0.49615176424818547,1,1,0,0.6312689361834055,2,0,0,1,0,1
573,0.4146341463414634,9,0.536068409289206,2,1,1,0.5996233640312649,0,0,1,0,0,1
850,0.2439024390243903,1,0.4194744567405834,1,0,1,0.37387845539249,4,1,0,0,1,0
524,0.26829268292682934,3,0.6338647296996164,1,1,0,0.013469936378924185,0,0,0,1,0,1
718,0.5121951219512195,6,0.0,2,0,1,0.31941810442897295,2,0,0,1,0,1
645,0.7317073170731709,7,0.36115197210150146,1,1,1,0.7457089652061771,1,1,0,0,1,0
608,0.3658536585365854,1,0.4096191804409512,2,1,0,0.3535037596090427,1,0,1,0,0,1
662,0.09756097560975613,2,0.5036410201448724,2,1,1,0.48690259919822343,1,1,0,0,1,0
663,0.3658536585365854,2,0.0,2,1,0,0.7664902998236331,1,1,0,0,1,0
748,0.3170731707317073,1,0.3968062889597925,1,1,0,0.9963138479724813,3,0,1,0,1,0
613,0.5365853658536586,1,0.5893102653750772,3,0,0,0.5397992008236786,1,0,1,0,0,1
676,0.5365853658536586,8,0.4543907847206011,1,1,1,0.3399668168310073,2,1,0,0,0,1
673,0.4634146341463415,4,0.0,2,0,0,0.8178355532953396,2,1,0,0,0,1
488,0.3658536585365854,4,0.5580048457124565,1,1,0,0.6180701757017795,0,0,1,0,1,0
728,0.2439024390243903,4,0.5669375163437873,2,1,0,0.16533043905692993,2,1,0,0,1,0
669,0.7804878048780488,4,0.44899062404181717,1,0,0,0.8319526514782161,1,0,1,0,1,0
850,0.5121951219512195,6,0.0,2,1,0,0.5195988716922465,4,0,0,1,1,0
671,0.7317073170731709,6,0.47736421588542194,1,0,1,0.3301368780718558,2,1,0,0,1,0
660,0.48780487804878053,6,0.4379041705737976,1,1,1,0.7732254930345848,1,0,0,1,0,1
666,0.21951219512195125,1,0.33968058505347737,1,0,1,0.3225301016247052,1,1,0,0,1,0
624,0.21951219512195125,7,0.4178934961202774,1,1,1,0.8369588295682237,1,0,1,0,1,0
554,0.3658536585365854,3,0.4679746665269553,1,1,1,0.06378189117060679,0,1,0,0,0,1
619,0.17073170731707316,4,0.0,1,1,0,0.7276333889886483,1,1,0,0,0,1
554,0.4146341463414634,8,0.0,2,1,1,0.883923814724306,0,1,0,0,1,0
618,0.3170731707317073,4,0.0,2,1,0,0.14583622735971283,1,1,0,0,1,0
605,0.26829268292682934,3,0.4655508537350763,1,0,0,0.020407798944799226,1,0,0,1,1,0
718,0.34146341463414637,8,0.0,2,1,1,0.20695851453813838,2,0,0,1,0,1
717,0.5365853658536586,0,0.3915575443400147,1,1,0,0.554430748136447,2,1,0,0,0,1
501,0.14634146341463422,4,0.5213527930802503,2,1,0,0.40118611327381765,0,0,1,0,0,1
522,0.34146341463414637,8,0.4960195591763971,2,1,1,0.8289517648935473,0,0,1,0,0,1
773,0.17073170731707316,2,0.5416674554995616,1,1,0,0.3682591687506157,3,1,0,0,0,1
771,0.48780487804878053,5,0.5486598562786987,2,1,0,0.3649049984273498,3,0,1,0,1,0
761,0.3658536585365854,6,0.5502385052034474,2,1,0,0.7439101934234719,3,1,0,0,1,0
565,0.902439024390244,4,0.47351237309140143,2,1,1,0.6406267798574763,0,1,0,0,0,1
794,0.6585365853658538,8,0.3533560976889063,2,1,0,0.5827343011257574,3,0,0,1,0,1
556,0.5365853658536586,9,0.5175821386284767,1,0,0,0.0899153869194508,0,1,0,0,1,0
528,0.4146341463414634,3,0.6245049533856556,1,1,0,0.9966411292278411,0,1,0,0,0,1
714,0.4146341463414634,3,0.0,2,1,1,0.47810415894717945,2,1,0,0,0,1
724,0.39024390243902446,6,0.4712499007066973,2,0,0,0.7857032846636853,2,0,1,0,0,1
586,0.6097560975609757,8,0.528335070227119,1,1,0,0.33520826238905815,1,1,0,0,1,0
593,0.5100518941359626,3,0.0,2,1,1,0.7599064710679869,1,1,0,0,1,0
550,0.6829268292682928,7,0.0,2,1,0,0.6529562073177988,0,1,0,0,1,0
651,0.6585365853658538,4,0.0,2,0,0,0.9650803151700986,1,0,0,1,0,1
552,0.39024390243902446,5,0.0,2,1,1,0.006699789829928758,0,1,0,0,1,0
682,1.0,0,0.48888929365703826,1,0,1,0.42400139213294863,2,0,0,1,1,0
572,0.1951219512195122,5,0.0,2,1,0,0.5969061545377583,0,0,0,1,1,0
708,0.5100518941359626,5,0.0,1,0,1,0.7850370210355088,2,0,0,1,1,0
629,0.2439024390243903,8,0.4328490503853577,1,1,1,0.5982377317033776,1,0,1,0,0,1
548,0.6829268292682928,1,0.0,1,1,1,0.5223372832105466,0,1,0,0,1,0
730,0.5121951219512195,6,0.5583724850197146,1,1,0,0.8622746472288103,2,0,0,1,1,0
663,0.34146341463414637,8,0.5206403125667478,1,1,0,0.23577086611771422,1,0,1,0,0,1
477,0.7317073170731709,8,0.515149397908928,2,1,1,0.7897042667574753,0,0,1,0,0,1
720,0.07317073170731708,2,0.4910391306685516,1,1,1,0.9035897928252148,2,0,0,1,0,1
630,0.7804878048780488,1,0.32661771159756536,1,0,1,0.31800356934087204,1,1,0,0,0,1
601,0.7073170731707319,1,0.5691634400245933,1,1,1,0.2877346786618122,1,0,1,0,1,0
667,0.21951219512195125,3,0.42294662346771955,2,1,0,0.018317399311634258,1,0,1,0,1,0
578,0.5100518941359626,4,0.0,2,1,1,0.7091238213249365,0,1,0,0,0,1
710,0.4634146341463415,6,0.5412381975486542,1,0,1,0.2325823116107588,2,0,1,0,0,1
834,0.2439024390243903,6,0.0,1,1,0,0.37141522015352463,4,1,0,0,1,0
768,0.878048780487805,8,0.27785281266987727,1,1,1,0.3468804770855617,3,1,0,0,0,1
539,0.43902439024390244,6,0.0,3,1,1,0.5947971031233482,0,0,0,1,0,1
682,0.7317073170731709,7,0.0,2,1,0,0.3253183178993594,2,1,0,0,1,0
481,0.39024390243902446,5,0.0,2,1,1,0.6262692087094317,0,1,0,0,1,0
850,0.878048780487805,7,0.4311942350776764,2,0,0,0.12042060016731597,4,0,0,1,0,1
699,0.6097560975609757,3,0.3218997402491187,1,1,0,0.9969302068347525,2,1,0,0,1,0
535,0.48780487804878053,2,0.4753814188063369,1,0,0,0.9795185940257294,0,1,0,0,0,1
732,0.4146341463414634,3,0.0,2,1,0,0.45437024235814516,2,1,0,0,1,0
713,0.1951219512195122,4,0.48967076632588163,2,1,0,0.7234220368045149,2,0,0,1,1,0
655,0.4634146341463415,7,0.44580985052536676,2,1,0,0.052502764013963324,1,1,0,0,1,0
661,0.34146341463414637,1,0.5818307743992791,1,0,1,0.2831505408766537,1,0,1,0,1,0
427,0.3658536585365854,8,0.0,1,1,1,0.06924346275069268,0,1,0,0,0,1
703,0.5609756097560976,6,0.4381918969570474,1,1,0,0.5813340173986615,2,1,0,0,1,0
539,0.39024390243902446,4,0.3651778297714423,1,1,1,0.6830244288329536,0,0,1,0,1,0
667,0.39024390243902446,5,0.0,2,1,0,0.8191735310722175,1,0,0,1,1,0
790,0.34146341463414637,3,0.0,1,1,0,0.455207922356585,3,0,0,1,0,1
582,0.26829268292682934,4,0.0,2,0,0,0.7807830147779112,1,1,0,0,0,1
518,0.21951219512195125,1,0.5332901896542935,1,1,1,0.7165883841906902,0,1,0,0,1,0
697,0.5121951219512195,6,0.6040428207325135,1,1,1,0.22469500837329964,2,1,0,0,1,0
667,0.34146341463414637,0,0.41389972319039975,1,1,0,0.10275536313717959,1,0,1,0,0,1
623,0.5100518941359626,7,0.5046207007793483,1,0,1,0.0031704527782403214,1,0,1,0,0,1
575,0.2926829268292683,2,0.0,2,1,1,0.41109565963549516,0,0,0,1,0,1
850,0.2439024390243903,4,0.5897700935068897,1,1,0,0.3035146856524798,4,0,1,0,0,1
794,0.902439024390244,6,0.4615288223198511,1,1,0,0.8026505531278236,3,0,1,0,1,0
470,0.2926829268292683,4,0.4997447768534229,1,1,0,0.3414443579361829,0,0,0,1,0,1
513,0.39024390243902446,7,0.24119406409191876,1,0,0,0.6228570328466368,0,0,1,0,0,1
507,0.26829268292682934,6,0.0,2,0,1,0.47389185667231215,0,0,0,1,1,0
730,0.1951219512195122,6,0.0,2,1,1,0.9290743265981901,2,0,0,1,0,1
569,0.6097560975609757,7,0.0,2,1,1,0.3884951512869479,0,1,0,0,1,0
850,0.5609756097560976,3,0.0,2,1,0,0.6444654464501359,4,1,0,0,0,1
621,0.2926829268292683,2,0.4026099999406134,2,1,1,0.8263075623722065,1,0,1,0,1,0
664,0.7317073170731709,10,0.0,1,1,0,0.7008748835513792,1,1,0,0,0,1
652,0.2926829268292683,2,0.7021438863882942,2,1,1,0.761068832073463,1,1,0,0,0,1
625,0.39024390243902446,6,0.0,2,0,0,0.9864523061952416,1,1,0,0,0,1
589,0.6585365853658538,1,0.0,1,0,0,0.6296983361911063,1,0,0,1,1,0
496,0.3170731707317073,5,0.0,2,1,0,0.4685524967634409,0,1,0,0,0,1
502,0.3658536585365854,8,0.0,2,1,1,0.617546125655,0,1,0,0,0,1
633,0.4634146341463415,2,0.0,2,1,0,0.911319981058191,1,1,0,0,0,1
555,0.5100518941359626,10,0.5577171990428464,1,1,1,0.5285930306344255,0,1,0,0,0,1
711,0.07317073170731708,0,0.33019115450420533,2,0,1,0.00698616717896559,2,1,0,0,1,0
616,0.6829268292682928,2,0.0,2,1,0,0.685689883383863,1,1,0,0,0,1
751,0.8048780487804879,7,0.5901790244796205,1,1,0,0.7320690625954779,3,0,1,0,1,0
814,0.43902439024390244,6,0.0,2,1,1,0.4932742576916095,4,1,0,0,1,0
637,0.3658536585365854,2,0.5808407309916149,1,0,1,0.5460914017288651,1,1,0,0,0,1
634,0.4634146341463415,7,0.5709842191305642,2,1,0,0.9636440280046744,1,0,1,0,1,0
615,0.5853658536585367,4,0.0,3,0,1,0.601605003277813,1,0,0,1,0,1
591,0.6341463414634148,10,0.4527016526909392,1,1,0,0.009870092593842712,1,0,1,0,1,0
648,0.6097560975609757,7,0.3234533192341162,1,1,1,0.722675365497405,1,0,0,1,1,0
712,0.12195121951219517,2,0.0,2,0,1,0.33395289250123383,2,1,0,0,0,1
712,0.26829268292682934,3,0.34825207318238255,2,0,0,0.830994109937499,2,1,0,0,1,0
433,0.39024390243902446,9,0.6090390723978808,1,1,0,0.09839144638312959,0,0,0,1,0,1
588,0.39024390243902446,10,0.5158182750614005,1,1,0,0.7686521062761493,1,0,1,0,1,0
652,0.5853658536585367,4,0.0,2,1,1,0.1907203637947424,1,0,0,1,1,0
621,0.853658536585366,9,0.6795262570552052,1,1,0,0.17789943939646236,1,0,0,1,0,1
607,0.5100518941359626,9,0.5750225918419707,2,1,0,0.8829295697739133,1,0,1,0,0,1
546,0.5853658536585367,7,0.5542908278018379,1,1,1,0.4347086146727012,0,0,0,1,0,1
681,0.7317073170731709,5,0.5568571685818733,2,0,0,0.3653105871610739,2,0,1,0,0,1
730,0.1951219512195122,3,0.0,1,1,0,0.1726706400461244,2,0,0,1,0,1
675,0.3658536585365854,0,0.5652344742839613,1,1,0,0.3240482966123265,2,0,1,0,1,0
715,0.3170731707317073,3,0.44074185658408166,1,1,1,0.47356352531666773,2,1,0,0,1,0
690,0.3658536585365854,5,0.0,2,1,0,0.6900964042066017,2,1,0,0,0,1
747,0.26829268292682934,7,0.0,2,1,1,0.7085419157529543,3,1,0,0,0,1
807,0.5853658536585367,7,0.471405382161339,1,1,1,0.1293830560818558,4,1,0,0,0,1
767,0.7073170731707319,5,0.0,1,1,0,0.6098226380619349,3,0,0,1,0,1
634,0.3170731707317073,8,0.3060960727122315,1,0,0,0.9801443537857866,1,0,1,0,1,0
525,0.17073170731707316,6,0.0,2,1,0,0.4478180666253627,0,1,0,0,1,0
602,0.34146341463414637,7,0.7362186774717975,2,1,0,0.5689063805593434,1,0,1,0,0,1
673,0.48780487804878053,2,0.6778127326517314,2,0,0,0.6745132160121291,2,1,0,0,1,0
653,0.3170731707317073,7,0.408831490108195,1,1,1,0.055165068264019214,1,1,0,0,1,0
756,0.26829268292682934,2,0.46796765172664334,2,1,0,0.024388979147508583,3,0,0,1,0,1
615,0.6097560975609757,3,0.34643890672902294,1,1,1,0.7502555994097435,1,0,1,0,0,1
850,0.1951219512195122,8,0.49074223721671223,1,1,0,0.3721046859975128,4,0,1,0,1,0
513,0.26829268292682934,10,0.0,2,0,1,0.1275281289363134,0,1,0,0,0,1
706,0.5100518941359626,4,0.41935185716240414,1,1,0,0.5434919534815574,2,0,1,0,1,0
791,0.5100518941359626,7,0.0,1,1,0,0.4483163142080068,3,0,0,1,0,1
587,0.3658536585365854,8,0.5905328733271745,1,0,0,0.6146277969546091,1,1,0,0,0,1
691,0.2926829268292683,9,0.0,1,1,0,0.24793587787633714,2,1,0,0,0,1
492,0.48780487804878053,8,0.22745661395828085,2,1,0,0.9449063885601074,0,0,1,0,1,0
761,0.3170731707317073,7,0.0,3,1,1,0.8335126004533432,3,1,0,0,0,1
556,0.3658536585365854,3,0.49507495254348094,2,1,0,0.31310975198131424,0,0,1,0,0,1
495,0.5365853658536586,1,0.558783488547083,2,1,0,0.7536160203299416,0,1,0,0,1,0
798,0.4634146341463415,4,0.44529266842964016,1,1,1,0.417372559079392,3,1,0,0,1,0
523,0.09756097560975613,8,0.4917313639175174,1,1,1,0.6245346930631874,0,1,0,0,0,1
455,0.4634146341463415,6,0.6777955942191509,1,0,1,0.2719608722633011,0,0,1,0,1,0
722,0.5365853658536586,6,0.0,2,1,1,0.5594609785234489,2,1,0,0,0,1
573,0.3170731707317073,0,0.5366489238718398,1,1,1,0.35188315484128735,0,0,1,0,0,1
656,0.5121951219512195,6,0.0,2,1,0,0.7053588617712991,1,1,0,0,1,0
747,0.5609756097560976,9,0.0,1,1,0,0.1621122817229045,3,0,0,1,0,1
488,0.5121951219512195,9,0.5602013949169562,1,0,0,0.06215023534747568,0,0,0,1,1,0
694,0.3658536585365854,4,0.49449288354486887,1,1,1,0.38951364855343684,2,0,1,0,0,1
648,0.2439024390243903,8,0.36019042632010473,1,1,1,0.7342708728683589,1,0,1,0,1,0
703,0.43902439024390244,2,0.0,2,1,0,0.543948797110124,2,1,0,0,0,1
713,0.3658536585365854,6,0.3770394585307525,1,0,0,0.9876347191156755,2,1,0,0,0,1
677,0.6097560975609757,3,0.5309521487389562,2,1,1,0.4796721086863795,2,0,0,1,1,0
478,0.34146341463414637,6,0.2837297007721343,1,1,1,0.5529630079672608,0,1,0,0,1,0
731,0.43902439024390244,6,0.0,1,0,0,0.7606565426998277,2,1,0,0,1,0
492,0.5100518941359626,7,0.0,2,0,1,0.35659230456508595,0,1,0,0,0,1
492,0.6585365853658538,9,0.6787418748385052,2,0,0,0.8237298161974468,0,0,1,0,0,1
549,0.43902439024390244,6,0.5556932298687487,1,0,0,0.4198991503688602,0,0,1,0,0,1
570,0.6829268292682928,3,0.0,2,0,0,0.0040447862770894615,0,1,0,0,1,0
644,0.2439024390243903,0,0.0,2,1,0,0.5970959726653895,1,0,0,1,0,1
633,0.26829268292682934,6,0.46796828943576263,1,0,0,0.15165128269749759,1,0,1,0,0,1
531,0.5100518941359626,9,0.39554111392398406,1,1,0,0.6156859480080347,0,0,0,1,1,0
705,0.6341463414634148,3,0.42222306275826976,1,1,0,0.4122999246428034,2,0,1,0,0,1
646,0.1951219512195122,4,0.5573903332624016,1,1,0,0.8235020944500199,1,1,0,0,0,1
829,0.2439024390243903,3,0.5277262971591374,3,1,0,0.5244381838465573,4,0,1,0,0,1
655,0.48780487804878053,4,0.0,2,0,0,0.55263342649223,1,1,0,0,0,1
581,0.39024390243902446,1,0.0,2,0,1,0.4058571093539433,1,0,0,1,0,1
733,0.14634146341463422,3,0.6452220899728651,1,1,1,0.04803288714072193,2,1,0,0,1,0
486,0.4634146341463415,1,0.40429961025211475,1,0,0,0.2567894233899337,0,0,1,0,0,1
720,0.4634146341463415,2,0.47959265054588507,2,1,1,0.6923592703103145,2,1,0,0,1,0
640,0.04878048780487804,4,0.0,2,0,1,0.3915335914579843,1,1,0,0,1,0
737,0.09756097560975613,10,0.44457596309322245,2,0,0,0.5316321208675429,2,0,1,0,1,0
735,0.43902439024390244,5,0.0,2,1,0,0.5257531594267252,2,0,0,1,0,1
780,0.1951219512195122,3,0.559417172127536,1,1,0,0.5857187861440767,3,1,0,0,1,0
769,0.48780487804878053,6,0.0,2,0,0,0.5219608472609134,3,0,0,1,0,1
693,0.4634146341463415,1,0.0,2,1,1,0.4143194175043717,2,1,0,0,0,1
648,0.1951219512195122,9,0.6493626555706343,1,1,0,0.491830269790765,1,1,0,0,0,1
746,0.17073170731707316,9,0.0,2,0,1,0.44362681636096246,3,1,0,0,0,1
638,0.6341463414634148,9,0.3094377880676573,2,1,1,0.5567263673680837,1,0,0,1,0,1
578,0.2926829268292683,4,0.6754220010204144,1,1,0,0.560931218931408,0,1,0,0,0,1
537,0.5609756097560976,3,0.5512450891913925,1,1,0,0.5338004279408683,0,0,1,0,1,0
624,0.3658536585365854,6,0.0,2,0,0,0.3827371513979585,1,0,0,1,0,1
613,0.7073170731707319,6,0.5820480339248497,1,1,1,0.38570963527016827,1,1,0,0,0,1
713,0.6097560975609757,5,0.3443395683083917,1,1,1,0.6500098259383771,2,1,0,0,0,1
569,0.2926829268292683,3,0.5561151541647847,1,1,1,0.16610981348718803,0,0,0,1,1,0
730,0.7073170731707319,7,0.0,1,1,0,0.1668243317236796,2,1,0,0,1,0
608,0.3658536585365854,9,0.35858658788514497,1,1,0,0.34386123874830044,1,1,0,0,0,1
455,0.21951219512195125,5,0.6212844824765307,2,0,0,0.35385074274593226,0,1,0,0,1,0
623,0.21951219512195125,4,0.4803137799893176,1,0,0,0.7108621873388908,1,1,0,0,0,1
608,0.4634146341463415,5,0.5822817941738816,2,0,0,0.8029858351472565,1,1,0,0,0,1
620,0.39024390243902446,8,0.40754224155313423,1,1,0,0.6033601708963205,1,0,1,0,1,0
557,0.9512195121951221,1,0.47845374191569184,1,1,0,0.6618590575399951,0,0,1,0,0,1
559,0.26829268292682934,1,0.0,2,0,0,0.7782152195534674,0,1,0,0,0,1
676,0.21951219512195125,4,0.0,1,0,1,0.5397719982258306,2,0,0,1,0,1
687,0.39024390243902446,7,0.44395786352937167,2,1,0,0.7428368409183077,2,0,1,0,1,0
594,0.43902439024390244,6,0.613317343308592,1,0,0,0.6771653692927674,1,1,0,0,0,1
700,0.48780487804878053,9,0.2629060667620069,1,1,1,0.5047427029281296,2,1,0,0,0,1
696,0.3170731707317073,3,0.6002617237939117,1,0,0,0.027777752775390047,2,0,1,0,0,1
657,0.5609756097560976,6,0.44687259277262736,1,1,0,0.08763456910134916,1,0,0,1,1,0
674,0.2439024390243903,3,0.0,1,1,0,0.2576516557331225,2,1,0,0,1,0
674,0.4634146341463415,3,0.0,1,1,0,0.7902670705052331,2,1,0,0,0,1
516,0.3170731707317073,7,0.0,1,1,0,0.23505829806746542,0,0,0,1,1,0
503,0.34146341463414637,4,0.0,2,1,1,0.7652000266025405,0,1,0,0,0,1
706,0.48780487804878053,8,0.0,2,0,1,0.23313991486186927,2,0,0,1,0,1
549,0.5100518941359626,6,0.8131484779338097,2,1,0,0.5476861540277096,0,0,1,0,0,1
722,0.6097560975609757,1,0.0,1,1,0,0.22276422398339038,2,0,0,1,0,1
695,0.6341463414634148,8,0.0,2,1,1,0.35484663785391507,2,0,0,1,0,1
606,0.6585365853658538,5,0.25441576697534846,1,1,1,0.4685258442181228,1,0,1,0,0,1
683,0.7560975609756098,7,0.43363275503611853,2,0,0,0.7038252153080619,2,0,1,0,1,0
629,0.3170731707317073,6,0.0,2,1,0,0.4693956772871809,1,1,0,0,0,1
418,0.6829268292682928,9,0.0,1,1,1,0.40505328258848716,0,1,0,0,1,0
650,0.6829268292682928,9,0.5938816034829122,2,1,0,0.8845407236391074,1,0,1,0,1,0
607,0.34146341463414637,7,0.0,3,0,1,0.05332029208789439,1,0,0,1,1,0
604,0.3170731707317073,6,0.5374197149129354,1,1,0,0.9601797471658543,1,1,0,0,0,1
581,0.48780487804878053,3,0.5386930207400145,1,1,1,0.16455491499438193,1,0,1,0,1,0
787,0.5853658536585367,10,0.5818643338416806,2,1,1,0.3975319142978154,3,1,0,0,1,0
663,0.21951219512195125,9,0.0,2,1,0,0.7542655823631157,1,1,0,0,1,0
772,0.39024390243902446,9,0.0,2,1,0,0.8549280456283573,3,1,0,0,0,1
504,0.6341463414634148,4,0.4524651423213306,1,1,1,0.06197401851876854,0,0,0,1,0,1
524,0.2439024390243903,7,0.0,2,0,1,0.7355159417724392,0,1,0,0,1,0
607,0.43902439024390244,8,0.6307807285420148,1,1,1,0.3837023435738113,1,0,0,1,0,1
578,0.5100518941359626,5,0.45128470288474504,1,1,0,0.28382300509698677,0,1,0,0,0,1
694,0.4146341463414634,7,0.0,1,1,0,0.6678580304419072,2,0,0,1,1,0
566,0.43902439024390244,1,0.5664487521606881,1,1,0,0.3980619649176496,0,1,0,0,0,1
577,0.6097560975609757,3,0.0,2,1,1,0.6750511673864854,0,0,0,1,0,1
645,0.7560975609756098,4,0.6382427223738532,1,0,1,0.4419441556668662,1,0,1,0,0,1
552,0.7560975609756098,4,0.0,1,1,1,0.9515167698515208,0,1,0,0,0,1
666,0.6341463414634148,2,0.4875067004296446,1,0,0,0.3428492421026208,1,0,1,0,1,0
571,0.4634146341463415,9,0.5563732270739886,3,1,0,0.5207550821103415,0,0,1,0,0,1
575,0.14634146341463422,2,0.0,2,1,1,0.5996384154686772,0,1,0,0,0,1
613,0.34146341463414637,0,0.0,2,0,1,0.6333806878556901,1,0,0,1,1,0
478,0.43902439024390244,3,0.3681307418482142,2,1,0,0.22452704233254273,0,0,0,1,1,0
613,0.6097560975609757,4,0.5607124390624098,1,0,1,0.10062205940667332,1,0,1,0,1,0
581,0.4146341463414634,4,0.0,2,0,1,0.4319024466836583,1,1,0,0,0,1
603,0.6585365853658538,9,0.0,1,0,0,0.742596968010445,1,1,0,0,0,1
633,0.26829268292682934,0,0.5523252090121532,1,1,0,0.9668493841161829,1,0,1,0,1,0
665,0.5100518941359626,2,0.40369422501382934,1,1,1,0.7992209756031701,1,1,0,0,0,1
749,0.2439024390243903,3,0.0,1,1,0,0.01698722227972771,3,0,0,1,1,0
559,0.2439024390243903,3,0.5623774577159993,1,1,1,0.07798589765322587,0,1,0,0,0,1
574,0.39024390243902446,1,0.4486777480051762,1,0,0,0.8281541887250232,0,1,0,0,0,1
765,0.3658536585365854,5,0.3370205807465494,1,1,1,0.3451722139464318,3,0,0,1,1,0
503,0.26829268292682934,3,0.0,2,1,1,0.7197857895429013,0,1,0,0,0,1
850,0.5365853658536586,4,0.6619506350167912,2,0,1,0.2219941504413671,4,0,1,0,0,1
641,0.4146341463414634,5,0.0,2,1,0,0.4657312273322102,1,1,0,0,0,1
632,0.21951219512195125,4,0.7697382231965179,1,1,1,0.7633442493758154,1,1,0,0,0,1
590,0.26829268292682934,10,0.3955792569006803,1,1,1,0.6481510484251246,1,0,0,1,1,0
667,0.5100518941359626,9,0.4965096784913748,2,0,0,0.0033592708103623893,1,0,1,0,0,1
627,0.2926829268292683,4,0.31834048637038254,2,1,0,0.6491385427308307,1,0,1,0,1,0
799,0.2439024390243903,3,0.566977811588761,1,1,0,0.22517640434661507,3,0,0,1,1,0
466,0.5365853658536586,4,0.36505682446606114,1,1,0,0.7060604287709475,0,1,0,0,0,1
709,0.2926829268292683,9,0.4602644842772618,2,1,1,0.6736713856173263,2,0,1,0,0,1
581,0.7073170731707319,1,0.4900361736512224,1,0,0,0.9012865728677087,1,1,0,0,1,0
651,0.3658536585365854,1,0.3859526391771257,1,1,0,0.5438174845697764,1,1,0,0,1,0
528,0.5100518941359626,9,0.5402817534402116,1,1,0,0.6657358277715522,0,0,1,0,1,0
642,0.2926829268292683,8,0.5360633474730716,1,0,0,0.21621544857533892,1,0,1,0,0,1
614,0.5609756097560976,7,0.7170873640369284,1,0,0,0.07328084832101465,1,0,0,1,1,0
615,0.2926829268292683,7,0.0,2,1,1,0.7817509572164141,1,1,0,0,0,1
697,0.7073170731707319,6,0.5111743178276089,1,1,1,0.8402893476326988,2,1,0,0,1,0
746,0.26829268292682934,4,0.42088670344202306,1,1,1,0.21549352963207982,3,1,0,0,1,0
554,0.5100518941359626,4,0.0,1,0,1,0.8439228946364378,0,1,0,0,0,1
636,0.39024390243902446,2,0.15984780912441385,2,0,1,0.26752844896687633,1,0,1,0,0,1
674,0.34146341463414637,7,0.3418038375660811,1,1,1,0.47739269100199067,2,1,0,0,1,0
529,0.09756097560975613,5,0.0,1,1,0,0.7558634349580384,0,1,0,0,0,1
618,0.2926829268292683,3,0.5334604978459582,1,1,1,0.15699174271142893,1,1,0,0,0,1
551,0.43902439024390244,5,0.0,1,1,0,0.9174253141174982,0,1,0,0,1,0
655,0.39024390243902446,1,0.4627971859012558,1,1,1,0.24742647922876632,1,0,0,1,0,1
735,0.6341463414634148,9,0.4809985998697719,1,1,0,0.37415953223532844,2,1,0,0,0,1
787,0.5121951219512195,7,0.6841294009053637,1,0,1,0.5039470269410729,3,0,0,1,1,0
790,0.14634146341463422,7,0.42813506471890644,1,0,1,0.8022697667627258,3,0,1,0,0,1
734,0.2926829268292683,3,0.0,2,1,0,0.5381947475983956,2,1,0,0,0,1
660,0.5853658536585367,5,0.0,2,1,0,0.5775452055671316,1,0,0,1,0,1
672,0.2439024390243903,6,0.0,1,0,1,0.044019753886496156,2,1,0,0,1,0
479,0.21951219512195125,2,0.6873844675342089,1,1,1,0.20153769685004913,0,0,0,1,0,1
702,0.6341463414634148,9,0.0,1,0,0,0.2960074187084867,2,0,0,1,0,1
642,0.7560975609756098,4,0.4810264199301,1,1,0,0.12380502337973276,1,0,1,0,0,1
576,0.14634146341463422,3,0.0,1,0,1,0.39246978086407247,0,1,0,0,0,1
589,1.0,2,0.0,2,1,1,0.6308035417382359,1,1,0,0,1,0
620,0.26829268292682934,9,0.0,2,1,0,0.06561776649670042,1,0,0,1,0,1
535,0.26829268292682934,2,0.4478604839120139,1,1,0,0.928184541623725,0,1,0,0,1,0
809,0.5121951219512195,5,0.0,1,1,0,0.3885079525094646,4,1,0,0,1,0
668,0.39024390243902446,5,0.3198205693793843,2,0,0,0.2838740599727274,1,0,1,0,0,1
695,0.34146341463414637,9,0.0,3,0,1,0.1926294461121037,2,0,0,1,0,1
602,1.0,7,0.0,2,1,1,0.8117548725903323,1,1,0,0,0,1
701,0.5121951219512195,9,0.5589400062790435,1,0,1,0.7332720774833996,2,1,0,0,0,1
768,0.43902439024390244,3,0.5633161655395624,1,0,1,0.6293547033741722,3,1,0,0,1,0
591,0.26829268292682934,1,0.388768364079615,1,1,1,0.9818167134961389,1,0,0,1,0,1
818,0.43902439024390244,4,0.0,2,1,1,0.0401310825183805,4,1,0,0,0,1
528,0.26829268292682934,3,0.40967796925038374,1,1,0,0.27983162392008437,0,1,0,0,0,1
753,0.5365853658536586,0,0.015020799879345436,2,1,0,0.8853528511972892,3,1,0,0,1,0
666,0.4146341463414634,2,0.41782896792877144,1,1,0,0.8751012721714923,1,0,0,1,0,1
621,0.5365853658536586,7,0.0,2,0,1,0.65642278837629,1,0,0,1,1,0
644,0.34146341463414637,8,0.5640891088489355,1,1,1,0.8354585862949911,1,0,1,0,1,0
454,0.7804878048780488,10,0.3702521609471001,1,1,0,0.7717358007689734,0,0,1,0,1,0
850,0.4146341463414634,7,0.4555044639837633,1,0,1,0.6483069633149965,4,0,1,0,1,0
651,0.5121951219512195,6,0.0,1,1,0,0.12083583982270305,1,1,0,0,1,0
673,0.5609756097560976,5,0.0,1,1,1,0.3282598988203373,2,1,0,0,0,1
509,0.5609756097560976,7,0.5049213407722635,1,0,1,0.5738745550200044,0,0,0,1,0,1
660,0.5365853658536586,5,0.5251299840504964,2,1,1,0.19376865490654355,1,1,0,0,0,1
690,0.3170731707317073,2,0.5470765042491955,2,1,0,0.2769049444221923,2,0,1,0,0,1
524,0.5100518941359626,1,0.3729693597906625,1,1,1,0.2583208696430509,0,1,0,0,0,1
628,0.5100518941359626,6,0.6992629955851797,1,1,0,0.5658319869547541,1,1,0,0,1,0
836,0.26829268292682934,9,0.532813063662621,1,1,1,0.7687541660228552,4,1,0,0,1,0
613,0.6097560975609757,10,0.4802017026116062,1,0,0,0.47436255162368,1,0,1,0,1,0
675,0.3170731707317073,2,0.3620046290507832,2,1,0,0.3013252265591364,2,0,0,1,0,1
762,0.4146341463414634,1,0.46815226851667147,1,0,1,0.8918346702110052,3,0,1,0,0,1
784,0.4146341463414634,3,0.0,2,0,0,0.4073992066242326,3,0,0,1,0,1
711,0.43902439024390244,8,0.0,2,1,0,0.27600550852606426,2,0,0,1,0,1
765,0.6585365853658538,2,0.3648883098312945,1,1,1,0.23566180570244458,3,0,0,1,0,1
629,0.5609756097560976,10,0.5984442129471772,1,0,0,0.034626756855279675,1,0,0,1,0,1
469,0.3658536585365854,1,0.5094439738461143,1,1,0,0.8174062622980495,0,1,0,0,0,1
759,0.1951219512195122,4,0.0,2,1,0,0.6769798515758254,3,1,0,0,0,1
710,0.12195121951219517,6,0.0,2,1,1,0.6709467254122767,2,0,0,1,0,1
699,0.34146341463414637,1,0.49385079017540556,3,1,1,0.6372220547062244,2,0,1,0,0,1
681,0.43902439024390244,5,0.5657758096125802,1,1,1,0.9257509092118296,2,1,0,0,0,1
629,0.5100518941359626,2,0.13556751269011255,1,1,0,0.09780459033837731,1,0,0,1,1,0
690,0.34146341463414637,2,0.3032624919544027,1,0,1,0.7591278967141362,2,0,0,1,0,1
630,0.17073170731707316,7,0.3174867134301421,1,1,0,0.4676078565503005,1,0,1,0,1,0
558,0.17073170731707316,10,0.4438579026249264,2,1,0,0.986358047193507,0,0,1,0,0,1
813,0.17073170731707316,5,0.49269577938995074,1,0,1,0.6648022386137875,4,0,1,0,1,0
594,0.5365853658536586,9,0.4879159104001151,2,0,1,0.9544466996598174,1,1,0,0,0,1
683,0.39024390243902446,9,0.4567972199389801,2,0,1,0.12665064513661053,2,0,0,1,0,1
610,0.3170731707317073,6,0.4295953388883909,1,1,1,0.7056971440772594,1,1,0,0,1,0
645,0.14634146341463422,3,0.13769662415524966,1,1,1,0.058138502226962666,1,1,0,0,1,0
740,0.4634146341463415,9,0.0,2,1,1,0.36610361289503146,2,1,0,0,1,0
682,0.1951219512195122,0,0.44103173523560907,1,0,1,0.559391571895116,2,1,0,0,1,0
581,0.5609756097560976,8,0.0,2,0,0,0.14864199531055214,1,1,0,0,0,1
714,0.4146341463414634,6,0.5025045427806963,2,1,1,0.2697390600802376,2,0,1,0,1,0
801,0.5100518941359626,6,0.0,2,1,1,0.8500669813967233,4,0,0,1,1,0
639,0.2439024390243903,8,0.0,2,1,0,0.6328078831528411,1,0,0,1,0,1
738,0.48780487804878053,7,0.0,2,0,0,0.34611225372023025,2,1,0,0,1,0
548,0.3658536585365854,1,0.31928433572371956,2,0,1,0.41120972052831045,0,1,0,0,1,0
693,0.4146341463414634,5,0.4948267641256257,1,1,0,0.44351015521982345,2,1,0,0,1,0
731,0.2926829268292683,5,0.0,2,1,0,0.9476762030773939,2,1,0,0,1,0
570,0.26829268292682934,4,0.48636739323125183,2,1,1,0.8689889384436212,0,0,1,0,0,1
657,0.5609756097560976,8,0.4360420998023541,1,1,1,0.3322919338796855,1,0,0,1,0,1
685,0.6097560975609757,1,0.5287691508532409,1,1,1,0.2093469926377969,2,1,0,0,1,0
757,0.6341463414634148,9,0.0,2,1,0,0.8876714726256357,3,0,0,1,1,0
724,0.26829268292682934,4,0.0,1,1,0,0.044860134142810634,2,1,0,0,0,1
595,0.5609756097560976,9,0.0,2,1,0,0.029780394027629636,1,1,0,0,0,1
699,0.8048780487804879,2,0.36766377934563,2,0,1,0.45671586636523787,2,0,1,0,1,0
850,0.902439024390244,6,0.0,1,1,0,0.004664595468867276,4,1,0,0,0,1
749,0.34146341463414637,7,0.3169539074609935,1,0,1,0.7882579786369598,3,0,1,0,1,0
597,0.14634146341463422,1,0.41139998315650794,1,1,0,0.30207129780894076,1,1,0,0,1,0
808,0.5609756097560976,0,0.0,1,1,1,0.39942414500584805,4,1,0,0,0,1
648,0.4634146341463415,7,0.0,2,1,0,0.9712294524127054,1,1,0,0,1,0
667,0.4634146341463415,9,0.28611975483751195,2,1,1,0.3386483909213329,1,1,0,0,1,0
632,0.39024390243902446,2,0.0,2,0,0,0.8269488236126549,1,1,0,0,1,0
775,0.2926829268292683,4,0.0,2,1,0,0.2466548555387039,3,1,0,0,0,1
540,0.5365853658536586,8,0.0,2,1,0,0.01774379453237784,0,0,0,1,1,0
820,0.3170731707317073,2,0.3755410413845718,1,1,0,0.5178455542504309,4,0,0,1,1,0
785,0.5100518941359626,3,0.0,2,1,1,0.48415243655769125,3,1,0,0,1,0
706,0.5853658536585367,8,0.3801815310750274,1,1,1,0.378639510073212,2,0,0,1,1,0
840,0.2926829268292683,8,0.5432154146729455,1,1,0,0.2705348360768453,4,1,0,0,0,1
595,0.12195121951219517,7,0.0,2,1,1,0.8404522131863592,1,0,0,1,0,1
449,0.3170731707317073,1,0.45314414310607154,1,0,0,0.41396308347447175,0,0,0,1,1,0
636,0.43902439024390244,1,0.0,1,1,0,0.21563559319915052,1,0,0,1,1,0
494,0.48780487804878053,7,0.6972458020704743,1,1,0,0.20038283656089154,0,0,1,0,1,0
513,0.2926829268292683,5,0.0,2,1,0,0.8126380069296617,0,1,0,0,0,1
781,0.5100518941359626,5,0.0,2,0,0,0.3648264409251083,3,1,0,0,1,0
671,0.5853658536585367,3,0.0,2,1,1,0.6422500848831063,2,0,0,1,1,0
775,0.48780487804878053,4,0.4990578047046911,2,1,1,0.07892903772310254,3,0,1,0,1,0
509,0.0,7,0.4104611159056652,1,1,0,0.858877022755673,0,1,0,0,0,1
557,0.6829268292682928,4,0.3833156721121313,2,1,1,0.5818892204205501,0,1,0,0,1,0
796,0.8292682926829269,9,0.6663835503889248,1,1,1,0.3140167385985362,3,0,1,0,1,0
679,0.26829268292682934,3,0.0,2,1,1,0.3184078079456588,2,1,0,0,0,1
622,0.5609756097560976,9,0.0,2,1,1,0.7789484395759795,1,0,0,1,1,0
710,0.09756097560975613,8,0.0,3,1,0,0.536457881727705,2,0,0,1,0,1
758,0.7073170731707319,9,0.38072493895828385,1,1,0,0.366449495926861,3,0,1,0,1,0
679,0.43902439024390244,1,0.3875461148388974,1,1,0,0.945017749195048,2,1,0,0,0,1
622,0.9756097560975612,7,0.4660149066898039,1,1,0,0.6020776484154237,1,0,1,0,1,0
771,0.8048780487804879,5,0.5400861361678759,3,1,1,0.7624131104520482,3,0,0,1,0,1
731,0.5100518941359626,8,0.38641270644985787,1,1,0,0.4893784356406036,2,0,0,1,0,1
585,0.5365853658536586,7,0.0,2,0,0,0.7307967910935494,1,1,0,0,0,1
617,0.4634146341463415,9,0.405374947254481,1,1,0,0.6193326462677186,1,0,0,1,1,0
568,0.5365853658536586,1,0.39570899084963146,1,0,0,0.6730110725574292,0,0,1,0,0,1
648,0.5100518941359626,7,0.5578845976866544,1,1,0,0.7183536027690643,1,1,0,0,1,0
759,0.3170731707317073,1,0.43782158724285236,1,1,1,0.21002490737865465,3,1,0,0,1,0
644,0.7560975609756098,10,0.0,2,1,1,0.7254595813900228,1,0,0,1,0,1
694,0.3658536585365854,4,0.5170690617852054,2,1,0,0.8906464567366182,2,1,0,0,1,0
471,0.5853658536585367,3,0.6574444628095815,1,1,0,0.9526919320795135,0,1,0,0,0,1
583,0.7317073170731709,3,0.3636796517661813,1,1,0,0.3000580555443045,1,1,0,0,0,1
629,0.5365853658536586,6,0.0,2,1,1,0.6967901434587002,1,1,0,0,1,0
567,0.5365853658536586,8,0.11418835432346258,1,1,1,0.4756906284550174,0,0,0,1,0,1
733,0.39024390243902446,3,0.39991520062986535,3,1,0,0.24276123369781813,2,0,1,0,0,1
729,0.5365853658536586,5,0.45267227821463296,2,1,0,0.5169718708136627,2,0,1,0,0,1
595,0.853658536585366,7,0.0,2,1,0,0.20682025133400236,1,1,0,0,1,0
684,0.17073170731707316,1,0.0,2,0,1,0.7249036783012778,2,1,0,0,1,0
707,0.34146341463414637,4,0.5294402998444508,1,0,0,0.6843936595944912,2,0,0,1,1,0
514,0.48780487804878053,4,0.44731460490592023,1,1,0,0.0835356276524408,0,1,0,0,0,1
584,0.5100518941359626,5,0.0,2,1,1,0.926038436670702,1,0,0,1,1,0
812,0.39024390243902446,5,0.4137872472444888,1,1,1,0.8302127353162226,4,1,0,0,0,1
664,0.6341463414634148,7,0.3089966129275835,3,0,0,0.2866622762473816,1,0,0,1,0,1
841,0.8292682926829269,5,0.0,1,0,0,0.9162281497883047,4,1,0,0,1,0
512,0.4146341463414634,5,0.4965390131108611,1,1,1,0.09387846539344506,0,0,0,1,1,0
598,0.4146341463414634,8,0.4552151034708954,1,1,1,0.37159183702043547,1,1,0,0,0,1
693,0.5100518941359626,2,0.6032438907765301,1,0,0,0.9857656906234545,2,1,0,0,0,1
654,0.26829268292682934,2,0.3665058191554986,1,1,0,0.18528809501307375,1,1,0,0,0,1
768,0.7317073170731709,3,0.48956761687584,1,1,1,0.12262326052137977,3,0,1,0,0,1
759,0.5853658536585367,4,0.4201713133806639,1,0,1,0.6070453728331056,3,1,0,0,0,1
531,0.6585365853658538,1,0.5041711158502642,2,1,1,0.8237282660494076,0,0,0,1,1,0
605,0.7073170731707319,7,0.5685317891419581,1,1,0,0.9465838487575562,1,0,0,1,0,1
666,0.34146341463414637,10,0.4485349808761,2,1,1,0.17171119841944904,1,1,0,0,1,0
543,0.43902439024390244,3,0.0,2,0,0,0.13005247001088602,0,1,0,0,1,0
827,0.5100518941359626,0,0.0,2,0,1,0.92260025832467,4,0,0,1,1,0
580,0.48780487804878053,9,0.4601158581956523,2,1,0,0.6424109502457485,0,0,1,0,0,1
642,0.43902439024390244,4,0.0,2,1,1,0.976159873267897,1,1,0,0,0,1
609,0.34146341463414637,7,0.2864596936549019,1,1,1,0.7596391455383988,1,1,0,0,0,1
718,0.26829268292682934,3,0.0,1,0,1,0.672317756345731,2,1,0,0,1,0
618,0.5365853658536586,1,0.5310742700352961,2,1,1,0.27244721870938676,1,0,1,0,1,0
626,0.4146341463414634,3,0.0,1,0,0,0.4009321890240518,1,1,0,0,1,0
700,0.3170731707317073,7,0.0,2,0,1,0.7257712111506648,2,0,0,1,0,1
685,0.4146341463414634,9,0.0,1,1,0,0.8351910107415257,2,1,0,0,0,1
665,0.6341463414634148,7,0.0,2,1,1,0.3327167744519602,1,1,0,0,1,0
767,0.4146341463414634,6,0.5271192777912339,1,1,0,0.5778301327776802,3,0,1,0,1,0
738,0.6341463414634148,2,0.0,2,1,0,0.21505673791847119,2,0,0,1,0,1
660,0.43902439024390244,0,0.33654528816859475,1,1,1,0.9072762948861616,1,0,0,1,1,0
777,0.39024390243902446,5,0.3853901797339311,1,1,1,0.8631171276856938,3,0,1,0,1,0
682,0.9756097560975612,4,0.0,1,1,0,0.8802062096930257,2,0,0,1,1,0
572,0.3658536585365854,5,0.0,1,0,1,0.20565699024256817,0,1,0,0,0,1
636,0.7317073170731709,3,0.48054734095424967,1,1,0,0.9508331045614856,1,0,1,0,1,0
632,0.5609756097560976,0,0.42301820631635745,1,0,1,0.5278444591458484,1,1,0,0,0,1
640,0.5121951219512195,3,0.0,1,1,1,0.5299789629909656,1,0,0,1,0,1
488,0.39024390243902446,2,0.0,2,1,1,0.9063828595630882,0,1,0,0,1,0
700,0.6829268292682928,5,0.22551367369915012,2,0,1,0.2270844365636918,2,0,0,1,1,0
537,0.3658536585365854,7,0.5423795773016846,1,1,0,0.3137047588044658,0,0,0,1,1,0
560,0.4146341463414634,1,0.0,2,1,0,0.01845201216716196,0,1,0,0,1,0
696,0.6341463414634148,8,0.6452412212464432,1,0,0,0.37779052899551907,2,1,0,0,0,1
850,0.5853658536585367,9,0.45162205100883795,1,1,1,0.9910054910243927,4,1,0,0,1,0
541,0.5121951219512195,6,0.43780648150808965,1,1,0,0.12640032123067751,0,1,0,0,1,0
516,0.853658536585366,1,0.6244535380879146,1,1,0,0.5925103847417428,0,0,1,0,1,0
530,0.3658536585365854,4,0.5153778572009059,1,1,1,0.8646760765653119,0,1,0,0,1,0
601,0.6341463414634148,3,0.0,2,1,0,0.15299226076090267,1,1,0,0,0,1
790,0.6829268292682928,8,0.7268470238254904,1,0,0,0.696341000565554,3,0,0,1,0,1
652,0.1951219512195122,3,0.5500169411413217,2,0,1,0.8449716447920775,1,1,0,0,0,1
692,0.43902439024390244,3,0.0,2,1,1,0.04135714960778754,2,1,0,0,1,0
559,0.39024390243902446,4,0.0,2,1,1,0.33358385725836814,0,1,0,0,0,1
665,0.5100518941359626,1,0.38519838871631107,2,0,0,0.8570922523100956,1,1,0,0,1,0
674,0.43902439024390244,2,0.0,2,1,1,0.9139652336798164,2,0,0,1,0,1
573,0.3658536585365854,0,0.3592081549923318,1,1,0,0.6873912958687554,0,1,0,0,1,0
568,0.1951219512195122,6,0.0,2,0,0,0.8324976035211362,0,0,0,1,1,0
817,0.39024390243902446,5,0.5152627108480579,1,0,0,0.8278353582767154,4,1,0,0,0,1
617,0.17073170731707316,1,0.4088746949010254,2,1,1,0.576934197215834,1,1,0,0,0,1
607,0.7073170731707319,4,0.5931743840696436,1,1,1,0.39723308575969,1,0,1,0,0,1
660,0.3658536585365854,0,0.2900915666595948,1,0,0,0.9052885050522324,1,1,0,0,0,1
598,0.7073170731707319,2,0.0,2,1,1,0.9306136736058294,1,1,0,0,0,1
638,0.4146341463414634,1,0.0,2,1,0,0.8268743665020009,1,0,0,1,0,1
714,0.26829268292682934,4,0.0,2,1,1,0.1879895530023117,2,0,0,1,0,1
664,0.17073170731707316,6,0.6887765466847516,2,1,1,0.5400369235261967,1,0,1,0,0,1
525,0.8048780487804879,10,0.0,3,1,0,0.8552505264252735,0,1,0,0,0,1
643,0.6585365853658538,2,0.6012119502384414,1,0,1,0.011543002356725066,1,0,1,0,1,0
535,0.04878048780487804,9,0.5375664677240071,1,1,1,0.5941266390940334,0,0,1,0,0,1
562,0.3170731707317073,9,0.4669346028102486,1,1,1,0.5433690417434864,0,0,1,0,1,0
848,0.5365853658536586,3,0.4421315443254272,1,1,1,0.15434103956927886,4,0,0,1,0,1
731,0.6829268292682928,10,0.0,2,1,0,0.7650922663114328,2,0,0,1,0,1
642,0.5121951219512195,8,0.5112196350318968,1,1,0,0.3089354033310181,1,0,1,0,1,0
732,0.6829268292682928,0,0.0,2,1,1,0.9217840303749008,2,1,0,0,0,1
437,0.7560975609756098,9,0.4449387797252662,2,0,1,0.8322231773134334,0,1,0,0,0,1
534,0.12195121951219517,5,0.41778895168153735,1,0,1,0.8009009360393917,0,1,0,0,1,0
632,0.6097560975609757,2,0.3986220461064491,1,1,0,0.12133028704241254,1,1,0,0,0,1
703,0.7804878048780488,8,0.638265480618047,2,1,1,0.3965504705699394,2,1,0,0,0,1
766,0.6585365853658538,6,0.0,2,0,0,0.7359360818958209,3,1,0,0,1,0
596,0.34146341463414637,4,0.0,2,0,1,0.7325338069785664,1,0,0,1,0,1
713,0.5853658536585367,3,0.0,2,0,0,0.4128065730277241,2,1,0,0,1,0
511,0.6585365853658538,5,0.27252208257145366,1,1,0,0.965835587298587,0,1,0,0,0,1
677,0.5365853658536586,5,0.0,2,1,0,0.4447223709864292,2,0,0,1,0,1
561,0.4634146341463415,1,0.40033529151218333,2,0,1,0.5084593078639009,0,1,0,0,0,1
745,0.6341463414634148,0,0.47683985956210356,1,1,1,0.1712838576084016,3,0,1,0,1,0
481,0.5100518941359626,6,0.0,1,1,1,0.12334157912080602,0,1,0,0,1,0
680,0.9756097560975612,8,0.0,2,1,1,0.3285159732754478,2,0,0,1,1,0
722,0.7073170731707319,2,0.3507854523723158,1,1,1,0.4532650868157909,2,1,0,0,1,0
850,0.43902439024390244,7,0.4097309788209229,1,1,1,0.4367459592391073,4,0,1,0,0,1
760,0.8048780487804879,2,0.4023414845445815,1,0,0,0.8981018687284634,3,1,0,0,1,0
704,0.14634146341463422,2,0.0,1,1,0,0.17796034521296783,2,0,0,1,1,0
602,0.5100518941359626,7,0.6188641372279877,1,1,1,0.8972593382668044,1,1,0,0,0,1
794,0.878048780487805,1,0.3025166114257785,1,1,1,0.9608071570835014,3,0,1,0,1,0
516,0.7804878048780488,5,0.0,1,0,1,0.7307415358166705,0,0,0,1,0,1
648,0.5853658536585367,2,0.39376788400421864,2,1,0,0.4456046052398004,1,0,0,1,0,1
744,0.1951219512195122,5,0.6628105060504846,1,1,1,0.9085010618514068,3,0,0,1,1,0
636,0.4146341463414634,2,0.0,2,1,1,0.1156004398420049,1,1,0,0,1,0
623,0.7804878048780488,2,0.34721950254782735,1,1,1,0.5219024916879562,1,0,0,1,1,0
568,0.6341463414634148,7,0.0,2,0,0,0.31182522930939904,0,1,0,0,1,0
584,0.3658536585365854,3,0.0,2,0,1,0.29548596891003087,1,1,0,0,0,1
568,0.6829268292682928,8,0.601187996289649,1,0,0,0.3225569041843496,0,0,1,0,0,1
720,0.39024390243902446,3,0.0,2,1,1,0.3852177882987825,2,0,0,1,0,1
590,0.26829268292682934,2,0.6653329246149304,2,1,0,0.6124392379472239,1,0,0,1,1,0
654,0.43902439024390244,2,0.44744398014349174,1,1,0,0.06431519210084562,1,1,0,0,0,1
644,0.4634146341463415,6,0.4674081018313054,2,1,0,0.5210816632988451,1,1,0,0,0,1
605,0.5609756097560976,5,0.41114167110638433,1,0,0,0.7160293808058669,1,0,0,1,0,1
662,0.34146341463414637,9,0.0,2,0,0,0.32542007761741243,1,1,0,0,0,1
710,0.3658536585365854,10,0.47161447103881904,2,1,1,0.9646783267802075,2,1,0,0,0,1
539,0.48780487804878053,8,0.2848195058001438,2,1,1,0.05031715528833003,0,0,0,1,0,1
709,0.5121951219512195,8,0.0,2,1,0,0.2810393892616745,2,1,0,0,0,1
586,0.6829268292682928,8,0.4263442579415412,1,1,1,0.39681489582255103,1,0,1,0,0,1
752,0.2926829268292683,3,0.0,2,1,1,0.5249486325944127,3,1,0,0,1,0
635,0.6097560975609757,5,0.31483998144425895,2,0,0,0.7663418356453041,1,0,1,0,0,1
502,0.9512195121951221,3,0.40440845922740987,1,1,0,0.217804450325006,0,0,1,0,1,0
684,0.39024390243902446,9,0.0,2,1,1,0.32626110793580787,2,1,0,0,0,1
774,0.34146341463414637,9,0.0,2,1,0,0.052969558592845606,3,0,0,1,0,1
742,0.3170731707317073,4,0.419449586084932,1,1,1,0.09845270223306325,3,1,0,0,0,1
552,0.7804878048780488,4,0.4829672477777731,1,1,0,0.5875235584998367,0,0,1,0,0,1
474,0.6585365853658538,10,0.0,2,0,0,0.8609038163144579,0,1,0,0,0,1
609,0.6097560975609757,6,0.3429819653071094,2,1,1,0.5663784891457134,1,0,0,1,1,0
729,0.5100518941359626,6,0.2537660609532739,1,1,0,0.7255682417670887,2,0,1,0,0,1
547,0.5100518941359626,7,0.5631256499401809,1,1,0,0.5907124630402203,0,0,0,1,1,0
712,0.39024390243902446,1,0.0,2,1,1,0.9752958407527917,2,1,0,0,0,1
648,0.8048780487804879,2,0.4646302409077726,1,1,0,0.02054926245456441,1,0,1,0,1,0
850,0.3658536585365854,8,0.2911914554630528,1,1,1,0.9314360521429796,4,1,0,0,0,1
775,0.2926829268292683,5,0.0,1,1,0,0.969437681298564,3,1,0,0,1,0
631,0.4146341463414634,8,0.5149719952033115,1,1,1,0.39571169046643956,1,1,0,0,0,1
784,0.3170731707317073,7,0.0,2,1,1,0.7160325311067207,3,1,0,0,0,1
684,0.7317073170731709,10,0.5037281072964725,1,1,1,0.9906835102752312,2,0,1,0,1,0
517,0.6829268292682928,4,0.0,1,1,0,0.11181667849279604,0,0,0,1,0,1
722,0.2926829268292683,5,0.0,2,1,0,0.8319042468555747,2,1,0,0,0,1
606,0.17073170731707316,3,0.5874365962690271,3,1,0,0.22737401421835784,1,0,0,1,1,0
646,0.39024390243902446,3,0.5232527278306502,1,0,0,0.652507664481958,1,1,0,0,1,0
567,0.7560975609756098,5,0.5378917790884737,1,1,0,0.4697561617134436,0,0,1,0,1,0
611,0.48780487804878053,7,0.0,1,1,1,0.31598227630738734,1,1,0,0,0,1
850,0.39024390243902446,3,0.5168171268262743,2,1,1,0.44370442377247027,4,0,1,0,1,0
744,0.39024390243902446,3,0.0,2,1,0,0.13617685488964193,3,0,0,1,0,1
709,0.5121951219512195,9,0.49710988234306613,1,1,0,0.3681865618166535,2,0,1,0,1,0
580,0.5853658536585367,2,0.49155958102351444,1,0,0,0.5175719281191353,0,0,1,0,1,0
645,0.34146341463414637,4,0.0,2,0,1,0.48812911633060957,1,1,0,0,0,1
652,0.6829268292682928,10,0.4825218079579642,3,1,0,0.7574237339665937,1,0,1,0,0,1
768,0.5853658536585367,3,0.0,1,0,0,0.8062340453513309,3,0,0,1,1,0
562,0.8048780487804879,1,0.4968652411821868,1,1,1,0.3269256213968434,0,1,0,0,1,0
632,0.5100518941359626,5,0.4738609608387215,1,0,1,0.725801264020714,1,1,0,0,1,0
603,0.1951219512195122,4,0.4351024354151122,1,1,1,0.4641897801240018,1,0,1,0,0,1
569,0.3170731707317073,1,0.4599754824757734,1,0,0,0.7276526908319744,0,0,0,1,0,1
695,0.5365853658536586,7,0.5540984389319186,1,0,1,0.9669500937339516,2,0,1,0,0,1
700,0.6341463414634148,9,0.0,2,1,0,0.7114482933120112,2,0,0,1,0,1
766,0.5609756097560976,0,0.0,2,0,1,0.17137461627585435,3,0,0,1,0,1
468,0.5100518941359626,3,0.24566536158166852,1,0,0,0.5389306678787824,0,1,0,0,0,1
546,0.04878048780487804,6,0.0,1,0,1,0.1024961383812154,0,1,0,0,1,0
686,0.5100518941359626,1,0.22886830266424113,1,1,1,0.3959269110200024,2,0,1,0,0,1
621,0.7073170731707319,0,0.0,1,1,1,0.6691628550526575,1,1,0,0,0,1
847,0.4146341463414634,5,0.44537377705824704,1,1,1,0.9179504642693377,4,0,1,0,1,0
758,0.6097560975609757,10,0.0,2,1,1,0.2765357091602248,3,0,0,1,1,0
738,0.48780487804878053,5,0.7094397171377431,1,0,1,0.09611832930044818,2,0,0,1,0,1
585,0.9268292682926831,4,0.5509296224614545,2,1,1,0.2764076969350573,1,1,0,0,0,1
709,0.3170731707317073,6,0.0,2,1,1,0.3550252049070686,2,1,0,0,0,1
629,0.5121951219512195,2,0.5168206740832504,2,1,0,0.41385197286340847,1,1,0,0,0,1
684,0.48780487804878053,5,0.4187755275458654,2,1,1,0.9918132181623345,2,1,0,0,0,1
516,0.4146341463414634,5,0.5127722973100354,1,1,0,0.6377943093565435,0,1,0,0,0,1
693,0.9512195121951221,9,0.0,2,1,1,0.6775206532223826,2,0,0,1,1,0
499,0.5121951219512195,6,0.0,2,1,1,0.4070259709802286,0,0,0,1,0,1
555,0.7317073170731709,3,0.5661876899899877,2,0,1,0.3956537849364614,0,0,1,0,0,1
776,0.4146341463414634,8,0.42393822129136177,1,1,1,0.7426508231536111,3,0,0,1,0,1
603,0.8048780487804879,8,0.7446273106343696,1,1,0,0.46868540945660314,1,1,0,0,0,1
791,0.3658536585365854,10,0.5190542104166677,2,0,0,0.2700675414502085,3,0,1,0,1,0
559,0.39024390243902446,2,0.5475932877767224,2,1,0,0.04833171567884732,0,1,0,0,0,1
835,0.5100518941359626,7,0.0,2,1,1,0.41723019548366863,4,1,0,0,0,1
524,0.3170731707317073,8,0.42973077236259555,1,1,0,0.9986644224523442,0,0,1,0,1,0
749,0.7073170731707319,9,0.438515653905536,1,0,1,0.6782833260576385,3,0,1,0,0,1
590,0.4634146341463415,0,0.25645954498896345,1,0,1,0.30876823736666853,1,0,0,1,1,0
674,0.21951219512195125,4,0.3154441709779457,1,0,1,0.25368547696305,2,1,0,0,1,0
549,0.4634146341463415,1,0.5206191087385321,2,1,1,0.6425031590516894,0,0,1,0,1,0
535,0.7804878048780488,1,0.5591616101979892,3,0,0,0.3476313987985853,0,0,0,1,1,0
761,0.21951219512195125,8,0.0,2,1,0,0.3164608220085018,3,0,0,1,0,1
616,1.0,5,0.6132414160665791,1,1,1,0.08844794677891737,1,1,0,0,0,1
670,0.3658536585365854,6,0.35191419751342073,1,1,0,0.3348693800257924,1,1,0,0,0,1
718,0.6097560975609757,5,0.5285641273713962,2,1,0,0.1649533530452158,2,0,1,0,0,1
592,0.3170731707317073,7,0.4387084014868348,1,0,0,0.21956986892248206,1,0,0,1,0,1
625,0.7560975609756098,4,0.512179108258656,1,1,0,0.6340658032842136,1,0,1,0,1,0
571,0.5365853658536586,5,0.0,2,0,0,0.3642233333283328,0,1,0,0,0,1
672,0.8292682926829269,8,0.6776011726514141,1,0,0,0.2820061315855664,2,1,0,0,0,1
599,0.6585365853658538,10,0.41284909741640524,1,1,0,0.6606436414677601,1,0,1,0,0,1
648,0.878048780487805,7,0.47127110453491305,1,1,0,0.8629589625809265,1,0,0,1,1,0
590,0.5365853658536586,2,0.46888132946727495,2,0,0,0.46097637324364477,1,0,1,0,1,0
700,0.34146341463414637,3,0.0,1,0,0,0.47868966486299436,2,1,0,0,1,0
699,0.5365853658536586,2,0.0,1,1,0,0.3919161279902231,2,0,0,1,0,1
625,0.8048780487804879,4,0.4966957301269213,2,1,0,0.4612058451582126,1,1,0,0,1,0
513,0.6341463414634148,1,0.25333799870696505,2,0,1,0.2631158775663076,0,1,0,0,0,1
632,0.2926829268292683,1,0.23383207102134576,1,1,1,0.39333226323113857,1,0,1,0,0,1
632,0.5121951219512195,5,0.390016400682843,2,1,0,0.4676686623572551,1,0,0,1,1,0
644,0.6341463414634148,5,0.29234403498249034,1,1,0,0.7858510987799334,1,1,0,0,0,1
782,0.12195121951219517,10,0.3908067215657162,1,1,1,0.7129467864181029,3,0,0,1,0,1
614,0.5609756097560976,3,0.49213224381261733,1,1,1,0.8961652837846014,1,1,0,0,1,0
834,0.3658536585365854,5,0.0,2,1,0,0.3313996486664476,4,0,0,1,0,1
748,0.3658536585365854,1,0.5685393220809294,1,0,0,0.3456384084680087,3,1,0,0,0,1
736,0.43902439024390244,6,0.0,1,1,0,0.35245905984021475,2,1,0,0,1,0
628,0.6585365853658538,8,0.0,2,1,0,0.9695499920242382,1,1,0,0,1,0
795,0.4146341463414634,8,0.0,2,1,0,0.8357987187776431,3,0,0,1,0,1
766,0.1951219512195122,3,0.415542422024815,1,1,1,0.002083448969376575,3,1,0,0,1,0
424,0.39024390243902446,7,0.0,1,1,1,0.08120290487741579,0,0,0,1,0,1
598,0.48780487804878053,6,0.0,2,0,0,0.8689419839594681,1,0,0,1,1,0
554,0.6097560975609757,10,0.0,2,1,0,0.7481591992035239,0,1,0,0,1,0
713,0.17073170731707316,4,0.48295692486140496,1,1,1,0.28131386547415277,2,1,0,0,1,0
636,0.4634146341463415,9,0.6261447426722141,1,1,1,0.7676917645635157,1,0,1,0,1,0
791,0.5853658536585367,10,0.4530022926838543,2,0,1,0.6997423253920748,3,0,1,0,1,0
451,0.12195121951219517,9,0.0,2,0,1,0.240073577026606,0,0,0,1,1,0
656,0.2926829268292683,3,0.0,2,0,1,0.08547026241006016,1,1,0,0,0,1
640,0.5100518941359626,6,0.4738152849230539,2,1,1,0.09560978073406008,1,0,0,1,1,0
615,0.2926829268292683,9,0.0,1,1,0,0.4367229070376221,1,1,0,0,1,0
753,0.7317073170731709,4,0.0,2,0,1,0.7341193083939517,3,1,0,0,0,1
646,0.5100518941359626,4,0.0,3,1,0,0.4662437262758593,1,1,0,0,1,0
695,0.3170731707317073,5,0.0,2,0,1,0.06994317957364928,2,0,0,1,1,0
811,0.8292682926829269,10,0.30656032495105884,1,0,0,0.7318110379541246,4,0,1,0,0,1
773,0.5609756097560976,7,0.7582318781302799,1,1,1,0.2877178270524835,3,1,0,0,1,0
622,0.4146341463414634,5,0.0,2,1,0,0.2555305031630521,1,1,0,0,1,0
775,0.26829268292682934,10,0.0,2,1,1,0.340694286304342,3,0,0,1,0,1
622,0.43902439024390244,9,0.0,2,1,1,0.5242551663683882,1,0,0,1,0,1
607,0.5121951219512195,8,0.4189084500404129,1,1,0,0.5235996037621593,1,0,1,0,1,0
687,0.3658536585365854,9,0.5419028897350315,2,1,0,0.6087400346733113,2,0,1,0,0,1
605,0.7317073170731709,10,0.5991114559700316,1,0,1,0.667437640294648,1,0,0,1,1,0
639,0.4634146341463415,5,0.6028044294797144,1,0,1,0.24815404871165195,1,0,1,0,1,0
507,0.26829268292682934,4,0.35611857387993673,2,0,0,0.9031617519473109,0,1,0,0,1,0
701,0.5609756097560976,9,0.6538355871900022,1,1,0,0.2469953380547842,2,0,1,0,0,1
508,0.2439024390243903,0,0.38347769008524546,2,1,0,0.7395805299406093,0,0,1,0,0,1
651,0.7073170731707319,2,0.0,2,1,1,0.5990425085595674,1,0,0,1,0,1
678,0.4146341463414634,4,0.0,1,1,0,0.6275936351921608,2,1,0,0,1,0
606,0.5365853658536586,1,0.5769592347235486,2,1,1,0.8333025803964278,1,0,1,0,0,1
698,0.7073170731707319,5,0.6228238325768044,2,0,0,0.0052208985958159,2,1,0,0,0,1
458,0.5121951219512195,9,0.0,2,1,0,0.5817131036013938,0,1,0,0,1,0
583,0.09756097560975613,2,0.0,2,0,1,0.029871752752387848,1,0,0,1,1,0
508,0.3170731707317073,7,0.0,2,1,1,0.030560768553396844,0,1,0,0,1,0
717,0.43902439024390244,2,0.5901276091818795,1,1,0,0.8956710865887691,2,1,0,0,0,1
708,0.878048780487805,8,0.5785273215910094,1,0,1,0.6265577862685886,2,0,1,0,1,0
600,0.4634146341463415,8,0.7080857012502567,1,1,1,0.3856905334459441,1,0,0,1,0,1
743,0.34146341463414637,6,0.5593847286760932,2,1,1,0.8162920058865621,3,0,1,0,1,0
593,0.6585365853658538,4,0.5533130602947197,1,0,0,0.05409116570632495,1,1,0,0,0,1
631,0.39024390243902446,4,0.49573569890468283,1,1,0,0.5344576907094627,1,1,0,0,1,0
648,0.3170731707317073,5,0.0,2,1,1,0.02593967723917634,1,0,0,1,1,0
721,0.5609756097560976,2,0.0,2,1,0,0.8411211770724104,2,1,0,0,0,1
506,0.4634146341463415,5,0.0,2,1,1,0.6377220524560095,0,1,0,0,0,1
520,0.5121951219512195,6,0.5804908678260564,1,0,0,0.5205864660075037,0,1,0,0,1,0
544,0.7317073170731709,10,0.31213721076952006,3,1,1,0.5185612726015334,0,1,0,0,0,1
501,0.5365853658536586,4,0.5015271339849579,1,1,1,0.5021592062041925,0,1,0,0,0,1
804,0.14634146341463422,3,0.0,2,1,0,0.8660014531387746,4,1,0,0,0,1
613,0.14634146341463422,7,0.5598046202743114,1,1,0,0.6450101984739542,1,1,0,0,1,0
704,0.5609756097560976,4,0.4345461537790105,2,1,1,0.2155481848516533,2,0,1,0,0,1
735,0.48780487804878053,1,0.0,3,0,0,0.46108673378307624,2,1,0,0,1,0
656,0.21951219512195125,4,0.4728101357806272,2,1,1,0.804195400660763,1,0,1,0,0,1
786,0.34146341463414637,9,0.0,2,1,0,0.6655677117164689,3,1,0,0,0,1
592,0.878048780487805,8,0.0,1,1,1,0.14364436803714753,1,1,0,0,0,1
699,0.5100518941359626,3,0.4424478480485843,1,1,1,0.7795454965949248,2,0,1,0,1,0
510,0.3170731707317073,0,0.4531267256757515,1,1,0,0.1654549509478155,0,0,1,0,0,1
792,0.26829268292682934,4,0.42886651707870715,1,1,0,0.09456203067392935,3,0,1,0,1,0
740,0.3170731707317073,8,0.0,2,0,0,0.43327087736878866,2,0,0,1,1,0
731,0.07317073170731708,8,0.5273537953198448,1,1,0,0.5333103311366235,2,0,1,0,1,0
721,0.5609756097560976,6,0.5383505310861474,1,1,1,0.3223591352974209,2,1,0,0,0,1
667,0.9268292682926831,8,0.5478879492466444,1,1,0,0.6542385297795938,1,0,1,0,1,0
770,0.5100518941359626,4,0.4414767764872184,1,1,0,0.13077328884908507,3,0,1,0,0,1
687,0.5365853658536586,1,0.0,2,1,0,0.04098281385872351,2,0,0,1,1,0
618,0.5100518941359626,8,0.6120903909631198,2,1,1,0.3833767124760415,1,0,1,0,0,1
521,0.4146341463414634,6,0.38431476301792494,1,1,0,0.05238930317845354,0,1,0,0,0,1
587,0.6585365853658538,6,0.0,1,0,0,0.7934419237037137,1,0,0,1,0,1
478,0.48780487804878053,4,0.6851940164231621,1,1,0,0.25907119129876904,0,1,0,0,1,0
529,0.21951219512195125,1,0.0,2,1,1,0.18881003135799468,0,1,0,0,1,0
567,0.6829268292682928,1,0.27197700070175906,2,1,1,0.5478573203740957,0,0,1,0,1,0
598,0.04878048780487804,8,0.7185939119743798,2,1,1,0.14771970723204064,1,0,1,0,0,1
628,0.3170731707317073,0,0.352421216120059,1,0,0,0.36172899511903384,1,1,0,0,0,1
594,0.48780487804878053,4,0.0,2,0,0,0.9344515401220816,1,1,0,0,0,1
625,0.6585365853658538,3,0.0,1,1,1,0.922400939289702,1,1,0,0,1,0
739,0.878048780487805,8,0.5038625044933583,1,1,0,0.6721100365084866,2,0,1,0,0,1
418,0.39024390243902446,8,0.6216622852728773,1,1,0,0.7710605362812147,0,1,0,0,0,1
685,0.2926829268292683,4,0.3386179623766766,2,0,1,0.9717535024594848,2,0,1,0,1,0
583,0.14634146341463422,9,0.5385663956230198,1,0,0,0.44899447897274186,1,1,0,0,0,1
613,0.3658536585365854,3,0.6207158452262431,2,1,1,0.28872572330657575,1,0,1,0,0,1
850,0.43902439024390244,3,0.0,2,1,0,0.975200581655548,4,1,0,0,0,1
635,0.4634146341463415,5,0.4523297885607659,1,1,0,0.4780464534363032,1,0,1,0,0,1
750,0.6097560975609757,6,0.4538986725646258,1,1,1,0.37279975237635193,3,1,0,0,0,1
468,0.9268292682926831,10,0.0,3,0,1,0.31125617496470914,0,1,0,0,1,0
850,0.6097560975609757,4,0.6427172482660192,1,1,1,0.7003668350327457,4,1,0,0,0,1
678,0.5100518941359626,4,0.0,2,1,1,0.722126913120203,2,1,0,0,1,0
612,0.8292682926829269,5,0.5770179039625213,1,0,0,0.4915018884303451,1,0,0,1,1,0
850,0.48780487804878053,1,0.0,2,1,1,0.40001355129414856,4,1,0,0,0,1
825,0.43902439024390244,3,0.5821234430282033,1,1,1,0.6917316603735657,4,1,0,0,1,0
447,0.6341463414634148,5,0.3554783139241913,1,1,1,0.37701930534366035,0,1,0,0,1,0
590,0.34146341463414637,5,0.0,2,1,0,0.29621953896597125,1,1,0,0,0,1
689,0.5365853658536586,8,0.6387943009052002,1,1,0,0.24824700758922474,2,1,0,0,0,1
576,0.902439024390244,6,0.17768995371786211,3,0,1,0.33767359782859263,0,1,0,0,1,0
773,0.4634146341463415,2,0.4113032506544789,2,1,0,0.8913690257419582,3,0,0,1,0,1
608,0.4146341463414634,6,0.0,2,1,1,0.7173270047289516,1,0,0,1,1,0
678,0.7317073170731709,2,0.0,2,1,1,0.16146692009086866,2,1,0,0,1,0
578,0.2439024390243903,8,0.6440573541233415,1,1,0,0.8892009686925101,0,0,0,1,1,0
527,0.17073170731707316,6,0.0,2,0,1,0.48378120110470546,0,1,0,0,1,0
584,0.5609756097560976,3,0.0,2,1,1,0.8004959473629731,1,1,0,0,1,0
550,0.7317073170731709,6,0.0,2,1,1,0.959385121279082,0,1,0,0,1,0
709,0.5100518941359626,9,0.4724894876640951,1,0,1,0.38569318369904326,2,1,0,0,0,1
790,0.17073170731707316,5,0.6093540608459793,1,1,0,0.29104384468716765,3,0,1,0,1,0
810,0.5100518941359626,3,0.38587165011897867,2,1,1,0.6025547939828253,4,0,1,0,0,1
634,0.8292682926829269,1,0.0,2,1,1,0.8845936786963154,1,0,0,1,0,1
680,0.5853658536585367,7,0.4213770220411005,1,1,1,0.45277654015958524,2,0,1,0,1,0
611,0.6829268292682928,6,0.0,2,1,0,0.22939565728527073,1,0,0,1,0,1
647,0.3658536585365854,3,0.6718283905628776,2,0,0,0.4513360025882472,1,0,1,0,1,0
712,0.853658536585366,6,0.5369908953870474,2,1,1,0.6635186660326061,2,0,1,0,0,1
663,0.14634146341463422,7,0.0,2,1,1,0.8315756154712775,1,1,0,0,0,1
577,1.0,7,0.4439928976741115,1,0,1,0.9553833891136604,0,0,1,0,1,0
600,0.34146341463414637,1,0.31301653193135115,1,1,0,0.32172082433872434,1,1,0,0,1,0
634,0.4634146341463415,1,0.35750308023468813,2,1,1,0.9659337466728072,1,0,1,0,0,1
731,0.26829268292682934,5,0.7155861569133509,1,0,0,0.5600456843628566,2,1,0,0,0,1
425,0.5121951219512195,5,0.0,2,1,0,0.7047167504496679,0,0,0,1,1,0
817,0.902439024390244,10,0.4685627140485606,1,1,0,0.47969566093561933,4,1,0,0,1,0
725,0.4146341463414634,7,0.30257603794433036,1,1,0,0.7525511186318292,2,1,0,0,0,1
696,0.6097560975609757,4,0.0,2,1,1,0.33200565654019953,2,0,0,1,1,0
593,0.5121951219512195,8,0.603399093233432,1,1,0,0.1363281193353965,1,0,1,0,1,0
661,0.5853658536585367,2,0.7127232813928557,1,0,0,0.14674896452611222,1,0,0,1,0,1
664,0.39024390243902446,7,0.3743371262810331,1,0,0,0.8995979116005578,1,1,0,0,1,0
750,0.5100518941359626,6,0.0,2,0,0,0.09627294406615831,3,0,0,1,1,0
643,0.4634146341463415,6,0.0,2,0,0,0.7122839731194328,1,1,0,0,0,1
737,0.878048780487805,9,0.0,1,1,0,0.41733395539274,2,1,0,0,0,1
759,0.5121951219512195,6,0.0,2,1,1,0.7024975385149282,3,1,0,0,1,0
634,0.39024390243902446,8,0.4197029160325613,1,1,1,0.6158257613602098,1,1,0,0,0,1
617,0.4634146341463415,4,0.4642180815326255,2,1,0,0.8766495200291626,1,0,1,0,1,0
719,0.43902439024390244,3,0.6194673303411757,1,1,1,0.9992441278142062,2,1,0,0,0,1
529,0.6097560975609757,6,0.3731250006725839,2,0,0,0.49173236044042207,0,1,0,0,0,1
717,0.4146341463414634,7,0.23304031529295424,2,1,1,0.8623214016938617,2,0,1,0,0,1
658,0.5365853658536586,5,0.572208899637299,1,1,1,0.9480711907987212,1,1,0,0,1,0
746,0.07317073170731708,8,0.6651428474405685,2,0,1,0.9728532574860899,3,1,0,0,1,0
570,0.7804878048780488,5,0.5153237316394079,1,1,0,0.8890542046765466,0,0,1,0,1,0
581,0.7804878048780488,4,0.0,2,1,1,0.40348923322177266,1,0,0,1,1,0
536,0.4146341463414634,8,0.0,1,1,0,0.8592253560215,0,1,0,0,1,0
667,0.12195121951219517,6,0.5424540696981791,2,0,0,0.8483697693129693,1,0,0,1,1,0
733,0.48780487804878053,5,0.0,2,1,1,0.006300251674034869,2,0,0,1,1,0
565,0.3658536585365854,8,0.5196066259412337,2,1,0,0.5282046935482339,0,0,1,0,0,1
546,0.6585365853658538,2,0.0,1,0,0,0.9889856981341717,0,0,0,1,1,0
730,0.5100518941359626,5,0.49443592814915416,1,1,0,0.5929570774008918,2,0,1,0,1,0
651,0.6829268292682928,4,0.35768725859969686,1,1,0,0.7821446448135797,1,0,0,1,1,0
794,0.5100518941359626,0,0.5774469626293289,2,0,1,0.8782431722229472,3,0,0,1,0,1
561,0.5100518941359626,4,0.40442830792374707,1,0,1,0.444175218733389,0,0,0,1,0,1
701,0.48780487804878053,3,0.4997466899807807,2,0,1,0.2601902481687001,2,0,1,0,0,1
590,0.26829268292682934,4,0.0,2,1,0,0.6092343318786944,1,1,0,0,1,0
690,0.5100518941359626,2,0.6637068460744361,1,0,0,0.5982221802182108,2,0,1,0,0,1
710,0.48780487804878053,4,0.0,2,1,1,0.6819616273354105,2,0,0,1,1,0
443,1.0,4,0.44216877059526444,1,1,0,0.36420978203418425,0,0,1,0,0,1
611,0.2926829268292683,9,0.3531080686983309,1,1,0,0.9816981021687571,1,1,0,0,1,0
646,0.5121951219512195,6,0.4849853978561575,2,0,1,0.3089389536700755,1,0,1,0,0,1
574,0.5100518941359626,5,0.0,2,0,0,0.14130489461743595,0,0,0,1,0,1
559,0.7560975609756098,2,0.5861733742173965,1,1,0,0.6027038082136844,0,1,0,0,0,1
706,0.5121951219512195,8,0.44994328175236414,1,0,1,0.033563605324308465,2,0,1,0,1,0
534,0.14634146341463422,1,0.0,1,1,1,0.8482897116674643,0,1,0,0,0,1
516,0.7804878048780488,7,0.5567004117089932,2,1,0,0.22792001636156253,0,0,1,0,0,1
504,0.6341463414634148,0,0.5256041207806724,2,1,1,0.7902011642111821,0,0,1,0,1,0
696,0.5365853658536586,3,0.6123566345204142,1,1,1,0.6917665637068339,2,0,0,1,0,1
831,0.2926829268292683,2,0.0,2,0,1,0.01709563263291644,4,1,0,0,0,1
500,0.39024390243902446,6,0.0,1,1,1,0.7013513290519244,0,1,0,0,1,0
681,0.2926829268292683,2,0.4427814097747815,1,1,0,0.3449049884263947,2,0,0,1,0,1
680,0.3170731707317073,10,0.4515465621918445,1,1,1,0.613199310534156,2,1,0,0,0,1
570,0.9756097560975612,8,0.0,1,0,1,0.5825173304050536,0,1,0,0,1,0
470,0.17073170731707316,8,0.510063906823683,2,1,1,0.9163263591673004,0,1,0,0,1,0
559,0.34146341463414637,9,0.5791336235361537,1,1,0,0.5177964495609331,0,1,0,0,0,1
670,0.26829268292682934,9,0.0,2,1,0,0.1367511097309793,1,0,0,1,1,0
725,0.6097560975609757,2,0.6612087003133424,2,1,0,0.6539821552958307,2,1,0,0,0,1
609,0.3170731707317073,9,0.4138642506206405,1,1,1,0.7511043804683346,1,0,1,0,0,1
745,0.7317073170731709,10,0.38281897642186125,1,1,0,0.37253092670350013,3,0,1,0,0,1
768,0.17073170731707316,6,0.0,2,1,1,0.10603057592000034,3,1,0,0,0,1
850,0.5365853658536586,7,0.4163036872859415,1,1,1,0.0036818516168294064,4,0,1,0,1,0
719,0.7804878048780488,2,0.0,2,0,0,0.05380788865336639,2,0,0,1,0,1
636,0.2439024390243903,2,0.45941019319836196,1,0,0,0.9581728555077009,1,0,1,0,1,0
734,0.5100518941359626,2,0.0,2,1,0,0.4979560548032337,2,1,0,0,0,1
705,0.4634146341463415,10,0.0,2,1,1,0.06962639932113517,2,1,0,0,1,0
774,0.2439024390243903,1,0.2840357214357431,2,0,1,0.3437727803005187,3,1,0,0,1,0
769,0.3170731707317073,4,0.244310548557783,2,1,1,0.035535593649193495,3,1,0,0,0,1
742,0.07317073170731708,1,0.45553347974869,1,1,0,0.1575591468985288,3,0,1,0,1,0
551,0.4146341463414634,7,0.5170119071053909,2,0,0,0.4346696109478455,0,1,0,0,0,1
525,0.12195121951219517,5,0.0,2,1,0,0.801264120723529,0,1,0,0,1,0
730,0.5121951219512195,1,0.46448181411026296,1,0,0,0.7284096631228282,2,1,0,0,0,1
660,0.14634146341463422,5,0.3391388910134789,1,1,1,0.35816630488211626,1,0,1,0,0,1
579,0.5853658536585367,0,0.5754779560099482,1,1,1,0.11243833786126572,0,0,1,0,0,1
647,0.2926829268292683,6,0.5705061764320327,2,1,0,0.014720805836957429,1,0,1,0,0,1
603,0.6829268292682928,4,0.39418299278404234,2,1,1,0.4309349542881345,1,0,1,0,0,1
614,0.43902439024390244,1,0.17558858259941318,1,1,1,0.366622512449939,1,0,0,1,1,0
632,0.2926829268292683,2,0.2891572430862268,2,0,1,0.9136733558054793,1,0,1,0,0,1
627,0.21951219512195125,1,0.2474825535738435,1,1,1,0.5294278603606644,1,1,0,0,0,1
715,0.2439024390243903,7,0.6392101669646031,1,0,0,0.984301650807652,2,1,0,0,0,1
707,0.4146341463414634,3,0.22588645453618245,1,1,0,0.08988768427384815,2,0,0,1,1,0
683,0.9512195121951221,5,0.6474688189136873,1,0,0,0.046055398290536745,2,0,1,0,1,0
559,0.6585365853658538,8,0.09582954577294711,1,0,1,0.8489304228553827,0,1,0,0,0,1
682,0.43902439024390244,5,0.2884582341778688,2,1,0,0.1844396639879108,2,0,1,0,0,1
711,0.5609756097560976,3,0.0,2,1,1,0.968772467770672,2,1,0,0,0,1
595,0.4634146341463415,2,0.626090816394816,1,1,0,0.6738421019207335,1,0,0,1,0,1
802,0.4634146341463415,9,0.4606221195227115,1,0,1,0.598913746262768,4,0,1,0,0,1
516,0.3658536585365854,3,0.0,2,1,1,0.29339806951563874,0,0,0,1,1,0
588,0.3658536585365854,2,0.0,2,1,1,0.06236585593924219,1,0,0,1,0,1
850,0.5365853658536586,1,0.3065555819894843,1,1,0,0.870942475006363,4,1,0,0,0,1
676,0.3170731707317073,3,0.3148296186710708,1,1,1,0.6238873812449088,2,1,0,0,0,1
474,0.1951219512195122,6,0.0,2,0,0,0.7624710159820263,0,1,0,0,0,1
692,0.3170731707317073,2,0.0,2,1,0,0.4591317970866217,2,1,0,0,1,0
628,0.4634146341463415,9,0.0,2,1,1,0.1734075104172448,1,1,0,0,1,0
688,0.6829268292682928,8,0.6204978284210932,1,1,0,0.131390697811641,2,0,0,1,1,0
720,0.3658536585365854,3,0.4933633014105449,2,1,1,0.7145275373798198,2,0,0,1,0,1
658,0.34146341463414637,5,0.5801282504781126,1,1,1,0.1573809298788034,1,0,0,1,1,0
745,0.8048780487804879,3,0.39531548446622294,1,1,1,0.1445671561634136,3,0,1,0,0,1
613,0.6585365853658538,9,0.5690168466408014,2,1,0,0.1737069390126757,1,0,1,0,1,0
504,0.7560975609756098,7,0.0,3,0,1,0.43909473354705375,0,1,0,0,1,0
759,0.6585365853658538,8,0.0,2,1,1,0.49624569146353475,3,1,0,0,1,0
634,0.5100518941359626,7,0.0,2,1,1,0.6564294390114255,1,1,0,0,1,0
745,0.4146341463414634,8,0.0,2,1,1,0.5829032672620236,3,0,0,1,1,0
769,0.5121951219512195,8,0.0,1,0,1,0.10503213056846927,3,1,0,0,1,0
696,0.8048780487804879,5,0.0,2,1,0,0.2750805201896781,2,0,0,1,1,0
599,0.7560975609756098,2,0.0,2,1,0,0.5559478430190082,1,0,0,1,1,0
550,0.17073170731707316,0,0.0,2,1,1,0.921135618451562,0,1,0,0,0,1
604,0.2926829268292683,5,0.0,2,1,0,0.3789110360039384,1,1,0,0,0,1
597,0.2439024390243903,2,0.0,3,1,1,0.3935195311152215,1,1,0,0,0,1
629,0.4146341463414634,4,0.6958554367631894,2,0,1,0.7921184473117183,1,0,0,1,0,1
540,0.4146341463414634,7,0.5093776520977104,1,0,1,0.42117962265396347,0,0,1,0,0,1
756,0.34146341463414637,0,0.4365444153042377,2,1,1,0.2808504712200015,3,0,1,0,0,1
670,0.5365853658536586,2,0.5865776020853727,1,0,1,0.3492256510496752,1,0,1,0,1,0
738,0.3658536585365854,3,0.4867888791022682,2,0,1,0.1392933525151652,2,0,0,1,1,0
588,0.21951219512195125,8,0.0,1,1,0,0.10028357708161129,1,1,0,0,1,0
642,0.39024390243902446,8,0.0,1,1,0,0.36040201839275654,1,0,0,1,0,1
757,0.7560975609756098,2,0.0,2,0,0,0.822435242565665,3,1,0,0,1,0
724,0.43902439024390244,1,0.0,2,1,0,0.2622783975869696,2,0,0,1,0,1
479,0.5100518941359626,6,0.42901071905330174,2,0,1,0.8475521912342627,0,0,1,0,0,1
817,0.6585365853658538,9,0.40338190697266774,1,0,0,0.4410398193027434,4,0,1,0,0,1
616,0.6341463414634148,5,0.4066048490046298,1,0,1,0.8912040599877288,1,1,0,0,0,1
850,0.5853658536585367,3,0.0,2,1,1,0.8844436643699474,4,1,0,0,1,0
684,0.6829268292682928,0,0.0,2,1,1,0.1818443161321906,2,1,0,0,0,1
594,0.4146341463414634,2,0.5334965682680167,1,1,1,0.32678160764353,1,1,0,0,0,1
781,0.34146341463414637,6,0.5863253482718821,1,1,1,0.20029597826592435,3,1,0,0,0,1
686,0.4146341463414634,4,0.0,1,1,0,0.044028154688772775,2,1,0,0,0,1
588,0.4146341463414634,3,0.41593134487392874,1,1,0,0.4724813219662478,1,0,1,0,0,1
630,0.39024390243902446,9,0.0,2,1,1,0.5700282877014755,1,1,0,0,0,1
693,0.6829268292682928,3,0.6046651451192794,1,1,0,0.9037096042672074,2,0,0,1,1,0
609,0.4634146341463415,1,0.1568159805441325,1,1,1,0.8914866869786064,1,1,0,0,0,1
585,0.5100518941359626,0,0.0,2,0,0,0.9484511770874119,1,0,0,1,0,1
669,0.6829268292682928,3,0.0,2,0,1,0.04238489775773586,1,1,0,0,0,1
489,0.2439024390243903,1,0.3167061973249777,2,1,1,0.839890459538886,0,0,1,0,0,1
704,0.14634146341463422,2,0.5906667125285808,2,1,0,0.9139047779062899,2,1,0,0,0,1
554,0.6097560975609757,2,0.4816581505263751,1,1,0,0.03800377936092896,0,0,1,0,1,0
660,0.3658536585365854,2,0.32069690127971884,1,0,0,0.7521256780022492,1,0,0,1,0,1
480,0.7073170731707319,8,0.3005536231862108,1,1,0,0.12939390711812976,0,0,0,1,0,1
580,0.9512195121951221,0,0.5453249564394851,1,0,1,0.5426376218928908,0,0,0,1,1,0
617,0.2439024390243903,0,0.0,2,1,1,0.037934872780350515,1,1,0,0,1,0
603,0.5100518941359626,5,0.6472369717920132,2,1,0,0.27348151748491983,1,0,0,1,1,0
774,0.39024390243902446,4,0.4817702279040865,2,0,1,0.5670325516086786,3,0,1,0,0,1
579,0.5609756097560976,0,0.5649691474335258,1,0,1,0.04595413862023823,0,0,1,0,0,1
690,0.6341463414634148,9,0.4000374414966651,2,0,0,0.17667062204440523,2,0,1,0,0,1
723,0.2439024390243903,4,0.0,2,1,1,0.6194306556276125,2,1,0,0,0,1
602,0.5121951219512195,6,0.6142785702354292,2,1,0,0.8831007361202994,1,1,0,0,1,0
435,0.878048780487805,3,0.0,1,1,0,0.7845693263706683,0,1,0,0,0,1
606,0.4634146341463415,6,0.3283163295503765,1,0,0,0.8626589839329655,1,1,0,0,0,1
540,0.2439024390243903,6,0.3352797145645868,1,0,1,0.4034733317031776,0,0,0,1,1,0
778,0.5853658536585367,6,0.0,2,1,1,0.5309800085908204,3,1,0,0,0,1
746,0.39024390243902446,4,0.0,1,0,1,0.3258062144934841,3,1,0,0,1,0
675,0.48780487804878053,6,0.2712886335643289,1,0,0,0.6938933668165309,2,1,0,0,1,0
683,0.5853658536585367,4,0.591012629868964,1,1,1,0.2234265872390813,2,1,0,0,1,0
501,0.6097560975609757,6,0.41663625259163994,1,0,0,0.4055987846839373,0,0,0,1,0,1
712,0.21951219512195125,2,0.5301336092275554,1,1,0,0.6340484016223549,2,1,0,0,1,0
730,0.4146341463414634,0,0.6196561719541189,1,1,1,0.26855914739857656,2,1,0,0,1,0
639,0.34146341463414637,9,0.0,2,1,0,0.5566970645696664,1,1,0,0,0,1
708,0.3658536585365854,8,0.0,2,0,1,0.07618352552668779,2,1,0,0,1,0
619,0.902439024390244,0,0.0,3,0,0,0.30402433432392795,1,1,0,0,1,0
799,0.34146341463414637,3,0.4226653140324823,2,1,1,0.08964066068309523,3,1,0,0,1,0
493,0.3170731707317073,3,0.0,1,1,1,0.8828778148313163,0,1,0,0,1,0
664,0.3170731707317073,9,0.4564385882730316,2,0,1,0.39609002659754006,1,1,0,0,1,0
547,0.5853658536585367,1,0.5687703720662043,1,1,0,0.4310207124780417,0,0,1,0,1,0
548,0.5100518941359626,8,0.4653502942170664,2,1,1,0.7929436761210695,0,1,0,0,1,0
664,0.7560975609756098,5,0.5078626943712485,2,1,0,0.5443778380835369,1,0,1,0,1,0
743,0.43902439024390244,8,0.3695403181427169,1,1,1,0.1684270847865971,3,0,0,1,1,0
653,0.34146341463414637,4,0.3338923385187986,1,0,1,0.11955676767131261,1,1,0,0,1,0
841,0.43902439024390244,5,0.6218513261699203,1,0,0,0.6133155716370913,4,1,0,0,1,0
699,0.2926829268292683,9,0.0,1,1,1,0.5408043968198963,2,1,0,0,0,1
606,0.3170731707317073,10,0.0,2,1,0,0.9760823158611647,1,1,0,0,0,1
653,0.7073170731707319,6,0.0,1,1,0,0.2534459540886155,1,1,0,0,0,1
712,0.8292682926829269,9,0.0,1,1,1,0.5898856840828298,2,0,0,1,0,1
411,0.4146341463414634,2,0.0,2,1,1,0.46911580055895336,0,1,0,0,1,0
838,0.4146341463414634,0,0.0,2,0,1,0.9865658670403022,4,0,0,1,0,1
614,0.4146341463414634,2,0.5073126702558797,1,1,1,0.15646879276970949,1,0,0,1,0,1
665,0.26829268292682934,1,0.7285098902108024,2,1,1,0.3186370298363494,1,0,0,1,0,1
598,0.12195121951219517,6,0.0,2,1,0,0.7661612183963568,1,0,0,1,1,0
689,0.48780487804878053,6,0.4823514200526597,1,1,1,0.0608586620022212,2,0,0,1,1,0
539,0.5121951219512195,3,0.0,2,1,0,0.1834204666545655,0,1,0,0,0,1
684,0.4146341463414634,6,0.5415405912416472,1,1,1,0.4360807957159909,2,1,0,0,0,1
537,0.7073170731707319,6,0.4111763066829246,1,1,0,0.0812480591896526,0,0,1,0,1,0
701,0.43902439024390244,7,0.38042665051774616,2,1,0,0.9454577412142859,2,0,1,0,0,1
710,0.3170731707317073,3,0.0,2,1,1,0.5614410176171823,2,1,0,0,1,0
634,1.0,3,0.38153757966033147,1,0,0,0.48968586500010747,1,0,1,0,1,0
640,0.6341463414634148,3,0.5466310245725665,1,1,0,0.4618912606153887,1,1,0,0,0,1
586,0.4634146341463415,8,0.6685411196235094,2,0,1,0.5233210271580936,1,0,1,0,0,1
718,0.5365853658536586,9,0.0,2,0,0,0.6076896843648568,2,0,0,1,0,1
655,0.6585365853658538,0,0.0,2,1,0,0.8341753137424623,1,1,0,0,1,0
776,0.34146341463414637,4,0.4361178277602672,2,1,1,0.6325898123270772,3,0,1,0,1,0
762,0.6097560975609757,5,0.5348971369212099,1,1,1,0.6998639870107596,3,0,0,1,1,0
817,0.5100518941359626,7,0.5173837712355643,1,1,1,0.2962675935551845,4,0,1,0,1,0
633,1.0,5,0.0,1,1,1,0.6863774990511593,1,1,0,0,0,1
583,1.0,7,0.5079757283126388,1,0,1,0.33773790396982917,1,1,0,0,0,1
794,0.2926829268292683,8,0.0,2,1,1,0.12052315996177633,3,1,0,0,0,1
524,0.8292682926829269,2,0.3503185695833715,1,1,0,0.8695222393738602,0,1,0,0,0,1
636,0.7317073170731709,1,0.6808878457384829,1,1,0,0.5525462681686101,1,1,0,0,1,0
850,0.6097560975609757,8,0.367658558102216,2,1,0,0.2747169854721126,4,0,1,0,1,0
653,0.43902439024390244,3,0.0,2,0,0,0.5526228754846088,1,0,0,1,1,0
657,0.48780487804878053,5,0.4933096939877064,1,0,0,0.23506284850203193,1,0,1,0,1,0
813,0.26829268292682934,6,0.0,1,1,0,0.1697276589914337,4,1,0,0,0,1
727,0.5121951219512195,5,0.32130758747505817,2,0,0,0.904840112230718,2,0,1,0,0,1
683,0.6097560975609757,2,0.4483869127899699,2,1,0,0.15183250000375034,2,1,0,0,0,1
652,0.43902439024390244,1,0.0,2,1,1,0.7565892542737831,1,1,0,0,0,1
728,0.6097560975609757,7,0.0,2,1,0,0.2000797076120769,2,1,0,0,0,1
529,0.4146341463414634,5,0.0,2,1,0,0.2825590843925595,0,0,0,1,1,0
660,0.5100518941359626,5,0.6214918176539327,1,1,1,0.7917096582723651,1,0,0,1,1,0
562,0.43902439024390244,6,0.0,2,1,0,0.16418437960825258,0,1,0,0,0,1
633,0.5853658536585367,3,0.502359424099243,1,0,1,0.058932178023001186,1,0,1,0,0,1
510,0.8292682926829269,6,0.7639165766467174,1,1,1,0.6565676022060106,0,1,0,0,1,0
653,0.6097560975609757,6,0.0,2,1,1,0.036598545161062875,1,1,0,0,1,0
664,0.5365853658536586,7,0.5006364137726198,1,1,0,0.6103677901239568,1,1,0,0,0,1
719,0.5365853658536586,9,0.0,2,1,0,0.911149814807314,2,0,0,1,1,0
643,0.3658536585365854,0,0.5492738107332743,1,1,1,0.9243148220655073,1,1,0,0,1,0
573,0.1951219512195122,4,0.5145874964612127,1,0,0,0.749087037812111,0,1,0,0,1,0
431,0.6585365853658538,5,0.3333008633106773,2,0,0,0.18445781572140138,0,0,1,0,0,1
727,0.0,2,0.37392353206036766,2,1,0,0.6308628974067023,2,0,1,0,1,0
628,0.8048780487804879,3,0.49415007503644215,2,1,1,0.2026922071057786,1,1,0,0,1,0
650,0.39024390243902446,4,0.42250437219350695,1,0,1,0.71498698125671,1,1,0,0,0,1
695,0.26829268292682934,5,0.0,2,1,1,0.033797527663891894,2,1,0,0,0,1
512,0.2926829268292683,6,0.0,2,1,0,0.4441210635615701,0,1,0,0,1,0
634,0.6585365853658538,9,0.0,2,0,0,0.08806461017027124,1,1,0,0,0,1
649,0.8048780487804879,4,0.0,1,1,1,0.7519667628258498,1,0,0,1,0,1
790,0.1951219512195122,4,0.5642996724287539,2,0,0,0.4915353916299007,3,1,0,0,1,0
732,0.17073170731707316,0,0.44218311905044794,1,0,0,0.8629073076478803,2,1,0,0,0,1
660,0.024390243902439046,5,0.5087708718707266,1,1,1,0.2018046223414336,1,1,0,0,0,1
526,0.7560975609756098,2,0.0,1,1,0,0.5726951423860979,0,0,0,1,0,1
705,0.34146341463414637,3,0.0,2,0,0,0.647888923392184,2,1,0,0,0,1
498,0.4634146341463415,8,0.43217897752828655,2,1,1,0.07427444320932648,0,0,1,0,0,1
724,0.4634146341463415,10,0.2734120455042125,1,1,0,0.7893315811660013,2,1,0,0,1,0
616,0.26829268292682934,9,0.0,1,1,1,0.8349440371555483,1,1,0,0,0,1
585,0.43902439024390244,10,0.0,2,1,1,0.9016212048250608,1,0,0,1,0,1
501,0.39024390243902446,3,0.42944754980000055,1,1,0,0.04619331146124454,0,1,0,0,1,0
766,0.2439024390243903,4,0.3614885230891953,1,0,1,0.10793840811797525,3,0,1,0,1,0
489,0.6829268292682928,8,0.36692212363992094,1,1,0,0.7361271501428387,0,0,1,0,1,0
566,0.5365853658536586,2,0.3866165740839239,2,1,0,0.7724459185852249,0,0,1,0,1,0
512,0.43902439024390244,1,0.0,1,0,1,0.6774180934279224,0,0,0,1,0,1
613,0.5365853658536586,7,0.49557930074318224,1,0,0,0.9665823086104721,1,1,0,0,0,1
716,0.09756097560975613,8,0.0,2,1,1,0.46302121852636924,2,1,0,0,1,0
679,0.9756097560975612,9,0.4357452462073346,1,1,1,0.019089573054226677,2,0,0,1,0,1
574,0.43902439024390244,3,0.0,2,1,1,0.042744482098040354,0,0,0,1,0,1
611,0.4146341463414634,10,0.0,1,1,1,0.11794451370105843,1,1,0,0,0,1
601,0.6097560975609757,3,0.5654053404711052,2,1,1,0.5562433212371781,1,0,1,0,0,1
703,0.34146341463414637,1,0.5009435902840074,1,1,1,0.2812025548439876,2,1,0,0,0,1
589,0.21951219512195125,4,0.0,2,1,0,0.7209183477022055,1,0,0,1,1,0
532,0.5100518941359626,5,0.0,2,0,1,0.03375452355699969,0,0,0,1,1,0
507,0.4146341463414634,1,0.0,2,0,0,0.4606437914820865,0,1,0,0,1,0
603,0.48780487804878053,8,0.23659315222367777,1,1,1,0.957318823947687,1,1,0,0,0,1
778,0.6341463414634148,8,0.49368107983604026,1,1,0,0.722485797393651,3,1,0,0,0,1
524,0.5100518941359626,10,0.0,2,1,0,0.5480672904262357,0,1,0,0,1,0
668,0.5100518941359626,0,0.0,2,0,0,0.1468962285898303,1,1,0,0,0,1
535,0.7560975609756098,7,0.45958799447217796,1,1,0,0.5571041534466541,0,0,0,1,1,0
600,0.7560975609756098,6,0.0,1,0,1,0.7404522131863592,1,1,0,0,1,0
586,0.6829268292682928,0,0.0,3,0,1,0.6577740174186635,1,1,0,0,1,0
581,0.5100518941359626,2,0.3164042022001842,2,0,0,0.942496208387901,1,0,0,1,0,1
666,0.2926829268292683,3,0.43903590497639905,1,0,1,0.37422513850072686,1,0,1,0,0,1
799,0.5121951219512195,7,0.6671856290336846,2,0,1,0.6976958799565358,3,0,1,0,1,0
559,0.6829268292682928,5,0.0,1,1,0,0.10498262584076777,0,1,0,0,1,0
850,0.6097560975609757,3,0.0,2,0,0,0.012272272001976189,4,1,0,0,1,0
681,1.0,4,0.4893680537783289,1,0,1,0.7008437805810455,2,1,0,0,0,1
588,0.4146341463414634,1,0.4107668974283543,1,1,0,0.8993580386926951,1,0,1,0,1,0
564,0.5365853658536586,4,0.0,1,1,0,0.4272610034258271,0,1,0,0,0,1
628,0.4634146341463415,0,0.0,2,1,1,0.8585637428374409,1,1,0,0,0,1
695,0.39024390243902446,9,0.0,2,1,1,0.3374849298107969,2,0,0,1,1,0
665,0.43902439024390244,1,0.0,2,0,1,0.6075281689401337,1,1,0,0,0,1
543,0.4146341463414634,5,0.5479602893748614,1,0,0,0.311918638229951,0,1,0,0,0,1
534,0.4146341463414634,4,0.0,2,0,0,0.0476524008042768,0,0,0,1,0,1
549,0.8292682926829269,1,0.0,1,0,1,0.04312646857774917,0,1,0,0,1,0
684,0.4146341463414634,3,0.5467534248666461,1,1,1,0.18628043978199915,2,1,0,0,0,1
700,0.5853658536585367,8,0.0,2,1,1,0.526520982753853,2,1,0,0,1,0
793,0.48780487804878053,9,0.0,2,1,0,0.44110932594062735,3,0,0,1,0,1
603,0.6097560975609757,5,0.5094655363857095,1,1,1,0.09736814865819685,1,1,0,0,0,1
699,0.5609756097560976,1,0.7976057529971632,2,1,0,0.4706988017355658,2,0,1,0,1,0
657,0.3658536585365854,1,0.33603113519118466,2,0,0,0.519563718335101,1,1,0,0,0,1
822,0.4634146341463415,3,0.42074054848325076,1,1,0,0.9131539562028173,4,1,0,0,0,1
738,0.0,4,0.0,2,1,1,0.23896067074405605,2,1,0,0,0,1
698,0.5121951219512195,4,0.0,2,0,1,0.23724385678832327,2,1,0,0,1,0
645,0.024390243902439046,9,0.5122192839331698,1,0,0,0.8798720777834282,1,1,0,0,0,1
561,0.9268292682926831,7,0.6088487959394191,2,1,0,0.6658412378382135,0,1,0,0,0,1
654,0.48780487804878053,8,0.0,2,1,0,0.4432816333959893,1,1,0,0,0,1
724,0.26829268292682934,6,0.0,2,0,1,0.32362055576307536,2,1,0,0,1,0
678,0.902439024390244,5,0.0,1,0,1,0.9840066226324613,2,1,0,0,1,0
540,0.7317073170731709,0,0.5903451875620098,1,0,0,0.5848653546413682,0,1,0,0,0,1
477,0.7073170731707319,9,0.5775276328329164,1,1,0,0.30654822535552145,0,1,0,0,0,1
654,0.7073170731707319,10,0.0,2,1,0,0.8524334073904057,1,1,0,0,0,1
743,0.5365853658536586,6,0.0,1,1,0,0.14135959984178487,3,1,0,0,1,0
722,0.34146341463414637,4,0.0,2,1,1,0.5683287753980505,2,0,0,1,1,0
597,0.6585365853658538,7,0.0,2,0,0,0.8388044558255313,1,1,0,0,0,1
786,0.5365853658536586,6,0.0,2,0,0,0.20620579265319838,3,0,0,1,0,1
556,0.6097560975609757,6,0.0,3,0,0,0.6257747114849468,0,1,0,0,1,0
850,0.34146341463414637,9,0.0,2,1,1,0.0945757319824043,4,0,0,1,1,0
655,0.5609756097560976,5,0.0,1,0,0,0.18269954780681552,1,1,0,0,1,0
738,0.3170731707317073,9,0.32951287114222355,1,1,0,0.20981573740292198,2,1,0,0,0,1
737,0.3170731707317073,5,0.4830336492398169,2,1,1,0.3744307581374021,2,0,1,0,0,1
596,0.5853658536585367,7,0.0,2,1,1,0.607841998910896,1,1,0,0,0,1
621,0.39024390243902446,2,0.3637274400933065,2,1,0,0.22425051592427075,1,0,1,0,1,0
817,1.0,1,0.47414701323553327,1,1,1,0.604097691329522,4,1,0,0,0,1
797,0.3658536585365854,10,0.3330259708234527,1,0,0,0.3488111114611445,3,0,1,0,1,0
661,0.4146341463414634,5,0.5118231469996444,1,1,0,0.7131426551235642,1,0,0,1,1,0
705,0.14634146341463422,7,0.39924381249773566,1,1,0,0.6070428225895573,2,1,0,0,1,0
850,0.26829268292682934,1,0.0,2,1,1,0.9900198969001539,4,0,0,1,1,0
729,0.34146341463414637,7,0.15364828006462705,1,0,1,0.89617883507875,2,1,0,0,1,0
544,0.34146341463414637,9,0.44132815040560897,1,1,1,0.07274714735257216,0,1,0,0,1,0
757,0.8048780487804879,1,0.0,1,1,1,0.1141286492860068,3,1,0,0,1,0
589,0.5609756097560976,7,0.36914836617528657,1,1,1,0.5058846619852196,1,0,1,0,1,0
617,0.2926829268292683,8,0.0,1,1,1,0.46309582565134966,1,1,0,0,1,0
583,0.21951219512195125,7,0.0,2,1,0,0.2563940356304027,1,1,0,0,0,1
705,0.12195121951219517,5,0.0,2,1,1,0.36563566820631366,2,0,0,1,1,0
627,0.12195121951219517,5,0.7343414212519513,1,1,0,0.5154874290494742,1,0,1,0,0,1
497,0.34146341463414637,8,0.0,2,1,0,0.336796364052767,0,1,0,0,0,1
624,0.8048780487804879,5,0.6950918199496856,2,1,1,0.861887560262005,1,0,0,1,0,1
612,0.3170731707317073,8,0.47026966207674203,1,1,1,0.2706172439467969,1,1,0,0,1,0
667,0.5853658536585367,6,0.0,1,1,0,0.4444347935227814,1,1,0,0,0,1
656,0.5365853658536586,2,0.0,2,1,1,0.9027957169909726,1,1,0,0,0,1
463,0.04878048780487804,8,0.8139680537225294,1,1,0,0.6413452984760044,0,0,0,1,0,1
812,0.26829268292682934,6,0.0,2,0,0,0.8401403334018398,4,1,0,0,0,1
576,0.3658536585365854,3,0.0,2,0,1,0.9505931316440719,0,0,0,1,0,1
778,0.26829268292682934,6,0.5992830395799347,1,1,0,0.3122419691080498,3,0,1,0,1,0
732,0.43902439024390244,5,0.0,2,1,0,0.8071604338214299,2,1,0,0,0,1
547,0.8048780487804879,1,0.0,2,1,1,0.2845113208311394,0,1,0,0,1,0
792,0.17073170731707316,8,0.569403338223898,1,1,1,0.653199530555168,3,0,0,1,0,1
480,0.5365853658536586,7,0.0,1,1,0,0.8516867860880715,0,1,0,0,1,0
605,0.8048780487804879,9,0.4175433141001592,1,1,1,0.827893863863999,1,1,0,0,1,0
698,0.8292682926829269,10,0.4276811752532672,3,1,0,0.14398745080155154,2,0,1,0,0,1
575,0.4634146341463415,0,0.0,2,0,0,0.15052807543120367,0,0,0,1,1,0
501,0.4634146341463415,4,0.0,2,0,0,0.062299549606987456,0,1,0,0,0,1
680,0.14634146341463422,10,0.0,3,1,0,0.7748742504909218,2,1,0,0,1,0
553,0.6341463414634148,4,0.0,1,1,0,0.053893746852824435,0,0,0,1,0,1
552,0.5609756097560976,9,0.4956169255812191,1,1,0,0.6781831164876245,0,1,0,0,1,0
626,0.3658536585365854,8,0.0,2,1,0,0.6925296365802933,1,1,0,0,0,1
826,0.9268292682926831,8,0.6955258208621677,2,0,1,0.8090334626956874,4,0,0,1,1,0
640,0.5365853658536586,8,0.43978286163916197,1,1,1,0.7894504925220358,1,1,0,0,0,1
453,0.5853658536585367,5,0.0,3,1,0,0.4150241848096493,0,0,0,1,1,0
757,0.5100518941359626,3,0.5211163624242816,1,1,0,0.7191584796348052,3,1,0,0,0,1
694,0.9512195121951221,8,0.4636387227977703,1,1,1,0.5885215538083887,2,0,0,1,0,1
525,0.3658536585365854,1,0.4497178515787028,1,0,1,0.8759185502215461,0,1,0,0,0,1
669,0.3170731707317073,6,0.4503846960333577,1,1,0,0.20230051969963128,1,1,0,0,1,0
714,0.39024390243902446,10,0.0,2,1,1,0.4011511099309984,2,1,0,0,0,1
517,0.5121951219512195,3,0.0,2,0,1,0.06227559731954401,0,0,0,1,0,1
717,0.2439024390243903,1,0.36085232852908533,1,0,1,0.3739827653540913,2,1,0,0,1,0
529,0.3170731707317073,6,0.6070614168485698,1,1,0,0.06521957846974386,0,1,0,0,1,0
661,0.7073170731707319,0,0.43640674984811567,1,0,0,0.9416520777734273,1,0,1,0,1,0
635,0.7804878048780488,7,0.635531502053284,2,0,0,0.27277209973552474,1,0,0,1,0,1
682,0.7804878048780488,10,0.5103227768692858,1,1,1,0.5112917283600584,2,0,0,1,1,0
824,0.7560975609756098,8,0.5310183110600804,1,1,1,0.33940136283015027,4,0,1,0,0,1
628,0.17073170731707316,7,0.0,2,1,1,0.9799244327833307,1,1,0,0,0,1
636,0.4634146341463415,1,0.4589005041847868,1,1,0,0.26238720797836196,1,0,0,1,0,1
630,0.853658536585366,5,0.5502380269216081,1,0,1,0.5705514376622968,1,1,0,0,0,1
688,0.4634146341463415,7,0.5506714299817906,2,1,1,0.5696280494787251,2,0,0,1,0,1
714,0.6585365853658538,8,0.6014405689576993,2,0,1,0.6994546479188761,2,0,0,1,0,1
850,0.6585365853658538,2,0.4874935875358797,1,1,1,0.09736389825228309,4,0,0,1,1,0
770,0.6829268292682928,9,0.759981951237652,1,1,1,0.07357592650098084,3,0,0,1,0,1
589,0.43902439024390244,9,0.5594126284500612,2,1,0,0.6816569982433321,1,0,1,0,1,0
751,0.43902439024390244,6,0.6768941923790652,2,1,1,0.13874715035285867,3,0,1,0,1,0
797,0.34146341463414637,1,0.6055165266503225,1,1,0,0.04433163367101557,3,0,1,0,0,1
619,0.2439024390243903,6,0.3951912507584255,2,1,0,0.24234084355055907,1,0,1,0,1,0
749,0.3658536585365854,10,0.30567080044331946,1,0,1,0.15193876015159447,3,0,1,0,1,0
703,0.5853658536585367,9,0.25200271552485715,1,0,1,0.6865892692752158,2,0,1,0,0,1
649,0.3658536585365854,2,0.0,2,1,0,0.009997954804683847,1,1,0,0,0,1
527,0.5121951219512195,9,0.3856103089505385,2,1,0,0.47354447349721895,0,0,1,0,1,0
795,0.43902439024390244,1,0.6052044477500806,1,1,1,0.6769511988394892,3,1,0,0,1,0
661,0.7073170731707319,5,0.0,1,0,1,0.5362098580414429,1,1,0,0,0,1
470,0.7317073170731709,6,0.5602916706141525,1,1,1,0.5848532034809324,0,0,0,1,1,0
530,0.39024390243902446,8,0.0,2,0,1,0.7093724450685039,0,1,0,0,1,0
594,0.2439024390243903,0,0.5682574546502128,2,1,0,0.6454278383585632,1,0,1,0,0,1
846,0.48780487804878053,5,0.0,1,1,1,0.9381124897427704,4,1,0,0,1,0
616,0.43902439024390244,10,0.31187774287161774,1,1,0,0.6846820371345463,1,0,1,0,1,0
716,0.6341463414634148,1,0.0,1,1,1,0.7605570832014457,2,1,0,0,1,0
560,0.5100518941359626,4,0.0,1,1,1,0.5003653848942574,0,1,0,0,0,1
850,0.4634146341463415,4,0.505673837533,1,1,0,0.9863691982584335,4,1,0,0,0,1
693,0.48780487804878053,3,0.0,2,0,0,0.3906468067700465,2,1,0,0,1,0
570,0.34146341463414637,9,0.4676701205656847,2,0,1,0.31402663954407645,0,1,0,0,0,1
739,0.9756097560975612,1,0.44080750076654635,1,0,1,0.8006318603426626,2,0,1,0,0,1
595,0.5100518941359626,9,0.5437363433097478,1,1,1,0.7588036157453036,1,1,0,0,1,0
637,0.5609756097560976,2,0.5500815091896475,2,1,0,0.701500293278008,1,0,1,0,0,1
612,0.5100518941359626,9,0.42455775570073095,2,1,0,0.885487464052817,1,0,1,0,0,1
639,0.6097560975609757,6,0.39701745039191016,2,1,0,0.9365154372242548,1,1,0,0,0,1
785,0.3170731707317073,2,0.48502377997377344,2,0,0,0.4088747475383899,3,0,0,1,1,0
591,0.9756097560975612,5,0.512035344709081,1,0,1,0.6862803897772236,1,0,0,1,0,1
720,0.1951219512195122,10,0.20710763481698888,2,1,0,0.2275000262525071,2,1,0,0,0,1
513,0.5365853658536586,3,0.5619989374968937,1,1,0,0.5251345503495584,0,1,0,0,0,1
698,0.4634146341463415,2,0.6623327423496927,2,1,1,0.35984121483601683,2,1,0,0,1,0
633,0.26829268292682934,10,0.5189608258875148,1,1,0,0.9233046255917439,1,1,0,0,0,1
788,0.5100518941359626,4,0.44671356406100987,1,0,0,0.4468277220474555,3,1,0,0,0,1
684,0.5100518941359626,1,0.4690788997237883,1,1,1,0.11563139279801221,2,0,1,0,0,1
684,0.14634146341463422,9,0.3159206991173189,1,0,1,0.98290836774912,2,0,0,1,1,0
518,0.2439024390243903,9,0.33936631402813794,1,0,0,0.013962883455369987,0,1,0,0,1,0
728,0.4634146341463415,4,0.0,1,0,0,0.022641162230993057,2,0,0,1,1,0
576,0.024390243902439046,6,0.0,2,0,0,0.361506973916009,0,0,0,1,0,1
754,0.5121951219512195,6,0.6783032505349085,2,1,0,0.4479511793376267,3,0,0,1,0,1
765,0.39024390243902446,9,0.3660257437591494,1,0,0,0.6914089795575478,3,1,0,0,0,1
797,0.4634146341463415,4,0.2999771739992122,1,1,0,0.42899191872823855,3,1,0,0,0,1
655,0.8048780487804879,3,0.0,2,0,1,0.07895474017768696,1,1,0,0,1,0
823,0.39024390243902446,3,0.4187251086686232,1,1,0,0.046036096447210705,4,1,0,0,0,1
683,0.26829268292682934,9,0.0,2,1,1,0.24421487252032567,2,1,0,0,1,0
575,0.2926829268292683,8,0.0,2,1,0,0.926738753550964,0,0,0,1,1,0
670,0.48780487804878053,4,0.47678537528922604,2,1,1,0.5523554499454697,1,1,0,0,1,0
746,0.4634146341463415,4,0.0,2,0,1,0.8552215736602845,3,1,0,0,1,0
653,0.4146341463414634,6,0.46498145920520967,2,1,1,0.11927454071863862,1,0,0,1,0,1
513,0.4634146341463415,6,0.0,2,1,0,0.5507063924604799,0,1,0,0,1,0
517,0.2439024390243903,2,0.4586029730238282,1,1,0,0.8953087519858146,0,1,0,0,0,1
679,0.3658536585365854,6,0.0,2,1,1,0.49006815150846905,2,1,0,0,1,0
798,0.7560975609756098,5,0.5283885182226777,1,1,1,0.15838887613767114,3,0,1,0,1,0
577,0.17073170731707316,3,0.0,2,0,1,0.6225430028567728,0,1,0,0,0,1
558,0.34146341463414637,5,0.2929245495651243,1,0,0,0.681512684461366,0,1,0,0,0,1
692,0.7560975609756098,6,0.4405790016177485,2,0,1,0.5373583677241176,2,0,1,0,0,1
713,1.0,3,0.0,2,1,1,0.31347243661769697,2,1,0,0,1,0
722,0.5365853658536586,6,0.3554234310831143,2,0,1,0.7644348535285119,2,0,1,0,1,0
682,0.5853658536585367,0,0.0,1,0,1,0.45989526999828484,2,1,0,0,1,0
662,0.26829268292682934,10,0.0,2,1,0,0.6875493109591966,1,1,0,0,1,0
596,0.4634146341463415,2,0.0,1,0,1,0.6058792614694704,1,1,0,0,0,1
537,0.6585365853658538,7,0.6322130232238915,1,1,0,0.6044646263718185,0,1,0,0,1,0
755,0.6097560975609757,6,0.6578308348222182,3,1,0,0.08459722903537287,3,0,1,0,0,1
548,0.3658536585365854,0,0.402890113671252,1,1,0,0.21371175947302964,0,0,1,0,1,0
614,0.21951219512195125,9,0.42413463570009646,2,0,0,0.3874831546412682,1,1,0,0,1,0
438,0.43902439024390244,4,0.0,2,1,0,0.3220753581967078,0,1,0,0,1,0
703,0.5100518941359626,7,0.0,2,0,1,0.6125931026413022,2,1,0,0,1,0
575,0.21951219512195125,3,0.5552121979087207,1,1,0,0.499209674523917,0,1,0,0,0,1
715,0.34146341463414637,10,0.0,2,1,0,0.30450863057421984,2,1,0,0,1,0
659,0.39024390243902446,9,0.5359330555286411,2,1,0,0.8941941955456746,1,0,1,0,0,1
648,0.4146341463414634,7,0.0,2,1,1,0.39216135140905956,1,0,0,1,0,1
644,0.0,7,0.0,1,0,1,0.29819677779227916,1,0,0,1,0,1
744,0.4146341463414634,7,0.0,2,1,1,0.21514564640923206,3,0,0,1,0,1
571,0.48780487804878053,1,0.48388188208208366,1,1,1,0.7742371396468363,0,1,0,0,0,1
658,0.43902439024390244,1,0.0,2,0,1,0.42461975118623824,1,0,0,1,0,1
571,0.7073170731707319,7,0.0,2,0,0,0.561830654827536,0,1,0,0,1,0
742,0.17073170731707316,4,0.5265728806464809,2,1,0,0.6496716436419677,3,1,0,0,1,0
601,0.1951219512195122,8,0.3144393406900786,1,1,1,0.11847101398183525,1,1,0,0,1,0
535,0.48780487804878053,8,0.5080757689307241,1,0,0,0.3038499176671372,0,0,1,0,0,1
516,0.8048780487804879,8,0.4787774590073604,2,0,1,0.8438903915323913,0,1,0,0,0,1
600,0.5121951219512195,7,0.35264262075490493,2,1,0,0.2931319441006616,1,0,1,0,1,0
636,0.26829268292682934,3,0.3879070980572232,1,0,1,0.6596269943779631,1,0,1,0,1,0
575,0.26829268292682934,4,0.4855493320016904,2,1,1,0.2518104979025497,0,1,0,0,0,1
753,0.4146341463414634,4,0.0,2,1,1,0.5315098591915527,3,1,0,0,0,1
723,0.6585365853658538,4,0.0,2,1,0,0.18603181603843164,2,0,0,1,1,0
814,0.6341463414634148,8,0.3805880706385609,2,0,0,0.5350611483396664,4,0,1,0,0,1
534,0.3658536585365854,3,0.6027691163372348,1,0,0,0.9967204368017145,0,0,0,1,1,0
456,0.5100518941359626,5,0.426469926494857,1,1,1,0.7671134593353665,0,1,0,0,0,1
667,0.5121951219512195,7,0.6678293963895859,1,1,1,0.2058768612402484,1,0,0,1,0,1
671,0.2926829268292683,2,0.0,1,0,1,0.5102801317525824,2,1,0,0,0,1
850,0.43902439024390244,1,0.41481858231762553,2,0,1,0.34294485123329277,4,1,0,0,0,1
667,0.6341463414634148,8,0.4873607048981521,1,1,1,0.4590394882711299,1,1,0,0,0,1
561,0.2439024390243903,7,0.0,2,1,0,0.03893086789788425,0,1,0,0,0,1
584,0.7804878048780488,1,0.0,1,0,1,0.7628537025285914,1,0,0,1,1,0
635,0.26829268292682934,1,0.0,1,0,1,0.12428166889937989,1,1,0,0,0,1
593,0.6097560975609757,10,0.0,2,0,0,0.26735773266346935,1,0,0,1,0,1
562,0.26829268292682934,9,0.0,1,1,1,0.12924784316902263,0,1,0,0,0,1
624,0.6585365853658538,3,0.273575498322845,1,1,0,0.8400338732348939,1,1,0,0,1,0
850,0.5853658536585367,8,0.0,1,1,0,0.09811466995098031,4,1,0,0,1,0
416,0.17073170731707316,0,0.3895564529805708,2,1,1,0.8026354016808604,0,0,1,0,1,0
549,0.5121951219512195,7,0.0,1,0,0,0.40627714946777416,0,0,0,1,1,0
737,0.6585365853658538,10,0.0,2,1,0,0.006765446100102559,2,1,0,0,0,1
778,0.4634146341463415,0,0.42095868485886045,2,1,1,0.6685050422315331,3,0,1,0,1,0
739,0.39024390243902446,9,0.0,1,1,0,0.3028926762505819,2,1,0,0,0,1
676,0.04878048780487804,1,0.32112532223740725,1,0,0,0.3430847645950188,2,1,0,0,0,1
791,0.4146341463414634,7,0.20899401824860445,1,1,0,0.8052777540255094,3,0,1,0,1,0
603,0.6341463414634148,6,0.43094146312552645,2,1,0,0.5424355525952729,1,0,1,0,0,1
666,0.6829268292682928,5,0.4937191430990966,1,1,1,0.8892473231193578,1,1,0,0,0,1
627,0.5609756097560976,5,0.40207862881698303,1,0,1,0.6733326532683871,1,0,0,1,0,1
751,0.878048780487805,9,0.6232315279881167,2,0,1,0.5808971756802774,3,0,1,0,0,1
532,0.5853658536585367,1,0.6338219234749854,1,1,0,0.5049049684244845,0,1,0,0,0,1
820,0.43902439024390244,4,0.0,2,1,0,0.15707055023754765,4,1,0,0,0,1
527,0.3170731707317073,1,0.4472064733533843,1,1,0,0.9113591848021486,0,1,0,0,1,0
680,0.43902439024390244,7,0.0,2,1,0,0.10049774753488956,2,0,0,1,0,1
582,0.5121951219512195,5,0.0,2,1,1,0.6494687742679425,1,1,0,0,0,1
759,0.3170731707317073,4,0.3941835906363417,1,1,1,0.23912903682301656,3,0,1,0,0,1
433,0.7560975609756098,10,0.0,1,1,1,0.43854203076393794,0,1,0,0,1,0
769,0.39024390243902446,7,0.5469916889363328,1,1,1,0.35687578163714634,3,0,1,0,1,0
687,0.48780487804878053,4,0.46884884615901223,1,0,1,0.44196730787790234,2,0,1,0,0,1
434,0.5609756097560976,4,0.4309658953561584,1,0,1,0.2838897614722206,0,1,0,0,0,1
750,0.4634146341463415,2,0.4536386068144242,1,0,0,0.44165297785938556,3,0,0,1,1,0
655,0.5121951219512195,6,0.3771701091865626,2,1,1,0.7447558241812092,1,1,0,0,1,0
713,0.48780487804878053,7,0.5763544074807425,1,1,1,0.2829409208579419,2,0,1,0,1,0
581,0.2926829268292683,0,0.21240440690481147,1,0,0,0.9829473714739757,1,0,0,1,0,1
789,0.21951219512195125,8,0.26385996003397244,1,1,1,0.3972706393460575,3,1,0,0,1,0
648,0.5100518941359626,1,0.43030769983143363,1,0,0,0.9322254275283288,1,0,1,0,1,0
597,0.6097560975609757,2,0.33942968637186516,1,0,1,0.02546493190099654,1,0,0,1,0,1
661,0.5609756097560976,5,0.1119297081934741,1,1,0,0.34790667508747086,1,0,0,1,1,0
427,0.5365853658536586,8,0.0,2,1,1,0.4143354190325176,0,0,0,1,0,1
600,0.4634146341463415,1,0.5686111839273069,1,0,1,0.44333388838634086,1,1,0,0,0,1
682,0.5853658536585367,0,0.0,1,1,1,0.8041637976426749,2,1,0,0,0,1
660,0.26829268292682934,6,0.7194964696622442,1,1,1,0.6192541387702525,1,0,1,0,1,0
757,0.2926829268292683,6,0.6432014687716435,1,0,0,0.3596078425489634,3,0,1,0,1,0
725,0.5609756097560976,7,0.4542888708319781,1,1,1,0.5835190760717648,2,1,0,0,0,1
588,0.39024390243902446,10,0.0,2,1,0,0.39537440825598846,1,0,0,1,0,1
438,0.5100518941359626,2,0.0,1,0,0,0.9588490200814177,0,0,0,1,1,0
850,0.6341463414634148,3,0.5595644430772669,2,0,1,0.9314586543014857,4,0,1,0,0,1
617,0.4146341463414634,5,0.0,2,0,1,0.0652798342241684,1,1,0,0,1,0
599,0.2926829268292683,9,0.4202649769075564,1,1,1,0.6056225869570544,1,1,0,0,0,1
553,0.21951219512195125,3,0.0,2,0,0,0.7990192063342049,0,1,0,0,1,0
505,0.4634146341463415,0,0.5341068558951566,1,1,1,0.4686703080144154,0,0,0,1,0,1
700,0.878048780487805,1,0.3165256060737649,1,0,1,0.6986865245630958,2,0,0,1,0,1
560,0.3170731707317073,5,0.499572117109381,1,1,0,0.3977170319765537,0,0,0,1,1,0
808,0.4634146341463415,2,0.40028937645559604,1,1,0,0.17566132565660017,4,0,1,0,1,0
658,0.14634146341463422,2,0.0,2,1,1,0.4234549899515404,1,1,0,0,1,0
770,0.3658536585365854,4,0.0,1,1,0,0.13035724911729069,3,1,0,0,1,0
609,0.4634146341463415,6,0.0,2,0,1,0.1101062151435462,1,1,0,0,0,1
638,0.14634146341463422,1,0.0,2,0,1,0.8130054920244882,1,1,0,0,0,1
665,0.4634146341463415,5,0.6392628178237627,1,0,1,0.9177401441837694,1,1,0,0,1,0
637,0.2439024390243903,3,0.4929319709049998,1,1,1,0.8323136359522334,1,0,1,0,0,1
646,0.14634146341463422,8,0.0,2,0,0,0.46305072134388836,1,1,0,0,0,1
688,0.04878048780487804,8,0.548527093211431,2,1,1,0.9879503992631296,2,1,0,0,0,1
654,0.4146341463414634,2,0.3621621830600624,1,1,1,0.43380582845661764,1,1,0,0,1,0
615,0.34146341463414637,1,0.0,2,0,0,0.010639366059458678,1,1,0,0,0,1
717,0.5853658536585367,5,0.7584983209716742,1,1,0,0.4967285375753384,2,0,0,1,1,0
628,0.2926829268292683,8,0.3554514504275421,1,1,1,0.06558286316343209,1,1,0,0,0,1
587,0.5365853658536586,5,0.5509882518436071,2,1,0,0.7971087238831308,1,0,1,0,0,1
501,0.4146341463414634,6,0.39761498383666455,1,1,1,0.06790618504067138,0,1,0,0,0,1
674,0.07317073170731708,9,0.4788812461665213,2,1,1,0.169778463843297,2,1,0,0,1,0
649,0.7073170731707319,8,0.44154692449033794,1,1,1,0.3570770008535815,1,0,0,1,1,0
735,0.39024390243902446,5,0.0,2,0,0,0.3554530957706461,2,0,0,1,0,1
547,0.2926829268292683,6,0.0,2,1,1,0.09231021562559223,0,1,0,0,0,1
657,0.39024390243902446,3,0.4270124176712546,1,1,0,0.7694928865706674,1,1,0,0,0,1
627,0.902439024390244,2,0.6354821991670004,1,1,0,0.5034207266793979,1,1,0,0,1,0
811,0.6341463414634148,3,0.0,2,0,1,0.39217820301838824,4,0,0,1,0,1
623,0.5365853658536586,7,0.0,1,1,1,0.12947506486869495,1,0,0,1,1,0
714,0.902439024390244,9,0.7177225621765396,1,1,1,0.5006284600179317,2,0,1,0,1,0
643,0.34146341463414637,2,0.0,1,0,0,0.6565134970389671,1,0,0,1,1,0
646,0.6341463414634148,2,0.4506364715650088,1,0,0,0.2653298890043999,1,0,1,0,1,0
660,0.3170731707317073,9,0.49896653258699586,2,1,1,0.6993810408894049,1,0,1,0,0,1
705,0.5100518941359626,1,0.6251467677573792,2,1,1,0.49736934877280775,2,0,1,0,1,0
590,0.5365853658536586,8,0.0,2,1,0,0.31463729786194583,1,1,0,0,0,1
631,0.3658536585365854,7,0.0,1,1,1,0.2901849126591589,1,1,0,0,0,1
647,0.4146341463414634,4,0.4932746996997865,1,1,0,0.4195341655128064,1,1,0,0,0,1
487,0.6585365853658538,2,0.0,2,1,0,0.3873577426644244,0,1,0,0,0,1
505,0.5100518941359626,6,0.19079336155966756,2,1,1,0.7753259936323919,0,0,1,0,0,1
546,0.7073170731707319,8,0.0,1,1,1,0.33201385732337435,0,1,0,0,1,0
639,0.5853658536585367,4,0.0,2,0,0,0.8384340204489528,1,1,0,0,1,0
790,0.5365853658536586,9,0.0,2,1,1,0.35301131258035146,3,1,0,0,1,0
517,0.6585365853658538,4,0.0,1,0,0,0.8633963543518405,0,1,0,0,1,0
680,0.39024390243902446,7,0.0,2,1,0,0.4947385975360647,2,0,0,1,1,0
796,0.34146341463414637,5,0.40962109356830895,2,0,1,0.5891627650440617,3,0,0,1,0,1
625,0.8292682926829269,2,0.3167380030673012,1,1,1,0.42301264770785607,1,1,0,0,1,0
490,0.5100518941359626,5,0.49005115981552516,2,0,0,0.7718206588729223,0,1,0,0,0,1
671,0.12195121951219517,9,0.4939981009819565,1,1,1,0.7977846384329702,2,0,1,0,1,0
683,0.9268292682926831,7,0.20291589306239838,3,0,0,0.48813526691799064,2,0,0,1,0,1
789,0.5365853658536586,4,0.0,2,1,0,0.6870190603202605,3,0,0,1,1,0
540,0.5100518941359626,8,0.0,2,0,0,0.9879780519039568,0,0,0,1,0,1
603,0.5121951219512195,9,0.30597953137068523,1,0,0,0.2410887239731394,1,1,0,0,1,0
670,0.17073170731707316,7,0.0,2,1,1,0.7236281064841692,1,1,0,0,0,1
550,0.7073170731707319,2,0.0,2,1,1,0.48527484374757784,0,1,0,0,0,1
693,0.6097560975609757,4,0.6071849729904282,1,1,0,0.04615540784144886,2,1,0,0,1,0
667,0.48780487804878053,1,0.3475609559243756,1,1,1,0.38931382947071447,1,0,0,1,0,1
560,0.7073170731707319,1,0.0,1,0,0,0.6444169418179436,0,0,0,1,0,1
526,0.5100518941359626,1,0.0,1,0,1,0.8424526542284787,0,1,0,0,0,1
598,0.9268292682926831,4,0.39205292475522635,1,1,1,0.22121987649820557,1,0,0,1,1,0
704,0.7804878048780488,4,0.6593842942367557,1,1,0,0.60385351801097,2,1,0,0,0,1
678,0.39024390243902446,6,0.0,2,1,1,0.6229657932332537,2,1,0,0,1,0
529,0.26829268292682934,8,0.0,2,1,0,0.09916211998245832,0,1,0,0,1,0
694,0.4634146341463415,3,0.0,2,1,1,0.7350733995096531,2,0,0,1,1,0
609,0.3658536585365854,6,0.3751589739084901,1,0,0,0.4685776491654953,1,0,1,0,0,1
604,0.6097560975609757,2,0.5782495992695681,1,1,1,0.1193615990327076,1,0,0,1,0,1
633,0.6097560975609757,3,0.5745930150365036,1,1,1,0.7932501553898397,1,0,1,0,0,1
602,0.17073170731707316,0,0.0,2,1,1,0.5063613075048666,1,1,0,0,1,0
536,0.4146341463414634,8,0.0,2,1,0,0.3241394553179829,0,1,0,0,0,1
850,0.2926829268292683,8,0.617263686622724,1,1,1,0.27092487332540255,4,0,1,0,1,0
662,0.48780487804878053,2,0.384537841639209,1,1,0,0.6012965738228001,1,1,0,0,1,0
724,0.43902439024390244,6,0.37710574042233647,2,1,1,0.05308321944745722,2,0,1,0,0,1
654,0.43902439024390244,2,0.0,2,1,1,0.733272677540705,1,0,0,1,1,0
621,0.5853658536585367,8,0.2737513067556632,1,1,1,0.3707660581585542,1,0,0,1,0,1
606,0.6829268292682928,8,0.0,2,1,1,0.9186195281649397,1,0,0,1,1,0
825,0.5365853658536586,6,0.5273384903009825,1,0,0,0.5856105258052143,4,1,0,0,0,1
527,0.5121951219512195,4,0.0,2,1,0,0.8359372820104319,0,1,0,0,0,1
637,0.2926829268292683,1,0.4869926670226944,1,1,0,0.5128233746322773,1,0,1,0,0,1
639,0.09756097560975613,4,0.0,2,1,0,0.14090035598399644,1,1,0,0,0,1
850,0.5100518941359626,10,0.6136869754568479,2,1,0,0.3140272396013819,4,1,0,0,0,1
705,0.5609756097560976,4,0.2879760463700621,2,1,1,0.7125834517196392,2,0,1,0,0,1
705,0.6341463414634148,10,0.42539813674946675,1,1,0,0.6871070687250632,2,0,1,0,1,0
622,0.5121951219512195,9,0.33263222529912445,2,0,0,0.1943723625606245,1,1,0,0,1,0
800,0.26829268292682934,2,0.0,2,0,0,0.8388899639915611,3,1,0,0,1,0
699,0.43902439024390244,6,0.5864442411658056,1,1,1,0.16839768197862895,2,0,1,0,0,1
684,0.48780487804878053,4,0.0,3,1,0,0.3780274016168544,2,1,0,0,0,1
692,0.39024390243902446,4,0.4372256480708961,1,1,1,0.18945474292794962,2,0,0,1,1,0
803,0.4634146341463415,1,0.0,2,0,0,0.03722165466802079,4,0,0,1,1,0
678,0.5365853658536586,3,0.5117551114079825,1,1,0,0.8433141365000356,2,0,0,1,1,0
521,0.34146341463414637,2,0.5442648447423415,2,1,1,0.6467699165270283,0,1,0,0,1,0
496,0.2926829268292683,0,0.3625515443341957,1,0,1,0.1389653711929489,0,1,0,0,0,1
793,0.878048780487805,2,0.5140179823608861,1,0,0,0.09311799276830937,3,0,1,0,0,1
706,0.39024390243902446,8,0.0,2,1,1,0.1873598428649936,2,1,0,0,0,1
585,0.5365853658536586,3,0.6467207861167856,2,1,0,0.685150081832815,1,0,1,0,1,0
701,0.43902439024390244,8,0.0,2,1,0,0.8458301767818825,2,0,0,1,0,1
653,0.3170731707317073,2,0.6167502112112533,2,0,0,0.12586917050578328,1,0,1,0,0,1
561,0.26829268292682934,9,0.47935052036466286,1,1,1,0.8693770755107113,0,1,0,0,0,1
651,0.34146341463414637,8,0.5762577148355335,1,1,1,0.43803143200175615,1,1,0,0,1,0
545,0.5121951219512195,6,0.0,1,0,0,0.1920141373501169,0,0,0,1,1,0
573,0.5365853658536586,7,0.5889031678160643,1,1,1,0.5522671415120144,0,1,0,0,0,1
612,0.1951219512195122,4,0.0,2,1,1,0.8989316479723812,1,0,0,1,1,0
516,0.3658536585365854,7,0.5073992392688204,1,1,1,0.6001862177837983,0,1,0,0,1,0
708,0.5100518941359626,8,0.48852779230005305,1,0,0,0.9950665288535054,2,0,0,1,1,0
774,0.43902439024390244,9,0.45834314641454627,1,1,0,0.3764985056072855,3,1,0,0,1,0
761,0.39024390243902446,2,0.0,2,1,0,0.3062275947352972,3,0,0,1,1,0
480,0.5853658536585367,1,0.6064622094173774,2,1,0,0.5088851985364602,0,1,0,0,1,0
445,0.17073170731707316,6,0.0,2,1,0,0.5971288258028642,0,1,0,0,0,1
600,0.5100518941359626,6,0.29665470948782435,2,1,1,0.48024346325074047,1,0,1,0,1,0
694,0.26829268292682934,5,0.39742777635333937,1,0,0,0.5615851813848222,2,1,0,0,1,0
684,0.39024390243902446,9,0.40107120783581895,2,1,1,0.9513518541020667,2,0,0,1,0,1
598,0.39024390243902446,0,0.41645661790410604,1,0,1,0.21621109815987424,1,0,0,1,0,1
582,0.7804878048780488,2,0.5936354477628746,1,1,1,0.5847194407065874,1,1,0,0,0,1
439,0.6097560975609757,8,0.0,1,0,1,0.5244386838943119,0,1,0,0,1,0
831,0.34146341463414637,2,0.5820435699610149,1,1,0,0.9563371301959336,4,1,0,0,1,0
785,0.48780487804878053,9,0.42726411348926574,1,0,0,0.7320045564351395,3,0,1,0,1,0
678,0.17073170731707316,10,0.30677045010585774,2,0,1,0.6575134925385374,2,0,1,0,1,0
611,0.6829268292682928,5,0.0,1,1,0,0.38836488884688486,1,1,0,0,1,0
598,0.7804878048780488,5,0.35225381747625106,3,0,1,0.32075893247805165,1,0,1,0,1,0
701,0.3658536585365854,9,0.5879293062773018,1,1,0,0.9530927203547939,2,1,0,0,0,1
689,0.2439024390243903,3,0.0,2,1,1,0.9622790976538258,2,0,0,1,1,0
705,0.3170731707317073,3,0.5695759182543001,1,1,1,0.2906447065694774,2,1,0,0,1,0
711,0.26829268292682934,3,0.5188619411172083,2,1,0,0.15901448588340183,2,1,0,0,1,0
739,0.5365853658536586,8,0.0,1,1,0,0.8351744091560744,2,0,0,1,1,0
600,0.43902439024390244,4,0.0,2,1,0,0.7181874869049993,1,0,0,1,0,1
829,0.21951219512195125,9,0.4465784095845449,1,1,1,0.5985403105996623,4,0,1,0,1,0
765,0.6341463414634148,6,0.0,2,1,1,0.7995183039980318,3,1,0,0,0,1
682,0.5100518941359626,2,0.419149783085236,2,1,1,0.820872793351765,2,0,1,0,0,1
625,0.4146341463414634,5,0.3433563802737598,2,1,0,0.8172241449058384,1,0,1,0,1,0
576,0.5609756097560976,1,0.0,1,1,1,0.941405004177899,0,1,0,0,0,1
535,0.5365853658536586,7,0.44542586992192734,1,1,0,0.04058757611351883,0,0,1,0,0,1
783,0.9756097560975612,3,0.5083310917193511,1,1,1,0.4829401707863101,3,0,1,0,1,0
729,0.5121951219512195,1,0.5241700325418979,1,1,1,0.9686096022170116,2,0,1,0,1,0
619,0.9268292682926831,7,0.0,2,1,1,0.21217341256089953,1,0,0,1,1,0
679,0.5121951219512195,6,0.0,2,1,0,0.06127825207307297,2,0,0,1,0,1
555,0.6341463414634148,3,0.4215683746337009,3,1,0,0.30264080219660977,0,1,0,0,1,0
850,0.48780487804878053,2,0.0,2,1,0,0.0450217495770846,4,1,0,0,1,0
679,0.14634146341463422,6,0.4581492031286488,2,0,1,0.6788481800011901,2,1,0,0,1,0
777,0.5100518941359626,1,0.0,2,1,0,0.10888204823560649,3,1,0,0,0,1
499,0.6829268292682928,6,0.0,2,1,0,0.3672649238002229,0,1,0,0,1,0
595,0.8292682926829269,9,0.0,1,1,1,0.531696176984902,1,1,0,0,0,1
752,0.2926829268292683,4,0.32492626787234613,1,1,1,0.18438895914559839,3,0,1,0,0,1
660,0.2926829268292683,7,0.5831104971743707,1,0,0,0.48422789376385444,1,1,0,0,0,1
721,0.5365853658536586,7,0.0,2,1,1,0.6129030322395789,2,1,0,0,1,0
565,0.7560975609756098,7,0.0,2,1,1,0.44803118697835637,0,1,0,0,0,1
644,0.3658536585365854,8,0.0,2,1,1,0.7764871045184816,1,1,0,0,0,1
689,0.6829268292682928,7,0.20731955352868572,2,1,1,0.3649452022668164,2,1,0,0,1,0
673,1.0,0,0.7096828038826443,2,0,1,0.10527070335217012,2,1,0,0,0,1
752,0.48780487804878053,0,0.581809092289224,2,1,1,0.6884789997444756,3,1,0,0,0,1
521,0.5121951219512195,3,0.5835384398502197,1,0,0,0.3649453022763674,0,0,0,1,1,0
711,0.2439024390243903,8,0.0,2,0,0,0.5257917631133773,2,1,0,0,1,0
585,0.5853658536585367,2,0.0,2,1,1,0.09323985440609578,1,1,0,0,0,1
578,0.39024390243902446,4,0.6979371983262208,1,1,1,0.37426934272223,0,1,0,0,0,1
627,0.6097560975609757,8,0.2839411810588116,1,0,1,0.6386738933568156,1,1,0,0,0,1
505,0.6585365853658538,9,0.5235404542139002,3,1,0,0.9770120546512191,0,0,0,1,1,0
717,1.0,4,0.0,2,1,1,0.8526666796679082,2,1,0,0,1,0
573,0.34146341463414637,9,0.49949300132177177,2,1,1,0.651177437445276,0,1,0,0,1,0
712,0.26829268292682934,2,0.0,1,1,1,0.7218860401168311,2,1,0,0,1,0
698,0.43902439024390244,6,0.0,2,0,1,0.09611117861755797,2,1,0,0,0,1
570,0.6097560975609757,9,0.0,2,0,1,0.05703384673236293,0,1,0,0,1,0
596,0.07317073170731708,4,0.8387193381982303,2,0,1,0.986525163153081,1,1,0,0,0,1
668,0.6829268292682928,7,0.6449076196634259,1,1,1,0.8652856847828967,1,0,1,0,1,0
789,0.6097560975609757,8,0.4769045471808893,2,0,1,0.7420741680830518,3,0,1,0,0,1
605,0.5121951219512195,3,0.0,2,1,0,0.996989562503219,1,1,0,0,0,1
593,0.4146341463414634,9,0.4551379406674639,1,1,0,0.3557465737977977,1,1,0,0,0,1
606,0.7073170731707319,3,0.3729748600318161,2,0,1,0.6886106623182513,1,1,0,0,0,1
626,0.26829268292682934,4,0.42155474360127654,2,0,0,0.20548582389618206,1,1,0,0,1,0
645,0.6585365853658538,8,0.3400820229440567,1,0,0,0.11274656729717687,1,1,0,0,1,0
504,0.6829268292682928,2,0.6527145742719684,1,1,1,0.8256336980181607,0,0,0,1,1,0
525,0.7073170731707319,6,0.4725424573778143,1,1,0,0.41259455277979046,0,0,0,1,1,0
686,0.6341463414634148,7,0.2194262220170748,1,1,0,0.9088148418173935,2,1,0,0,1,0
627,0.3658536585365854,5,0.0,2,1,1,0.518680734010098,1,1,0,0,0,1
673,0.4634146341463415,8,0.0,2,1,1,0.9166235875526112,2,0,0,1,1,0
483,0.2926829268292683,9,0.0,2,0,0,0.681792061141839,0,1,0,0,1,0
633,0.2926829268292683,2,0.4375753518091749,2,1,1,0.6985728637084841,1,0,1,0,0,1
475,0.5121951219512195,6,0.0,1,1,1,0.28496881452178685,0,1,0,0,0,1
602,0.48780487804878053,2,0.28564573767779583,2,0,0,0.6855670216505677,1,0,1,0,0,1
706,0.5100518941359626,7,0.44355929532982896,1,1,1,0.7458645800673964,2,0,1,0,1,0
651,0.6585365853658538,2,0.6612309802756968,2,1,0,0.11522565404996175,1,1,0,0,0,1
734,0.5121951219512195,6,0.0,1,1,1,0.47566387590014847,2,0,0,1,0,1
656,0.43902439024390244,8,0.38974421845937535,2,0,1,0.10734415136645549,1,1,0,0,0,1
669,0.7073170731707319,0,0.2539827226265453,2,1,1,0.9096702235063447,1,0,1,0,0,1
762,0.5100518941359626,3,0.39572632856631157,1,0,1,0.42787611216871213,3,1,0,0,1,0
742,0.902439024390244,5,0.6185625805282138,1,0,1,0.6060382766554205,3,0,1,0,0,1
619,0.8292682926829269,8,0.49461966808914337,1,0,0,0.11947610996850198,1,0,1,0,1,0
656,0.7317073170731709,9,0.0,2,1,1,0.4261858507487465,1,1,0,0,1,0
838,0.5609756097560976,5,0.0,2,1,0,0.4065484753793987,4,0,0,1,1,0
671,0.21951219512195125,5,0.0,2,0,0,0.6044651764243485,2,1,0,0,0,1
549,0.48780487804878053,8,0.42759751578818317,1,0,0,0.7872310305634187,0,1,0,0,1,0
604,0.7073170731707319,8,0.24748976765825523,3,0,0,0.04648703951227342,1,1,0,0,1,0
850,0.48780487804878053,7,0.45986376380944155,1,0,1,0.810458598796185,4,0,0,1,0,1
712,0.3658536585365854,2,0.7289337276341961,1,1,0,0.015248556237120644,2,1,0,0,0,1
821,0.5853658536585367,3,0.3499719348202292,2,1,1,0.3230420005110488,4,0,1,0,0,1
727,0.3170731707317073,2,0.20802103355988086,2,0,1,0.801936034891332,2,1,0,0,1,0
520,0.2926829268292683,4,0.578812656565062,2,0,0,0.7258162154485752,0,0,0,1,1,0
805,0.4634146341463415,5,0.0,2,1,0,0.10959661647687353,4,0,0,1,0,1
850,0.5365853658536586,9,0.3978366674692502,1,1,1,0.8199687070115196,4,1,0,0,1,0
606,0.34146341463414637,6,0.0,2,0,1,0.18266269428730442,1,1,0,0,0,1
825,0.39024390243902446,9,0.0,2,1,1,0.1596226439624984,4,1,0,0,0,1
497,0.14634146341463422,3,0.0,2,1,0,0.3819286241836095,0,0,0,1,0,1
621,0.7804878048780488,5,0.0,2,1,0,0.958816366963045,1,1,0,0,1,0
733,0.3170731707317073,6,0.6289050267381471,2,0,0,0.8900011451093579,2,0,1,0,0,1
619,0.4146341463414634,8,0.5272763535186737,1,1,0,0.32838811106460664,1,1,0,0,1,0
641,0.2926829268292683,2,0.3487689762803695,2,0,1,0.036338420319140474,1,1,0,0,0,1
742,0.5100518941359626,0,0.0,2,0,1,0.6576797084121533,3,1,0,0,0,1
602,0.3658536585365854,5,0.0,2,0,1,0.32016437569787914,1,0,0,1,0,1
615,0.12195121951219517,4,0.0,2,1,0,0.9824168708111624,1,1,0,0,1,0
687,0.7317073170731709,4,0.0,2,1,1,0.8544929540771143,2,1,0,0,0,1
850,0.024390243902439046,8,0.0,1,1,1,0.3428242897196682,4,1,0,0,0,1
674,0.5609756097560976,4,0.5046078270265031,1,1,1,0.83349634890132,2,0,0,1,1,0
498,0.6829268292682928,1,0.36611542160404653,1,1,0,0.5097646825271813,0,1,0,0,0,1
601,0.5365853658536586,10,0.39309637630162914,2,0,0,0.3898677823732166,1,1,0,0,0,1
577,0.34146341463414637,1,0.0,2,1,0,0.04945877331285137,0,1,0,0,1,0
678,0.7560975609756098,8,0.0,2,0,1,0.49044238724798217,2,0,0,1,1,0
545,0.6341463414634148,1,0.0,2,1,1,0.41305599684769895,0,0,0,1,1,0
612,0.2926829268292683,9,0.5695944118187588,1,1,0,0.5294454120368495,1,0,1,0,0,1
647,0.3658536585365854,4,0.0,1,1,0,0.7616300356684064,1,1,0,0,1,0
603,0.39024390243902446,9,0.0,2,1,0,0.8396040321850736,1,1,0,0,1,0
648,0.39024390243902446,0,0.0,1,1,1,0.8396813395679287,1,1,0,0,0,1
706,0.7317073170731709,10,0.416416561800052,3,0,1,0.791261215446075,2,0,1,0,1,0
655,0.5100518941359626,3,0.0,2,1,0,0.7982121792631195,1,1,0,0,1,0
751,0.4634146341463415,9,0.731825658776438,2,0,0,0.2486405451720639,3,1,0,0,1,0
729,0.5853658536585367,4,0.3885872546897428,2,0,0,0.009955550755097112,2,0,1,0,1,0
529,0.5121951219512195,2,0.3298806698767615,1,1,1,0.614627996973711,0,0,0,1,1,0
692,0.26829268292682934,4,0.0,1,1,0,0.38375869895575027,2,1,0,0,0,1
706,0.43902439024390244,9,0.23344609757690865,2,1,0,0.20383161591932028,2,0,1,0,0,1
648,0.5853658536585367,8,0.48617572178409174,2,1,0,0.02007911755572657,1,0,1,0,1,0
594,0.48780487804878053,6,0.25180119944316837,2,1,1,0.07227940268295621,1,0,1,0,0,1
602,0.4146341463414634,7,0.36111243413610683,2,1,1,0.2584438313858974,1,0,1,0,0,1
722,0.34146341463414637,5,0.4257012877220389,1,1,1,0.38497231485606875,2,0,1,0,1,0
568,0.2439024390243903,1,0.5073345915068544,1,0,0,0.2280214260461874,0,0,0,1,0,1
630,0.3658536585365854,9,0.0,2,1,0,0.32399599161719944,1,1,0,0,0,1
714,0.17073170731707316,2,0.0,1,1,1,0.6649027482124542,2,0,0,1,0,1
731,0.5365853658536586,5,0.6828508738348706,1,1,1,0.7986097172279951,2,0,0,1,1,0
758,0.4146341463414634,5,0.0,2,1,0,0.4750354658869922,3,0,0,1,0,1
699,0.5365853658536586,8,0.4864060144897875,1,1,0,0.510417594880311,2,1,0,0,1,0
578,0.7804878048780488,5,0.6026962580703584,2,1,0,0.8490451838150542,0,1,0,0,0,1
687,0.5121951219512195,2,0.0,3,0,0,0.9407849449622439,2,0,0,1,1,0
798,0.26829268292682934,8,0.3196680771862393,2,1,0,0.3510917292601443,3,0,1,0,1,0
544,0.48780487804878053,8,0.0,1,1,1,0.4910320935649354,0,1,0,0,0,1
492,0.7560975609756098,2,0.6028322096832225,2,1,1,0.8362116582133593,0,0,1,0,1,0
650,0.7317073170731709,7,0.5509497501555313,1,1,0,0.28794349860411667,1,0,1,0,1,0
546,0.39024390243902446,4,0.6590855673711985,2,1,1,0.1286750384661735,0,1,0,0,0,1
691,0.2439024390243903,1,0.0,2,0,0,0.46431349193848015,2,1,0,0,0,1
638,0.39024390243902446,7,0.0,2,1,1,0.9948860116141091,1,1,0,0,1,0
697,0.5853658536585367,9,0.5290564786682913,2,0,0,0.8733637562387208,2,1,0,0,0,1
728,0.3658536585365854,8,0.5177705019595805,1,0,1,0.1803791262065527,2,1,0,0,0,1
644,0.4634146341463415,2,0.7427237489133537,2,1,0,0.4640350653487408,1,1,0,0,0,1
468,0.26829268292682934,1,0.4451288568996281,2,1,1,0.9785913554744478,0,0,1,0,0,1
606,0.43902439024390244,0,0.37526614889734716,1,0,1,0.6006908159729254,1,0,0,1,0,1
593,0.5609756097560976,4,0.4770984904667868,2,1,1,0.5489109709977302,1,0,1,0,1,0
641,0.43902439024390244,1,0.0,2,1,0,0.5100977643364941,1,0,0,1,1,0
663,0.34146341463414637,3,0.4327926928419424,1,1,1,0.9118052273992165,1,0,1,0,0,1
591,0.2926829268292683,8,0.4976430470235944,2,0,0,0.2523947036942028,1,0,0,1,0,1
521,0.5609756097560976,8,0.4806196013688267,1,0,1,0.10240762992865818,0,0,1,0,0,1
803,0.6097560975609757,3,0.0,1,1,0,0.36023370231857144,4,0,0,1,0,1
505,0.4146341463414634,8,0.4660561186416366,1,1,0,0.45544979545546593,0,0,0,1,0,1
710,0.2439024390243903,6,0.0,1,1,0,0.24210012056151362,2,0,0,1,1,0
558,0.4146341463414634,1,0.0,2,0,0,0.5584332803782761,0,1,0,0,0,1
800,0.48780487804878053,9,0.0,1,1,0,0.39370164850743244,3,0,0,1,0,1
639,0.878048780487805,2,0.0,2,1,1,0.26918635729712187,1,0,0,1,1,0
741,0.48780487804878053,4,0.5102303887606319,1,1,0,0.29217215244055805,3,0,1,0,0,1
690,0.4146341463414634,6,0.44914630478055856,1,1,0,0.8848381520435201,2,1,0,0,0,1
722,0.39024390243902446,8,0.0,2,1,1,0.6672432717324503,2,1,0,0,0,1
475,0.9512195121951221,1,0.0,2,1,0,0.4462296649330011,0,1,0,0,1,0
792,0.5100518941359626,4,0.5847424346673983,1,1,0,0.08259198753480958,3,0,1,0,1,0
694,0.4634146341463415,8,0.3914658736541199,2,1,0,0.9118014770410573,2,0,1,0,1,0
576,0.5609756097560976,4,0.4488272907936446,1,0,0,0.9552092224807468,0,1,0,0,1,0
749,0.6341463414634148,0,0.28496745431581405,2,0,0,0.7554332438747899,3,0,1,0,1,0
645,0.26829268292682934,1,0.5186611026014587,2,0,1,0.9824076699324785,1,1,0,0,0,1
699,0.4146341463414634,2,0.66742500909433,2,1,1,0.27659096443710374,2,0,0,1,0,1
595,0.43902439024390244,6,0.34184564737021317,1,1,1,0.12396778892384222,1,0,0,1,0,1
511,0.9756097560975612,0,0.594334177673493,1,1,1,0.813017293151496,0,1,0,0,0,1
719,0.7317073170731709,5,0.0,2,0,0,0.39279791220061516,2,0,0,1,1,0
405,0.5121951219512195,10,0.0,1,1,0,0.8040731389847731,0,1,0,0,0,1
619,0.7560975609756098,9,0.5793586949984354,1,1,0,0.19089458043243127,1,1,0,0,1,0
776,0.26829268292682934,7,0.7101331062344876,2,1,1,0.5790899530905201,3,1,0,0,1,0
615,0.5121951219512195,4,0.5329139412739252,1,1,1,0.5407574923405185,1,1,0,0,0,1
558,0.1951219512195122,1,0.5932818779130603,2,1,1,0.12200885184535122,0,0,1,0,0,1
714,0.26829268292682934,6,0.3702185616478787,1,1,1,0.34786777137216607,2,0,1,0,0,1
624,0.1951219512195122,9,0.2976583042142728,2,0,0,0.1561137588639715,1,1,0,0,0,1
736,0.34146341463414637,7,0.0,1,0,1,0.3953929600276826,2,0,0,1,0,1
714,0.4634146341463415,9,0.5917419698173071,2,0,1,0.7564191380276816,2,1,0,0,0,1
554,0.5853658536585367,1,0.0,2,0,1,0.9174942206980766,0,0,0,1,0,1
609,0.39024390243902446,1,0.0,1,1,1,0.9059181151799997,1,1,0,0,0,1
743,0.5100518941359626,1,0.5850233455344359,1,1,0,0.9465709975302641,3,0,1,0,1,0
850,0.3658536585365854,10,0.0,1,1,0,0.024253016163043567,4,1,0,0,0,1
561,0.39024390243902446,4,0.3393480994614188,2,1,1,0.1460428970966727,0,0,0,1,0,1
800,0.5121951219512195,4,0.37964705111944064,1,1,0,0.06948043538157893,3,0,1,0,0,1
845,0.8292682926829269,0,0.0,1,1,0,0.15859104544483996,4,0,0,1,1,0
755,0.2926829268292683,6,0.6146773377190715,2,0,1,0.31341478111159615,3,0,1,0,1,0
751,0.3170731707317073,8,0.0,2,0,0,0.0877029256293976,3,1,0,0,0,1
659,0.43902439024390244,2,0.30367102435893395,2,1,1,0.7453439803501235,1,0,1,0,0,1
700,0.7073170731707319,4,0.0,1,1,0,0.6089928588180171,2,0,0,1,0,1
482,0.5100518941359626,2,0.27632522033149,1,0,0,0.5131937099993049,0,0,1,0,1,0
535,0.2926829268292683,5,0.4899389628673539,1,0,0,0.3119248388221075,0,0,0,1,1,0
783,0.48780487804878053,9,0.4549064921139894,1,1,0,0.766365187875442,3,1,0,0,0,1
416,0.5609756097560976,10,0.48700912788933554,2,1,0,0.4914970879719013,0,0,1,0,1,0
735,0.6097560975609757,10,0.4909563480535065,2,1,1,0.9834024149306257,2,0,1,0,0,1
588,0.14634146341463422,0,0.0,2,1,1,0.7029396307347351,1,1,0,0,1,0
821,0.2439024390243903,2,0.0,2,1,0,0.230326696199487,4,1,0,0,0,1
841,0.8292682926829269,3,0.44792301926252215,1,1,0,0.4275647824367227,4,0,1,0,1,0
594,0.21951219512195125,0,0.7853459546065098,1,0,0,0.7595770896120578,1,1,0,0,0,1
567,0.5365853658536586,4,0.4728166722990997,1,0,0,0.45985416607285995,0,0,0,1,0,1
479,0.4146341463414634,2,0.45074237113562726,1,1,0,0.9782844761674739,0,1,0,0,1,0
640,0.6585365853658538,8,0.4806381347901055,1,0,0,0.9756549750501172,1,0,1,0,0,1
550,0.6585365853658538,0,0.0,2,0,1,0.3519742635421683,0,0,0,1,0,1
666,0.21951219512195125,4,0.0,2,0,0,0.4437417273349605,1,1,0,0,1,0
811,0.2926829268292683,6,0.0,2,1,1,0.9029849350612983,4,1,0,0,0,1
677,0.21951219512195125,2,0.0,2,0,1,0.5734264622271427,2,1,0,0,1,0
694,0.43902439024390244,3,0.38872456143448525,1,1,1,0.5857000843580562,2,1,0,0,0,1
696,0.6097560975609757,4,0.4547319590994097,1,0,1,0.7994589483295654,2,0,1,0,0,1
627,0.9512195121951221,9,0.0,2,1,1,0.5385556320628619,1,1,0,0,1,0
635,0.5609756097560976,10,0.0,2,1,1,0.3099426995278049,1,0,0,1,1,0
684,0.5100518941359626,1,0.5054527517527136,2,1,1,0.14993556884682485,2,0,1,0,0,1
850,0.2439024390243903,9,0.0,2,1,1,0.8243441748686999,4,1,0,0,1,0
586,0.9756097560975612,7,0.6055591335908537,1,1,0,0.8148201653257885,1,1,0,0,0,1
842,0.4634146341463415,4,0.5278879564208719,2,1,0,0.4353395749294057,4,1,0,0,1,0
771,0.6585365853658538,0,0.5573002169924849,1,0,0,0.8549485975910699,3,0,0,1,0,1
568,0.6097560975609757,9,0.0,1,1,0,0.6293561535126604,0,0,0,1,1,0
544,0.853658536585366,9,0.0,1,1,0,0.6284624681657098,0,0,0,1,1,0
489,0.8292682926829269,1,0.523884059858726,1,1,0,0.18616042832090463,0,0,1,0,1,0
559,0.6097560975609757,1,0.0,2,1,1,0.9832653518411008,0,1,0,0,1,0
452,0.5100518941359626,7,0.6124529285974238,1,1,0,0.5593366666516651,0,0,1,0,0,1
776,0.6097560975609757,4,0.0,2,0,1,0.8107070225206506,3,1,0,0,1,0
580,0.4146341463414634,1,0.4069274899621596,1,0,1,0.8414517086381749,0,1,0,0,1,0
676,0.34146341463414637,5,0.0,2,1,1,0.3773051826449426,2,1,0,0,1,0
697,0.6097560975609757,7,0.4598358640354736,2,1,0,0.32066822381537435,2,0,1,0,0,1
804,0.3658536585365854,7,0.3050983767951363,1,0,1,0.49225636048242605,4,0,0,1,0,1
787,0.4146341463414634,1,0.42354567147163225,1,1,1,0.08298577514152601,3,1,0,0,1,0
611,0.8048780487804879,1,0.4897396389107626,1,1,1,0.7482558084297051,1,0,0,1,0,1
705,0.902439024390244,8,0.0,2,1,1,0.07191236763110877,2,1,0,0,1,0
725,0.7073170731707319,1,0.4180479412976002,1,0,0,0.43309626069289614,2,0,1,0,1,0
720,0.26829268292682934,7,0.4234026652016363,1,1,1,0.34949512678460787,2,0,1,0,1,0
632,0.4146341463414634,2,0.6000883864839307,2,0,0,0.3235860524680107,1,0,1,0,1,0
529,0.48780487804878053,2,0.0,1,1,0,0.731956251822049,0,1,0,0,1,0
561,0.4146341463414634,5,0.0,2,1,0,0.29987883842907,0,1,0,0,1,0
567,0.5121951219512195,5,0.0,2,0,0,0.8426311712768569,0,1,0,0,0,1
554,0.6341463414634148,7,0.3399956930720358,1,1,1,0.2903524286569367,0,1,0,0,0,1
841,0.3170731707317073,2,0.0,2,1,0,0.8662274247190606,4,1,0,0,0,1
798,0.34146341463414637,7,0.0,2,0,1,0.18861986319693527,3,1,0,0,0,1
749,0.6097560975609757,1,0.49505765468362084,1,1,1,0.8359193302960433,3,0,0,1,1,0
663,0.39024390243902446,7,0.0,2,1,1,0.9021644567056153,1,1,0,0,0,1
687,0.2926829268292683,6,0.0,2,0,0,0.896062273947162,2,1,0,0,1,0
528,0.39024390243902446,1,0.5004697325515711,1,1,1,0.8838428569928427,0,1,0,0,0,1
759,0.3170731707317073,8,0.0,2,1,1,0.49542311290728264,3,0,0,1,0,1
604,0.5365853658536586,1,0.0,2,1,0,0.6160367815126344,1,1,0,0,1,0
562,0.3658536585365854,6,0.0,2,1,0,0.5579471339512924,0,1,0,0,0,1
541,0.6829268292682928,4,0.4964052536230946,2,1,0,0.47248252208085867,0,1,0,0,0,1
701,0.6097560975609757,2,0.0,2,1,1,0.8265399845685263,2,1,0,0,0,1
647,0.34146341463414637,5,0.3867752042273419,1,1,1,0.11561679140357903,1,1,0,0,0,1
769,0.3170731707317073,7,0.5935227326760439,2,1,0,0.2690539446517142,3,0,1,0,1,0
555,0.1951219512195122,7,0.0,2,1,0,0.46559861466770075,0,1,0,0,1,0
806,0.17073170731707316,7,0.0,2,1,0,0.09226041086923802,4,0,0,1,0,1
597,0.3658536585365854,2,0.0,2,1,1,0.02344763924954833,1,0,0,1,1,0
608,0.7317073170731709,7,0.30212163034003175,1,1,0,0.6288169020141423,1,0,0,1,0,1
644,0.6341463414634148,8,0.4225728860670084,2,0,0,0.7436502185958759,1,0,1,0,1,0
471,0.1951219512195122,8,0.0,2,1,1,0.8983072383412615,0,0,0,1,0,1
738,0.5100518941359626,10,0.3308447266378154,1,1,1,0.21379266719971754,2,0,1,0,0,1
759,0.09756097560975613,5,0.0,1,1,0,0.11146859525084643,3,1,0,0,1,0
646,0.4146341463414634,6,0.3349043430342575,1,0,1,0.821298984052977,1,1,0,0,0,1
648,0.48780487804878053,10,0.3296050599667778,1,1,0,0.37421118716837454,1,1,0,0,0,1
624,0.12195121951219517,5,0.0,2,0,0,0.6620982803857768,1,1,0,0,1,0
757,0.2439024390243903,7,0.48191578501055954,2,1,1,0.6562520720728828,3,1,0,0,0,1
594,0.7560975609756098,4,0.0,2,1,1,0.11811112961287801,1,1,0,0,1,0
791,0.4146341463414634,5,0.5174554337978421,1,1,1,0.9096202687356643,3,0,1,0,0,1
472,0.024390243902439046,9,0.0,2,1,0,0.01721074362601628,0,1,0,0,0,1
584,0.43902439024390244,4,0.3296003170052032,2,0,0,0.4152724585197886,1,0,0,1,0,1
612,0.5853658536585367,5,0.5656762871331544,1,1,1,0.2150575379948785,1,0,1,0,0,1
631,0.09756097560975613,6,0.5545276171691862,1,1,1,0.31871008681329066,1,0,1,0,1,0
615,0.5609756097560976,1,0.5052785774495135,1,1,1,0.2777249227301207,1,0,0,1,0,1
748,0.5121951219512195,3,0.0,2,1,1,0.6199939094183494,3,0,0,1,0,1
758,0.5853658536585367,7,0.0,2,0,1,0.381026288010505,3,1,0,0,1,0
612,0.5121951219512195,5,0.6787153301964157,1,1,1,0.2979763067372934,1,0,0,1,0,1
610,0.9512195121951221,6,0.42622129965198224,2,0,1,0.9330935604350215,1,0,1,0,0,1
545,0.902439024390244,5,0.0,1,0,0,0.05012073653033864,0,1,0,0,1,0
553,0.34146341463414637,7,0.25541083234232675,1,0,1,0.5457921231477606,0,1,0,0,0,1
529,0.39024390243902446,9,0.0,1,1,1,0.4660277056458892,0,0,0,1,0,1
593,0.34146341463414637,9,0.5344661252702243,2,1,0,0.2696230990059551,1,0,1,0,1,0
662,0.4634146341463415,5,0.0,2,1,0,0.759373820199829,1,1,0,0,1,0
661,0.4146341463414634,2,0.467170475470738,1,1,1,0.415241905601985,1,0,1,0,0,1
529,0.6829268292682928,8,0.0,1,0,0,0.6325622096910255,0,1,0,0,0,1
654,0.43902439024390244,5,0.0,2,0,0,0.7862074328098332,1,0,0,1,1,0
631,0.39024390243902446,6,0.49911826750056176,2,0,1,0.6412384882756302,1,0,1,0,1,0
476,0.4634146341463415,4,0.0,1,1,1,0.27884792997731284,0,1,0,0,0,1
672,0.3658536585365854,2,0.0,2,1,1,0.9137193601988989,2,0,0,1,0,1
499,0.6341463414634148,6,0.30939785153406313,2,1,0,0.5411071757352827,0,0,1,0,1,0
699,0.1951219512195122,6,0.3185851673880818,1,0,0,0.7512260420870193,2,0,0,1,0,1
614,0.17073170731707316,10,0.29977223023100735,1,1,0,0.2947954529657582,1,0,0,1,1,0
625,0.9268292682926831,0,0.5919026326585428,1,1,0,0.2340848551036624,1,0,1,0,0,1
437,0.2439024390243903,2,0.43508202872329566,1,1,0,0.7649522529401558,0,0,0,1,0,1
698,0.3658536585365854,5,0.5406925576834802,2,0,1,0.19873607929557272,2,1,0,0,0,1
637,0.7317073170731709,7,0.5213550649189878,2,1,1,0.6600343832836035,1,1,0,0,1,0
745,0.5100518941359626,9,0.0,1,1,0,0.09797735683757798,3,1,0,0,1,0
712,0.6341463414634148,2,0.0,2,0,0,0.2286586368998239,2,0,0,1,1,0
646,0.5100518941359626,8,0.0,2,1,0,0.6653013862823899,1,1,0,0,1,0
850,0.5100518941359626,8,0.4097306998231832,1,1,0,0.30402893476326986,4,1,0,0,0,1
707,0.5100518941359626,7,0.5080817075968973,2,1,1,0.7300695716440919,2,1,0,0,1,0
601,0.7804878048780488,2,0.46084475971897604,1,1,0,0.9293068988088361,1,1,0,0,0,1
707,0.6097560975609757,10,0.0,2,1,0,0.5918396206837753,2,0,0,1,0,1
687,0.4146341463414634,9,0.0,2,0,1,0.36564611920438406,2,1,0,0,0,1
583,0.4146341463414634,8,0.5978352405950959,2,1,0,0.21067996993712898,1,0,1,0,0,1
678,0.21951219512195125,5,0.34715230394938446,2,1,0,0.7477682618690085,2,0,0,1,1,0
720,0.6341463414634148,3,0.3431762673043865,1,1,0,0.9007025170903821,2,1,0,0,0,1
477,0.3170731707317073,9,0.0,2,0,1,0.920335842072918,0,0,0,1,0,1
539,0.2926829268292683,0,0.0,2,1,0,0.8049172695992467,0,1,0,0,0,1
603,0.9512195121951221,6,0.41849999734952154,2,1,1,0.43704503780111004,1,0,0,1,0,1
751,0.3658536585365854,4,0.31599128554545797,1,1,0,0.5877370288862586,3,0,0,1,0,1
670,0.43902439024390244,2,0.33585923272672186,2,0,0,0.1930339847455432,1,0,1,0,1,0
507,0.5365853658536586,3,0.4787020499040069,1,1,0,0.4603611144864334,0,0,1,0,0,1
645,0.48780487804878053,7,0.23742137694232748,1,1,1,0.8386384399710172,1,1,0,0,1,0
694,0.4634146341463415,10,0.5732824430827672,1,0,1,0.16659155949393165,2,1,0,0,0,1
653,0.3658536585365854,1,0.0,2,0,0,0.2668651856252272,1,1,0,0,0,1
577,0.4634146341463415,2,0.5072232714087223,1,1,0,0.2808941753937501,0,1,0,0,0,1
464,0.4634146341463415,4,0.6217430750469245,1,0,0,0.7183379012695712,0,0,1,0,0,1
717,0.43902439024390244,2,0.39646678856742196,2,1,0,0.4713607149482775,2,1,0,0,1,0
752,0.48780487804878053,3,0.7297875005744365,1,1,1,0.35776186625822765,3,0,1,0,0,1
676,0.43902439024390244,3,0.3655332330349745,1,1,1,0.47695479918332195,2,1,0,0,1,0
699,0.4146341463414634,5,0.0,2,1,1,0.3919657327274755,2,1,0,0,0,1
661,0.5853658536585367,3,0.0,2,1,0,0.1799063310546157,1,0,0,1,1,0
807,0.6097560975609757,0,0.0,2,0,1,0.42759913571746105,4,0,0,1,1,0
762,0.2439024390243903,3,0.49883133825371095,2,1,1,0.5301128257748615,3,0,1,0,0,1
830,0.5365853658536586,8,0.3096940275631433,1,0,1,0.09751331252134578,4,0,1,0,1,0
511,0.5100518941359626,7,0.0,2,0,1,0.7915870465629467,0,1,0,0,0,1
443,0.7804878048780488,3,0.4671470396606049,1,1,0,0.21416345260972422,0,0,1,0,0,1
636,0.6585365853658538,3,0.0,2,1,1,0.7973372457069648,1,0,0,1,0,1
645,0.17073170731707316,0,0.6951043748479712,1,1,0,0.21330932104015932,1,1,0,0,0,1
717,0.3658536585365854,10,0.40727858868913674,2,1,0,0.11611283877610311,2,0,1,0,1,0
798,0.4634146341463415,8,0.0,3,0,0,0.5539113985385604,3,1,0,0,0,1
684,0.9268292682926831,3,0.5085171433548976,3,1,1,0.4029480315370118,2,0,1,0,1,0
634,0.21951219512195125,3,0.4265776594791934,1,1,0,0.8671533131414049,1,0,1,0,0,1
667,0.6341463414634148,5,0.5596163765136674,2,0,1,0.2857903429777544,1,0,1,0,1,0
733,0.5365853658536586,5,0.501099948588688,2,1,1,0.2538818457162659,2,0,1,0,0,1
775,0.7317073170731709,4,0.710028960363947,2,0,0,0.2508081021737576,3,0,0,1,0,1
660,0.2926829268292683,1,0.3365513862620477,2,1,1,0.30240087928397164,1,0,1,0,0,1
743,0.6585365853658538,10,0.576637271331958,3,1,0,0.11251504518681532,3,0,1,0,0,1
598,0.6097560975609757,5,0.0,3,1,1,0.5036037941623425,1,1,0,0,1,0
682,0.4634146341463415,8,0.5921931091623696,1,1,0,0.17585479413283966,2,1,0,0,1,0
657,0.7804878048780488,9,0.0,2,0,0,0.1858171455373988,1,1,0,0,0,1
714,0.43902439024390244,1,0.4049812017301527,2,1,1,0.0021809582815158846,2,0,1,0,1,0
619,0.48780487804878053,6,0.0,2,1,1,0.588079711612459,1,0,0,1,1,0
675,0.878048780487805,6,0.0,1,1,0,0.5513639552577271,2,1,0,0,0,1
594,0.5100518941359626,9,0.0,1,0,1,0.028540375605870354,1,1,0,0,1,0
679,0.48780487804878053,7,0.4406385477067602,2,1,0,0.23257771117141685,2,0,1,0,0,1
679,0.39024390243902446,7,0.6397632201982886,1,1,0,0.609521009256384,2,1,0,0,0,1
721,0.43902439024390244,3,0.26007798624533174,2,1,0,0.14364471807057572,2,0,1,0,1,0
520,0.6585365853658538,1,0.4905832085050947,1,1,1,0.20517369408778538,0,0,1,0,1,0
747,0.4634146341463415,9,0.5411613934566023,3,1,0,0.4273351605078285,3,0,1,0,0,1
567,1.0,3,0.0,2,1,0,0.12917293601538946,0,1,0,0,0,1
438,0.3170731707317073,8,0.31247224719805566,1,1,0,0.2246486039416764,0,0,1,0,0,1
795,0.9268292682926831,9,0.3760448714456137,1,1,0,0.1461525075644724,3,0,1,0,1,0
607,0.3658536585365854,8,0.3638996215555089,1,0,1,0.6541274191685306,1,1,0,0,1,0
752,0.5121951219512195,3,0.0,1,1,0,0.9409672123687811,3,1,0,0,0,1
657,0.5609756097560976,5,0.3820609794199709,1,1,1,0.34125408976557264,1,1,0,0,1,0
721,0.4634146341463415,1,0.0,2,1,0,0.35402990985639127,2,1,0,0,1,0
634,0.43902439024390244,1,0.0,1,1,1,0.7198144422792376,1,0,0,1,1,0
686,0.09756097560975613,8,0.0,2,0,0,0.7116693144195271,2,0,0,1,0,1
606,0.21951219512195125,2,0.5192317725495639,2,1,0,0.7376779982488327,1,0,1,0,0,1
479,0.4146341463414634,4,0.5018809828325118,1,1,1,0.10191903326767704,0,0,0,1,0,1
504,0.5365853658536586,5,0.0,2,0,0,0.7335289520149173,0,0,0,1,0,1
682,0.7317073170731709,9,0.40334308643003225,1,1,1,0.2486303441978709,2,0,0,1,1,0
691,0.8292682926829269,3,0.0,1,1,0,0.8792444678466793,2,1,0,0,0,1
849,0.5609756097560976,6,0.0,2,1,1,0.8460404468626753,4,1,0,0,1,0
850,0.5121951219512195,3,0.49641266699160613,2,1,1,0.60190018146733,4,0,1,0,0,1
575,0.6829268292682928,1,0.0,2,1,1,0.32996491164906244,0,1,0,0,0,1
769,0.1951219512195122,7,0.0,2,1,0,0.884244195320653,3,1,0,0,1,0
575,0.4634146341463415,9,0.5312613180913415,1,1,0,0.5558706356457042,0,0,0,1,1,0
786,0.5100518941359626,8,0.0,1,1,1,0.8285344250375911,3,1,0,0,1,0
640,0.3170731707317073,9,0.5534421963913715,1,1,0,0.2431691726559886,1,1,0,0,1,0
630,0.12195121951219517,4,0.5498826635148958,1,0,1,0.8728782098690424,1,0,1,0,1,0
620,0.5609756097560976,9,0.0,2,0,0,0.4442468755766176,1,1,0,0,1,0
642,0.5121951219512195,4,0.0,1,1,1,0.38408498011560105,1,1,0,0,1,0
661,0.4146341463414634,5,0.6007440311721783,2,0,1,0.5682806207992863,1,0,1,0,1,0
738,0.43902439024390244,5,0.0,2,1,1,0.48439495971865315,2,0,0,1,0,1
489,0.8048780487804879,3,0.0,2,0,1,0.8705166343385793,0,1,0,0,1,0
686,0.17073170731707316,1,0.0,2,0,1,0.08224680456983641,2,1,0,0,0,1
673,0.43902439024390244,5,0.2913057648226816,2,0,0,0.9807470613443584,2,0,1,0,0,1
604,0.39024390243902446,3,0.0,2,1,0,0.19289902185658728,1,0,0,1,1,0
600,0.6829268292682928,10,0.3806414389204797,1,0,0,0.0991624700158865,1,1,0,0,0,1
715,0.48780487804878053,2,0.38580919448211026,2,1,1,0.022717619532665368,2,0,0,1,0,1
671,0.2439024390243903,8,0.4777219308445115,2,1,0,0.6271152895101482,2,0,1,0,0,1
767,0.3658536585365854,1,0.5769402628772503,1,1,1,0.6624091100700117,3,0,1,0,1,0
806,0.7317073170731709,4,0.6564485205925642,1,1,1,0.1071497828042578,4,1,0,0,0,1
660,0.8292682926829269,4,0.34632324223751565,1,1,0,0.4543742927449571,1,0,1,0,1,0
558,0.5365853658536586,6,0.0,2,1,0,0.8692495633332984,0,1,0,0,0,1
545,0.4634146341463415,9,0.4403535315872672,1,1,1,0.6369762812348578,0,0,1,0,0,1
580,0.34146341463414637,9,0.5667169487021604,2,0,1,0.6401462339653436,0,0,0,1,0,1
710,0.6585365853658538,9,0.431375822749388,1,1,1,0.9429025471932568,2,0,1,0,0,1
461,0.2439024390243903,8,0.0,1,1,1,0.5167401486841994,0,1,0,0,1,0
471,0.12195121951219517,6,0.4168726433907887,2,1,0,0.6586861545277574,0,0,1,0,0,1
620,0.5853658536585367,4,0.4261527459216609,1,0,1,0.59873467916186,1,0,0,1,0,1
657,0.48780487804878053,7,0.0,2,1,0,0.9291695356906583,1,1,0,0,0,1
662,0.3658536585365854,3,0.0,2,0,1,0.34029874853048464,1,0,0,1,0,1
502,0.3658536585365854,6,0.4991714763552007,2,1,1,0.7936982481827014,0,0,1,0,1,0
666,0.3170731707317073,3,0.4910841688750999,2,1,1,0.5607822047005488,1,0,1,0,0,1
545,0.4634146341463415,9,0.38194443807842465,2,0,1,0.5246766066159319,0,0,1,0,0,1
530,0.5853658536585367,0,0.3983627376358266,1,0,1,0.48668167810025853,0,0,1,0,1,0
610,0.5853658536585367,6,0.0,2,1,0,0.7915306411762323,1,0,0,1,0,1
484,0.39024390243902446,4,0.5908755224083213,1,0,1,0.16864955603260107,0,0,1,0,1,0
709,0.39024390243902446,2,0.44507983301108434,1,1,0,0.28511762873354407,2,1,0,0,1,0
600,0.21951219512195125,6,0.0,2,1,1,0.8601803472231597,1,0,0,1,1,0
623,0.6097560975609757,4,0.49237728354169624,2,0,0,0.7745586703530186,1,0,0,1,1,0
670,0.4146341463414634,3,0.412378667370485,2,1,1,0.8731607868551446,1,1,0,0,1,0
622,0.39024390243902446,7,0.39329012030342686,1,1,0,0.6945426788258279,1,0,1,0,1,0
613,0.26829268292682934,0,0.0,2,0,1,0.6694926365467903,1,0,0,1,0,1
593,0.34146341463414637,6,0.39522935387830177,1,1,0,0.6419239537375819,1,1,0,0,0,1
811,0.6585365853658538,5,0.0,2,1,1,0.7306278249572834,4,1,0,0,1,0
594,0.7804878048780488,7,0.32407715818004035,1,1,1,0.9193699498302088,1,1,0,0,0,1
717,0.853658536585366,6,0.0,2,0,1,0.4880630600222321,2,1,0,0,0,1
671,0.7073170731707319,7,0.4567741428402265,2,1,0,0.7659868517443416,2,0,1,0,1,0
741,0.024390243902439046,8,0.4332897472435921,2,1,0,0.12424021494052681,3,0,1,0,1,0
760,0.39024390243902446,6,0.23118314691036512,1,1,0,0.4517157388530605,3,0,1,0,1,0
645,0.43902439024390244,4,0.23871783958179996,2,1,0,0.21996130630475208,1,0,0,1,0,1
762,0.1951219512195122,7,0.49306656738598537,2,1,1,0.8482959622643962,3,0,0,1,1,0
550,0.5853658536585367,10,0.5129864081468297,1,1,0,0.3154354740877754,0,0,1,0,1,0
636,0.39024390243902446,8,0.0,2,1,0,0.192811163466111,1,1,0,0,0,1
667,0.43902439024390244,9,0.0,2,1,1,0.20027267604056187,1,1,0,0,0,1
651,0.12195121951219517,4,0.4608885225072858,2,1,0,0.3519800140913457,1,0,0,1,0,1
745,0.39024390243902446,7,0.5298746196114925,1,1,1,0.15897188181471328,3,0,0,1,0,1
480,0.17073170731707316,3,0.6948253372514714,2,0,0,0.9082644892587242,0,0,1,0,1,0
718,0.3658536585365854,4,0.2811542327803293,1,0,0,0.44294840157235016,2,0,1,0,1,0
683,0.48780487804878053,3,0.5028051030599715,1,0,0,0.07684318852450409,2,0,0,1,0,1
593,0.5100518941359626,4,0.6442366699563158,1,1,1,0.0999939494221698,1,0,0,1,0,1
793,0.17073170731707316,3,0.40220939904325304,1,0,0,0.05284574676881641,3,0,0,1,0,1
550,0.6585365853658538,8,0.44343737331758887,1,0,0,0.488105814105247,0,0,1,0,1,0
726,0.7804878048780488,9,0.376664286284523,1,0,1,0.02533901987639819,2,0,1,0,0,1
572,0.5100518941359626,9,0.3881357964901208,1,1,1,0.9788953345044452,0,0,1,0,1,0
711,0.5100518941359626,8,0.5789702902879812,1,0,1,0.6573714289714667,2,0,1,0,1,0
508,0.5609756097560976,5,0.32747040840366703,2,1,0,0.9389142163076573,0,0,1,0,1,0
609,0.5365853658536586,10,0.547591932644844,2,1,0,0.8506344355885986,1,0,1,0,1,0
616,0.6097560975609757,3,0.4817381431640233,1,1,0,0.09376065414247059,1,0,0,1,1,0
618,0.48780487804878053,5,0.5040851048328029,1,1,0,0.459848465528458,1,0,0,1,0,1
731,0.1951219512195122,3,0.0,2,1,0,0.1884465466452046,2,0,0,1,1,0
461,0.4146341463414634,5,0.0,1,1,1,0.27101308174930705,0,1,0,0,1,0
757,0.6829268292682928,0,0.0,2,1,0,0.18726023335228514,3,1,0,0,0,1
665,0.12195121951219517,9,0.5726344907607707,1,1,1,0.5757337325714605,1,1,0,0,1,0
725,0.6829268292682928,6,0.0,2,1,0,0.8088562457714712,2,1,0,0,0,1
576,0.6829268292682928,4,0.5475049252068839,1,1,1,0.1672086184230594,0,0,1,0,0,1
656,0.6585365853658538,5,0.5096268369360644,1,1,0,0.43552154230729034,1,1,0,0,0,1
716,0.6341463414634148,3,0.4365448935860772,1,1,0,0.13666330134527846,2,1,0,0,1,0
530,0.8292682926829269,1,0.4253650555889047,1,0,0,0.5497966055758324,0,1,0,0,0,1
772,0.43902439024390244,3,0.4465152763817374,1,1,1,0.9347731208330395,3,0,0,1,0,1
606,0.5365853658536586,6,0.476296491535667,2,1,0,0.23383913163707132,1,1,0,0,0,1
503,0.5853658536585367,8,0.41622508963699173,1,1,1,0.7378011100060055,0,1,0,0,0,1
710,0.6829268292682928,10,0.4803956060406837,1,1,0,0.8329565973550473,2,0,1,0,1,0
640,0.6097560975609757,9,0.6874430570595417,1,1,0,0.9554553459855415,1,0,0,1,0,1
697,0.2926829268292683,1,0.0,2,0,0,0.0036213958433030345,2,0,0,1,0,1
656,0.5100518941359626,7,0.6119819804128441,1,1,1,0.932904592388573,1,0,1,0,0,1
507,0.34146341463414637,7,0.0,2,1,0,0.3396054323187864,0,0,0,1,0,1
562,0.4146341463414634,7,0.0,1,0,0,0.24431378196617773,0,1,0,0,0,1
489,0.3170731707317073,7,0.5555844606070935,1,0,1,0.030549217450266498,0,1,0,0,1,0
698,0.7073170731707319,6,0.0,1,1,0,0.2510351238543281,2,0,0,1,1,0
676,0.4634146341463415,10,0.42344949696508255,1,1,1,0.8334130909501857,2,1,0,0,0,1
554,0.1951219512195122,8,0.5944025321197145,1,1,1,0.8898582814658799,0,0,0,1,0,1
607,0.43902439024390244,8,0.5716334468707992,1,1,0,0.48938393616590387,1,0,1,0,0,1
586,0.26829268292682934,2,0.5279045368579729,1,1,1,0.18084252046070395,1,0,0,1,0,1
547,0.7804878048780488,3,0.32399616912189333,3,0,1,0.8887621267831077,0,0,1,0,0,1
752,0.5853658536585367,3,0.25925298992909834,2,0,1,0.7007054173673586,3,0,1,0,1,0
562,0.48780487804878053,5,0.0,1,1,0,0.5784983465920995,0,1,0,0,0,1
665,0.5121951219512195,10,0.18463101891289807,1,1,0,0.6840675284489668,1,1,0,0,0,1
450,0.17073170731707316,9,0.2958858714309065,2,0,1,0.9773521871338713,0,0,0,1,0,1
708,0.8292682926829269,10,0.41991475503061826,1,1,0,0.0005575032415595688,2,1,0,0,0,1
640,0.26829268292682934,5,0.7859766489254663,2,1,0,0.7072777450246498,1,0,0,1,0,1
652,0.5365853658536586,4,0.3185650396940049,2,1,1,0.16758110399543155,1,1,0,0,1,0
755,0.26829268292682934,9,0.4664678395917642,1,1,1,0.10926348466278528,3,1,0,0,0,1
510,0.6341463414634148,4,0.4905214304341656,1,1,0,0.14226213603399124,0,0,1,0,1,0
618,0.34146341463414637,5,0.5319932487329816,1,0,1,0.7742330392552488,1,0,0,1,0,1
682,0.6341463414634148,3,0.4594785875014035,1,0,0,0.11878544400990294,2,1,0,0,0,1
596,0.878048780487805,1,0.492407096443022,1,1,1,0.6015733002501739,1,0,1,0,0,1
649,0.6829268292682928,5,0.0,2,1,1,0.3847118399807182,1,1,0,0,0,1
528,0.5100518941359626,2,0.5112144137884829,2,1,0,0.25382214001437137,0,1,0,0,0,1
502,0.5365853658536586,7,0.46753759663933675,1,0,0,0.9814274263192134,0,0,1,0,1,0
739,0.4634146341463415,7,0.4183390156537263,1,0,1,0.4043998201828275,2,1,0,0,0,1
706,0.12195121951219517,2,0.37187198196686155,2,0,1,0.6359380320820638,2,0,1,0,0,1
473,0.5121951219512195,9,0.4667363549877961,2,1,1,0.42967073355505453,0,1,0,0,1,0
724,0.5609756097560976,2,0.5097391135978756,2,0,1,0.9982646842773485,2,0,1,0,0,1
576,0.5121951219512195,1,0.0,2,1,1,0.34404610640316147,0,1,0,0,0,1
557,0.39024390243902446,3,0.0,1,0,1,0.6171409369594796,0,0,0,1,0,1
514,0.4146341463414634,3,0.48239067902031463,1,1,0,0.04999027407117379,0,1,0,0,0,1
673,0.2926829268292683,1,0.25547324812237515,1,1,1,0.38889598956700366,2,1,0,0,0,1
822,0.34146341463414637,8,0.4637659856238842,1,1,0,0.543985850648737,4,1,0,0,0,1
520,0.9756097560975612,3,0.0,2,0,1,0.16390785319998055,0,1,0,0,0,1
526,0.4634146341463415,5,0.21352565896376496,1,1,0,0.3141269491236413,0,1,0,0,1,0
745,0.7073170731707319,5,0.0,2,0,0,0.7289602657053748,3,1,0,0,0,1
524,0.34146341463414637,6,0.0,1,1,1,0.6643150420865191,0,0,0,1,1,0
668,0.2926829268292683,8,0.0,2,1,0,0.6923367181565839,1,0,0,1,1,0
668,0.5121951219512195,4,0.3184400487066283,1,1,0,0.19229241392552987,1,0,1,0,0,1
714,0.5100518941359626,4,0.0,2,0,0,0.4124856923836226,2,1,0,0,1,0
750,0.48780487804878053,5,0.6039599584038284,1,1,1,0.23274007667732266,3,1,0,0,0,1
667,0.2439024390243903,6,0.6608185020459901,1,1,0,0.7354668370829414,1,1,0,0,0,1
641,0.4146341463414634,4,0.0,2,0,0,0.6299331586166478,1,1,0,0,1,0
601,0.39024390243902446,5,0.0,2,1,0,0.13506784897957752,1,1,0,0,1,0
699,0.5365853658536586,7,0.0,1,0,1,0.7643957497941053,2,1,0,0,0,1
850,0.5365853658536586,6,0.49736600226809224,1,1,0,0.3280340272496023,4,1,0,0,0,1
654,0.2439024390243903,7,0.0,2,1,0,0.7565962049375715,1,1,0,0,1,0
698,0.9268292682926831,1,0.4480496842363368,2,0,0,0.4698970751706788,2,0,1,0,0,1
716,0.6341463414634148,6,0.6182386641524453,1,0,0,0.6693651743741527,2,1,0,0,1,0
544,0.6585365853658538,6,0.0,2,0,1,0.7570210455098461,0,1,0,0,1,0
573,0.6341463414634148,8,0.0,2,0,0,0.31209420499657714,0,0,0,1,0,1
571,0.48780487804878053,6,0.4272404783950329,2,0,0,0.19477540105080035,0,1,0,0,1,0
595,0.12195121951219517,10,0.40305870801965854,2,0,0,0.1851737840963812,1,0,0,1,1,0
795,0.5100518941359626,7,0.5018101971202731,2,1,1,0.6353473756743768,3,0,1,0,0,1
545,0.1951219512195122,1,0.0,2,1,1,0.9982302309870592,0,1,0,0,1,0
637,0.6341463414634148,2,0.0,2,1,0,0.7483418166434894,1,1,0,0,1,0
545,0.4634146341463415,8,0.4573732705577791,1,1,0,0.6802592647597845,0,0,1,0,1,0
665,0.5365853658536586,6,0.0,1,1,1,0.8092595342855242,1,1,0,0,1,0
754,0.902439024390244,3,0.6441213243193682,1,1,0,0.04035020344442894,3,0,1,0,1,0
605,0.3658536585365854,9,0.5107763873371854,1,0,0,0.7391267366033456,1,1,0,0,0,1
705,0.7560975609756098,7,0.0,1,1,0,0.3169983733446544,2,1,0,0,1,0
593,0.43902439024390244,2,0.27972106124841367,2,1,0,0.40302118852350394,1,1,0,0,0,1
684,0.0,9,0.36087959059393404,1,0,1,0.02383052581521535,2,0,1,0,0,1
553,0.5100518941359626,4,0.47064084864097616,1,0,0,0.4721894440919107,0,1,0,0,0,1
568,0.3170731707317073,1,0.24548668345781352,2,1,1,0.30895480518389506,0,0,1,0,1,0
768,0.6341463414634148,6,0.24154588024165513,1,1,1,0.8902569695405911,3,0,0,1,1,0
573,0.43902439024390244,1,0.0,1,1,1,0.28449616938417616,0,1,0,0,1,0
850,0.6097560975609757,0,0.4324816502190193,3,1,0,0.9202539842554963,4,0,1,0,0,1
699,0.39024390243902446,8,0.0,1,1,1,0.38253093170397773,2,0,0,1,0,1
648,0.5121951219512195,3,0.5059264500578702,2,0,1,0.2899484900808027,1,0,1,0,1,0
850,0.4146341463414634,2,0.0,2,1,1,0.28492761058681104,4,1,0,0,0,1
635,0.5853658536585367,1,0.5849654734318623,2,0,1,0.8218060824808769,1,1,0,0,0,1
762,0.5121951219512195,2,0.32392885095299057,1,1,1,0.09354938396616876,3,0,0,1,0,1
850,0.2926829268292683,5,0.49107811063846685,2,1,1,0.51089224020894,4,0,1,0,0,1
693,0.2439024390243903,8,0.0,2,1,1,0.7927440570574489,2,1,0,0,1,0
714,0.6585365853658538,9,0.4242039865668169,2,1,1,0.8206089181516835,2,0,1,0,1,0
644,0.5121951219512195,9,0.0,1,1,0,0.018648530934704262,1,1,0,0,1,0
501,0.5853658536585367,9,0.4568836295246409,1,0,1,0.45713445634058053,0,1,0,0,0,1
627,0.2926829268292683,3,0.5132397779512791,2,1,1,0.20095634133059706,1,0,1,0,0,1
568,0.8048780487804879,4,0.0,3,1,1,0.33290669258914224,0,1,0,0,0,1
616,0.2439024390243903,10,0.41919007833020977,1,0,1,0.14913319221985696,1,0,1,0,1,0
764,0.14634146341463422,7,0.3911891477531774,1,1,0,0.13417371358964778,3,1,0,0,0,1
699,0.853658536585366,4,0.0,2,0,1,0.5565351491067396,2,1,0,0,0,1
637,0.3658536585365854,0,0.5271303181303613,2,0,1,0.37291976383744646,1,1,0,0,0,1
834,0.5365853658536586,7,0.0,2,0,0,0.22515730252239086,4,0,0,1,0,1
625,0.5121951219512195,5,0.0,2,1,0,0.16303371972023326,1,1,0,0,1,0
655,0.6341463414634148,8,0.34863410080164425,1,0,1,0.9430020566964145,1,1,0,0,0,1
606,0.7317073170731709,4,0.5277184852224264,1,0,0,0.1804188800030403,1,0,1,0,0,1
849,0.7560975609756098,9,0.5298361976370567,1,1,0,0.8553070318215389,4,0,1,0,1,0
688,0.34146341463414637,5,0.0,2,0,1,0.8880657602801066,2,1,0,0,1,0
644,0.2926829268292683,5,0.17907222809069612,1,1,1,0.05380453833341083,1,1,0,0,0,1
698,0.3170731707317073,8,0.7376630886269403,1,0,0,0.5766858735009194,2,0,0,1,1,0
829,0.09756097560975613,7,0.5983562489455381,1,1,0,0.760554382943571,4,1,0,0,1,0
592,0.5100518941359626,10,0.49098624066847224,1,0,1,0.7305686193031434,1,0,1,0,0,1
720,0.5100518941359626,4,0.0,2,1,0,0.8173752093324912,2,1,0,0,0,1
542,0.4146341463414634,9,0.5083462771677537,2,1,0,0.0022870184102581795,0,0,1,0,1,0
610,0.43902439024390244,7,0.4601948942696217,1,0,1,0.21286762885855598,1,0,1,0,0,1
551,0.6097560975609757,7,0.0,2,1,0,0.8919956855879736,0,1,0,0,0,1
486,0.21951219512195125,7,0.0,2,1,0,0.14407105878611406,0,0,0,1,0,1
789,0.8048780487804879,3,0.4172095929466821,1,1,0,0.37130445957588953,3,0,1,0,0,1
823,0.4634146341463415,5,0.6570722798248485,1,1,1,0.8676085066123814,4,1,0,0,0,1
466,0.7073170731707319,5,0.4068812161941927,1,1,1,0.9177109413949031,0,0,1,0,1,0
573,0.4146341463414634,9,0.8245131718619302,2,0,1,0.5149220250533926,0,0,1,0,1,0
601,0.5100518941359626,4,0.3856700941804699,1,1,1,0.9962504919219785,1,0,0,1,1,0
555,0.21951219512195125,8,0.4065402410994839,1,1,1,0.5837828512622956,0,1,0,0,1,0
493,0.48780487804878053,3,0.5341083704543148,1,1,0,0.4478764722030954,0,1,0,0,0,1
681,0.4634146341463415,7,0.2774427258493678,1,1,1,0.3606156887982802,2,1,0,0,1,0
545,0.6585365853658538,6,0.3738427024295004,2,1,1,0.8116259102744312,0,0,1,0,0,1
728,0.4634146341463415,0,0.0,2,1,1,0.3609955750774199,2,1,0,0,0,1
663,0.5121951219512195,4,0.0,1,1,0,0.38439906011024055,1,1,0,0,0,1
490,0.5609756097560976,0,0.5566365212266065,1,1,1,0.8812968638504977,0,0,1,0,1,0
663,0.26829268292682934,4,0.4093879311715765,2,0,0,0.10580625449730449,1,0,1,0,1,0
845,0.5609756097560976,2,0.32576469593690416,2,0,0,0.9988439395962314,4,0,1,0,1,0
641,0.5853658536585367,6,0.0,2,0,0,0.6056937937573038,1,1,0,0,1,0
619,0.5365853658536586,9,0.412933833015628,2,0,0,0.7047446531143723,1,0,1,0,0,1
469,0.7317073170731709,5,0.0,1,1,0,0.8026673047276014,0,1,0,0,1,0
699,0.3170731707317073,6,0.4563353989661699,1,0,0,0.6919897850244698,2,0,0,1,0,1
465,0.5609756097560976,9,0.46720622703823694,1,1,0,0.8414272062982014,0,1,0,0,0,1
560,0.6097560975609757,4,0.37919953874499407,2,1,0,0.615908119225386,0,0,0,1,1,0
478,0.7804878048780488,2,0.0,1,0,1,0.4666498650621134,0,1,0,0,1,0
654,0.34146341463414637,2,0.0,1,1,1,0.25983151390957837,1,0,0,1,1,0
751,0.5121951219512195,3,0.0,2,1,1,0.42085899203373917,3,1,0,0,1,0
614,0.2926829268292683,3,0.5234974885619895,2,1,0,0.27385145281374373,1,0,1,0,1,0
671,0.39024390243902446,10,0.0,1,1,0,0.11613009042363545,2,0,0,1,1,0
605,0.5609756097560976,5,0.3651399259356658,1,1,1,0.14209487006009072,1,1,0,0,0,1
621,0.6097560975609757,8,0.0,1,0,0,0.5140241893100791,1,0,0,1,1,0
621,0.3658536585365854,4,0.0,2,1,1,0.20145748919021766,1,0,0,1,0,1
750,0.8292682926829269,6,0.42833151898446103,1,1,0,0.6311682765704124,3,0,1,0,1,0
556,0.5100518941359626,2,0.46019943794709645,1,1,0,0.7534123008747334,0,0,0,1,0,1
538,0.2439024390243903,6,0.6551083748784219,1,0,1,0.02843966598810186,0,0,1,0,1,0
572,0.14634146341463422,1,0.0,2,1,1,0.7573186239285851,0,1,0,0,0,1
659,0.3170731707317073,7,0.5963412475559301,2,1,1,0.5226595639883609,1,0,0,1,0,1
675,0.48780487804878053,1,0.4145782058364813,1,0,0,0.11029678334280923,2,1,0,0,1,0
635,0.5100518941359626,8,0.4663469140000229,1,0,1,0.6182339913461735,1,0,1,0,0,1
729,0.5121951219512195,4,0.4838802878092855,1,1,1,0.7981091694256801,2,1,0,0,0,1
649,0.9268292682926831,8,0.6256494818274624,1,1,0,0.44701108955905283,1,1,0,0,1,0
736,0.6097560975609757,4,0.8068752934707475,1,1,0,0.3618518068475539,2,1,0,0,0,1
654,0.878048780487805,5,0.0,2,0,1,0.2356599055209772,1,0,0,1,1,0
700,0.5100518941359626,4,0.3820411307236337,2,1,0,0.9647010789530399,2,0,1,0,0,1
669,0.17073170731707316,1,0.6291340440256042,1,0,0,0.18767967340881053,1,1,0,0,0,1
750,0.4634146341463415,1,0.5308916859430856,2,1,1,0.13678901335077498,3,0,1,0,1,0
610,0.7560975609756098,6,0.4538987522782657,1,1,0,0.9791046544945041,1,0,1,0,0,1
589,0.7804878048780488,4,0.0,2,0,1,0.9104138945269272,1,1,0,0,1,0
760,0.2439024390243903,1,0.5621348891097577,2,0,0,0.0813867724367677,3,0,0,1,0,1
687,0.5121951219512195,7,0.0,2,1,0,0.13419616573382756,2,1,0,0,0,1
641,0.5609756097560976,6,0.0,2,1,0,0.32695727441970707,1,1,0,0,0,1
756,0.1951219512195122,5,0.40510926169266576,2,0,1,0.7723192564889946,3,1,0,0,1,0
432,0.48780487804878053,7,0.0,2,1,0,0.752918403707554,0,0,0,1,0,1
411,0.878048780487805,9,0.0,1,0,1,0.38308613472586633,0,1,0,0,1,0
656,0.48780487804878053,10,0.0,1,1,1,0.6826163898652321,1,1,0,0,0,1
587,0.43902439024390244,1,0.5380570653208241,2,1,0,0.2234038350662488,1,1,0,0,1,0
591,0.21951219512195125,5,0.4297070176979028,1,0,1,0.8125288465048411,1,0,0,1,1,0
697,0.39024390243902446,2,0.5044236088046745,1,1,0,0.36664926500480793,2,1,0,0,1,0
645,0.6585365853658538,4,0.0,1,0,1,0.8746098752430856,1,0,0,1,0,1
642,0.34146341463414637,7,0.40029718839230705,1,1,1,0.19880403578541747,1,0,0,1,0,1
548,0.4634146341463415,9,0.0,2,0,0,0.4901368080651702,0,1,0,0,1,0
674,0.6585365853658538,7,0.5774821960581685,1,1,1,0.5129505867810376,2,1,0,0,0,1
527,0.9756097560975612,3,0.5473075542344704,1,1,1,0.6307271344413391,0,0,1,0,0,1
640,0.6829268292682928,8,0.0,2,1,0,0.44520056665411545,1,0,0,1,1,0
660,0.3658536585365854,4,0.0,1,1,0,0.14827851059776206,1,0,0,1,0,1
646,0.5121951219512195,9,0.44470011708738005,1,1,1,0.1541493712649558,1,0,1,0,0,1
717,0.5121951219512195,6,0.0,2,1,0,0.46636468782768753,2,0,0,1,1,0
515,0.4146341463414634,10,0.7025719087777832,1,0,1,0.6063889101409184,0,0,0,1,0,1
806,0.3170731707317073,9,0.0,2,0,1,0.7008508312543846,4,1,0,0,0,1
553,0.17073170731707316,7,0.5122565500598272,2,1,0,0.10336427128790798,0,0,1,0,1,0
466,0.2926829268292683,3,0.0,1,1,0,0.969957730963307,0,1,0,0,1,0
578,0.48780487804878053,4,0.4509816714826327,2,1,0,0.8835894327908315,0,0,1,0,1,0
621,0.7804878048780488,3,0.6500080969129738,1,0,1,0.6552464760384616,1,0,0,1,0,1
502,0.4146341463414634,6,0.0,2,1,1,0.403072943466101,0,1,0,0,1,0
850,0.43902439024390244,6,0.0,2,1,1,0.9510076712326027,4,1,0,0,1,0
688,0.878048780487805,9,0.0,1,1,0,0.9560965572212146,2,1,0,0,1,0
743,0.2926829268292683,1,0.5062748385210905,1,1,1,0.6939128186741834,3,1,0,0,1,0
662,0.48780487804878053,4,0.0,2,1,0,0.6813054146671006,1,0,0,1,0,1
709,0.5365853658536586,9,0.5243947054359801,1,1,1,0.5198446451636131,2,1,0,0,1,0
592,0.3170731707317073,7,0.4965889935630838,1,1,0,0.4303815514381623,1,0,1,0,0,1
512,0.34146341463414637,2,0.49184850311136297,2,1,0,0.40058130551467663,0,0,1,0,1,0
823,0.6829268292682928,3,0.3251389837204421,1,1,1,0.14181039289252123,4,0,0,1,1,0
644,0.878048780487805,6,0.0,1,0,1,0.42309435551095126,1,0,0,1,0,1
680,0.39024390243902446,1,0.0,2,1,0,0.8351972113336823,2,1,0,0,1,0
705,0.4146341463414634,3,0.0,2,0,1,0.3316288205523627,2,1,0,0,1,0
567,0.6341463414634148,9,0.0,2,1,0,0.4383697143077163,0,0,0,1,0,1
699,1.0,3,0.425749155762804,1,0,1,0.8178714567241171,2,0,1,0,0,1
748,0.7560975609756098,7,0.11798447728318699,1,0,0,0.817773097330795,3,1,0,0,1,0
718,0.5121951219512195,2,0.0,1,1,1,0.26065944297680427,2,0,0,1,1,0
759,0.48780487804878053,1,0.0,2,1,0,0.10384396709885793,3,0,0,1,0,1
555,0.4146341463414634,1,0.0,2,1,0,0.5083256450991069,0,0,0,1,1,0
726,0.39024390243902446,9,0.0,2,0,0,0.07055688818282145,2,1,0,0,0,1
692,0.5100518941359626,4,0.6366410362071708,1,1,1,0.590939284701689,2,1,0,0,0,1
510,0.5100518941359626,9,0.4118197153274463,1,1,1,0.23060262255045352,0,1,0,0,0,1
663,0.6097560975609757,4,0.3492415187377473,2,1,0,0.7470200904186348,1,1,0,0,0,1
729,0.39024390243902446,9,0.2124366909289744,2,1,1,0.21424241015016932,2,0,0,1,1,0
829,0.5100518941359626,8,0.404309016461624,2,1,1,0.0965738228000774,4,0,0,1,1,0
745,0.902439024390244,9,0.43891760993477474,1,0,1,0.257707411057756,3,1,0,0,1,0
559,0.43902439024390244,1,0.4159335768558462,2,0,1,0.2708882698297687,0,0,1,0,1,0
585,0.878048780487805,8,0.3471741056298994,1,1,1,0.2766992247759661,1,1,0,0,0,1
755,0.6585365853658538,7,0.5406298629056921,1,0,0,0.7181082793406769,3,0,1,0,1,0
681,0.6341463414634148,4,0.3631584441316393,2,0,0,0.12099785529518067,2,0,1,0,1,0
563,0.14634146341463422,7,0.0,2,0,0,0.08154768780418528,0,0,0,1,0,1
576,0.902439024390244,9,0.0,2,1,1,0.4722420491156905,0,1,0,0,0,1
684,0.9268292682926831,8,0.31370171052318496,1,1,1,0.49698136172004426,2,0,0,1,0,1
542,0.48780487804878053,8,0.26282487841976,1,1,1,0.34044076209277985,0,1,0,0,0,1
796,0.6341463414634148,8,0.6589376587123482,1,1,1,0.28599716272904063,3,1,0,0,0,1
664,0.878048780487805,8,0.0,1,1,1,0.8136182505429268,1,1,0,0,0,1
638,0.43902439024390244,6,0.0,1,1,0,0.821258080146654,1,1,0,0,1,0
679,0.5100518941359626,4,0.31068267598210897,1,1,1,0.6057572498173576,2,0,1,0,1,0
697,0.7317073170731709,1,0.0,2,1,1,0.43698648220905095,2,1,0,0,1,0
445,0.3170731707317073,7,0.5781494390810229,1,1,1,0.8794937416523277,0,1,0,0,0,1
495,0.2926829268292683,10,0.5171661131417941,1,0,0,0.8637728403062491,0,1,0,0,0,1
850,0.9512195121951221,8,0.5052900163568405,2,1,1,0.6614977230325495,4,0,0,1,1,0
619,0.26829268292682934,4,0.39440662940080573,1,0,1,0.6585675432003757,1,0,1,0,0,1
651,0.5100518941359626,5,0.586043998979825,1,0,0,0.7088260928918712,1,0,1,0,0,1
600,0.9756097560975612,8,0.4731925619680884,1,0,0,0.030992609794235345,1,0,1,0,1,0
518,0.5853658536585367,7,0.6019457940074394,2,1,0,0.5968859026036987,0,1,0,0,0,1
647,0.34146341463414637,9,0.32267427783129005,1,1,1,0.642957152408055,1,0,0,1,0,1
614,0.48780487804878053,2,0.46333106800454327,1,1,0,0.5256969040543371,1,1,0,0,0,1
513,0.5853658536585367,10,0.0,2,0,1,0.36573327752800394,0,0,0,1,1,0
621,0.902439024390244,7,0.5222588980250906,1,0,1,0.378406187790934,1,0,1,0,1,0
417,0.39024390243902446,7,0.0,2,1,0,0.274987311288228,0,1,0,0,0,1
687,0.26829268292682934,4,0.314626348889304,1,1,0,0.6106732192924423,2,0,1,0,1,0
591,0.5100518941359626,7,0.5389311652392412,1,1,1,0.6101148159649246,1,0,0,1,0,1
686,0.5121951219512195,3,0.5166487716187876,2,1,1,0.516094186994858,2,0,1,0,0,1
625,0.7560975609756098,6,0.6912563583086664,1,1,0,0.8279258169155154,1,1,0,0,0,1
717,0.43902439024390244,2,0.4104847111430781,2,0,1,0.24589343282283455,2,0,0,1,0,1
616,0.2926829268292683,5,0.0,2,0,1,0.9805782952271942,1,0,0,1,0,1
503,0.4634146341463415,8,0.0,2,1,1,0.48945544299480603,0,1,0,0,1,0
680,0.3170731707317073,1,0.0,2,1,1,0.01568459787909745,2,1,0,0,0,1
775,0.34146341463414637,2,0.43323948779362975,2,1,1,0.8053676626117794,3,1,0,0,1,0
702,0.48780487804878053,2,0.0,1,1,1,0.8094625536738759,2,0,0,1,1,0
600,0.6097560975609757,5,0.5341693115320248,1,1,0,0.9738592535587147,1,1,0,0,1,0
742,0.21951219512195125,5,0.7577795032237991,2,0,0,0.10892045190315675,3,0,1,0,0,1
534,0.7560975609756098,7,0.0,1,1,0,0.06778097308292941,0,1,0,0,1,0
628,0.39024390243902446,4,0.632692859479321,2,1,1,0.630965057162959,1,1,0,0,0,1
659,0.6097560975609757,1,0.4228267341532971,2,1,0,0.1344580907476664,1,1,0,0,0,1
650,0.17073170731707316,3,0.34518198205494516,3,1,0,0.08319659527484874,1,0,0,1,1,0
646,0.3658536585365854,2,0.0,2,0,0,0.9910767478294177,1,1,0,0,1,0
749,0.26829268292682934,7,0.5462737878953164,3,1,0,0.5148698700725919,3,0,1,0,1,0
724,0.39024390243902446,3,0.527515733579319,1,1,0,0.40158195107632777,2,1,0,0,1,0
726,0.43902439024390244,2,0.0,1,1,0,0.9759973077428894,2,0,0,1,0,1
765,0.5365853658536586,6,0.5501578349998599,1,1,1,0.3398368044148216,3,1,0,0,0,1
700,0.4634146341463415,3,0.30932264171480944,2,1,1,0.8768931432951846,2,1,0,0,0,1
574,0.878048780487805,1,0.3976694282527221,1,0,0,0.024424982585836943,0,0,1,0,0,1
552,0.6585365853658538,9,0.0,2,1,0,0.13371767003748858,0,0,0,1,0,1
731,0.4634146341463415,1,0.5138835453071804,1,1,1,0.9035909929398256,2,0,0,1,1,0
659,0.878048780487805,8,0.5318355352964226,1,1,0,0.2839082132343639,1,1,0,0,0,1
693,0.6097560975609757,6,0.5131976891494073,1,1,0,0.1816733998096818,2,1,0,0,0,1
739,0.2926829268292683,6,0.0,1,0,0,0.6130228436815716,2,1,0,0,1,0
725,0.3658536585365854,7,0.45908217157013836,2,1,1,0.8864238034732317,2,0,1,0,1,0
612,0.9756097560975612,1,0.5964235518891357,1,1,1,0.5758034892332218,1,0,1,0,1,0
747,0.5853658536585367,4,0.3197089304266924,1,1,0,0.5762069277616012,3,1,0,0,0,1
648,0.4146341463414634,7,0.0,2,0,0,0.6144958343521806,1,0,0,1,0,1
712,0.2926829268292683,1,0.35700387356476093,1,1,1,0.8880928628684038,2,1,0,0,1,0
461,0.8048780487804879,9,0.47784277672261277,1,0,0,0.28380755362137083,0,1,0,0,0,1
540,0.5121951219512195,1,0.0,1,0,1,0.5420909196828297,0,0,0,1,0,1
758,0.34146341463414637,2,0.33630746252392757,1,1,1,0.3769602497038467,3,1,0,0,1,0
613,0.48780487804878053,9,0.5032556445527346,2,0,0,0.0792494183194495,1,0,1,0,0,1
574,0.39024390243902446,5,0.44768953801123,2,1,1,0.08991783715344814,0,1,0,0,1,0
622,0.9756097560975612,2,0.0,2,1,1,0.16634453590317871,1,0,0,1,1,0
590,0.7073170731707319,0,0.4698294833571671,1,1,1,0.0410183172492973,1,1,0,0,0,1
751,0.8292682926829269,8,0.0,2,0,1,0.8964869645051102,3,0,0,1,0,1
710,0.14634146341463422,2,0.4400489457691767,2,0,0,0.07911180517739444,2,0,1,0,1,0
765,0.43902439024390244,8,0.3679204572661354,2,1,1,0.36459971927319057,3,0,1,0,0,1
466,0.1951219512195122,9,0.42057737466235795,1,1,0,0.05415957223914883,0,1,0,0,0,1
539,0.5853658536585367,1,0.708369481808331,1,1,0,0.525060393267557,0,0,1,0,0,1
726,0.21951219512195125,7,0.4935313377634721,1,0,1,0.39483270652347296,2,0,0,1,1,0
748,0.34146341463414637,5,0.6167359823265296,2,1,1,0.8632151870503633,3,1,0,0,0,1
640,0.6829268292682928,5,0.4303675647750049,2,1,0,0.7793968323974939,1,0,1,0,1,0
660,0.7804878048780488,1,0.0,3,1,1,0.9592794611885435,1,1,0,0,0,1
759,0.5365853658536586,4,0.0,2,1,0,0.6230795540974162,3,1,0,0,0,1
808,0.17073170731707316,7,0.0,2,0,1,0.11585501415385167,4,0,0,1,0,1
490,0.4634146341463415,3,0.4641945660088525,1,0,1,0.12213261366460496,0,1,0,0,1,0
708,0.6097560975609757,0,0.4742755913367057,1,1,0,0.9075276188876037,2,0,1,0,1,0
598,0.48780487804878053,0,0.5001548238171124,1,0,0,0.7905761500223271,1,1,0,0,0,1
664,0.43902439024390244,6,0.28355245749379765,2,1,0,0.612166011854132,1,0,1,0,0,1
678,0.8048780487804879,1,0.5809172560859273,1,0,0,0.5485866900288977,2,0,1,0,1,0
642,0.1951219512195122,0,0.0,1,0,0,0.23732816483974217,1,1,0,0,0,1
650,0.1951219512195122,4,0.8543188192464918,2,1,0,0.644080259664798,1,0,1,0,0,1
711,0.48780487804878053,2,0.5142409015548903,2,1,1,0.07182325912124607,2,1,0,0,1,0
714,0.6341463414634148,7,0.0,1,0,1,0.0345609505707795,2,0,0,1,0,1
413,0.5121951219512195,1,0.5220038542342033,2,1,1,0.7944769225461031,0,0,1,0,0,1
782,0.853658536585366,1,0.32511626533306814,1,1,0,0.9148317664336943,3,0,1,0,1,0
626,0.6341463414634148,10,0.3250480304573064,1,1,0,0.10026982576836087,1,1,0,0,1,0
561,0.14634146341463422,8,0.5725693248601454,1,0,1,0.9046907979712061,0,0,0,1,0,1
604,0.3658536585365854,3,0.5925094128855266,1,0,0,0.21215111043104615,1,1,0,0,0,1
670,0.34146341463414637,4,0.41034461442093884,2,0,1,0.674718785644029,1,0,1,0,1,0
719,0.5100518941359626,7,0.4560251534796459,1,1,1,0.8875138575733982,2,1,0,0,1,0
622,0.1951219512195122,9,0.0,2,1,1,0.7662032224077399,1,1,0,0,0,1
429,0.5121951219512195,6,0.19140771458244266,1,1,0,0.3743327987822837,0,1,0,0,1,0
527,0.4634146341463415,5,0.3735489975232574,2,1,1,0.6954771680695506,0,0,0,1,0,1
654,0.6097560975609757,9,0.33748032916472187,2,0,1,0.41038804205801654,1,0,1,0,0,1
606,0.39024390243902446,5,0.0,1,1,0,0.8098765432098766,1,1,0,0,0,1
659,0.5121951219512195,1,0.4165121783111223,1,1,0,0.1032154070713753,1,0,1,0,1,0
533,0.09756097560975613,10,0.461317182605894,1,0,0,0.21922328582379616,0,0,1,0,1,0
753,0.4146341463414634,3,0.0,2,1,1,0.9242492158001088,3,1,0,0,0,1
554,0.7317073170731709,7,0.0,2,1,1,0.318512867978892,0,1,0,0,1,0
697,0.21951219512195125,8,0.5628726787039312,2,1,0,0.4529411058756111,2,1,0,0,0,1
802,0.26829268292682934,9,0.5078338778904217,1,1,1,0.6723019048319114,4,1,0,0,0,1
458,0.43902439024390244,5,0.0,2,1,0,0.39859906621082314,0,0,0,1,0,1
639,0.2439024390243903,8,0.38996199612360544,1,1,1,0.8911410539706541,1,0,0,1,1,0
593,0.5365853658536586,2,0.0,1,1,1,0.02591932529556572,1,0,0,1,1,0
640,0.3658536585365854,7,0.6160898235614309,1,1,0,0.12856577803180202,1,1,0,0,0,1
663,0.39024390243902446,10,0.0,1,1,1,0.5704152246539544,1,1,0,0,0,1
741,0.34146341463414637,5,0.0,1,1,1,0.3241692081593792,3,1,0,0,0,1
782,0.34146341463414637,9,0.0,1,1,1,0.43781876169174155,3,1,0,0,0,1
585,0.48780487804878053,5,0.0,1,1,1,0.4368016145541899,1,1,0,0,1,0
749,0.3658536585365854,1,0.2964788611981861,1,1,0,0.10077407392405974,3,1,0,0,1,0
462,0.5121951219512195,4,0.5585258939197185,2,0,0,0.6565270483331158,0,1,0,0,0,1
761,0.43902439024390244,8,0.43140667192803267,2,0,0,0.4972096835247766,3,0,1,0,0,1
634,0.17073170731707316,9,0.0,2,1,1,0.0410855736722857,1,0,0,1,0,1
699,0.5100518941359626,2,0.46819276304574503,1,1,0,0.9261676490104805,2,1,0,0,0,1
463,0.4146341463414634,2,0.4035788395200618,1,1,1,0.5905666991197659,0,1,0,0,0,1
589,0.902439024390244,7,0.4781283109807652,1,1,0,0.3257573598278636,1,0,1,0,0,1
604,0.34146341463414637,7,0.5095669719924931,1,1,0,0.07894313906978116,1,1,0,0,1,0
850,0.5365853658536586,6,0.3770737353959132,1,1,0,0.18341206585228886,4,0,1,0,0,1
545,0.7073170731707319,5,0.0,2,1,1,0.19481140448912868,0,0,0,1,1,0
742,0.34146341463414637,6,0.6396428127452067,1,1,0,0.14507110429045972,3,1,0,0,0,1
617,0.1951219512195122,2,0.6614159159202846,2,0,1,0.8441946205862659,1,1,0,0,1,0
665,0.48780487804878053,9,0.0,1,0,1,0.43704753803988283,1,0,0,1,0,1
763,0.5365853658536586,3,0.0,2,1,0,0.6714117698240181,3,1,0,0,0,1
689,0.9756097560975612,5,0.0,2,0,1,0.2492101995740593,2,1,0,0,1,0
695,0.4634146341463415,2,0.0,2,1,1,0.4984529522569405,2,1,0,0,0,1
550,0.7560975609756098,0,0.43366994144913584,3,1,0,0.3072060381766459,0,0,1,0,0,1
850,0.26829268292682934,10,0.0,2,1,1,0.9989158464633372,4,1,0,0,1,0
601,0.5100518941359626,4,0.3836337693921863,2,1,0,0.5213109851990865,1,0,1,0,1,0
659,0.5121951219512195,8,0.423517094131725,2,1,1,0.9905532978399437,1,0,1,0,0,1
678,0.6829268292682928,1,0.0,2,0,0,0.41051225392024937,2,1,0,0,1,0
495,0.5121951219512195,8,0.47928631102771657,2,1,1,0.050748096443210315,0,0,1,0,0,1
607,0.7560975609756098,9,0.4781235680191906,2,1,0,0.5153324142455604,1,1,0,0,1,0
697,0.3170731707317073,3,0.43366380349886285,2,0,1,0.6191303769509988,2,0,1,0,0,1
683,0.5365853658536586,4,0.37885142927951354,1,1,1,0.5840805796953609,2,0,0,1,0,1
556,0.48780487804878053,2,0.45738148106268967,1,1,0,0.9661046129905405,0,1,0,0,0,1
580,0.4634146341463415,9,0.0,2,0,1,0.385522217371759,0,1,0,0,0,1
772,0.39024390243902446,7,0.44466623879041894,1,1,1,0.6053660624589647,3,0,1,0,0,1
834,0.39024390243902446,5,0.0,2,0,0,0.26715311312230317,4,0,0,1,0,1
529,0.4146341463414634,5,0.3817206021775615,1,1,1,0.5639034527797404,0,0,0,1,0,1
488,0.6097560975609757,10,0.4493901488050388,1,1,1,0.14161562429211988,0,1,0,0,0,1
539,0.14634146341463422,3,0.0,2,1,1,0.9908420754182024,0,1,0,0,1,0
570,0.4146341463414634,6,0.3414477567366097,1,1,0,0.5276192876419697,0,0,1,0,0,1
565,0.8292682926829269,5,0.38948223958181594,2,1,0,0.875380398828088,0,0,1,0,0,1
693,0.43902439024390244,8,0.7098970741467184,1,0,0,0.2935682857712911,2,1,0,0,0,1
850,0.48780487804878053,3,0.0,2,0,1,0.8968315474127779,4,0,0,1,1,0
479,0.4146341463414634,9,0.37000636393844216,1,1,0,0.49723888631364294,0,0,1,0,0,1
636,0.3170731707317073,9,0.3222212253588699,2,1,1,0.3731872393813609,1,0,1,0,1,0
551,0.3170731707317073,1,0.0,2,1,1,0.9255576907594675,0,1,0,0,0,1
527,0.2439024390243903,6,0.5117469407598919,2,1,0,0.3995801099004955,0,0,0,1,0,1
528,0.5365853658536586,4,0.0,2,1,0,0.12695272398514057,0,0,0,1,0,1
717,0.48780487804878053,7,0.0,2,1,1,0.792918073676036,2,1,0,0,0,1
649,0.34146341463414637,1,0.0,1,0,1,0.45582158096098174,1,0,0,1,0,1
602,0.9268292682926831,3,0.4619214917100406,3,1,0,0.020824938781653646,1,1,0,0,1,0
460,0.21951219512195125,7,0.0,2,1,0,0.7807670632545407,0,1,0,0,1,0
703,0.6341463414634148,6,0.39403464570017255,1,1,0,0.7575979506042827,2,1,0,0,0,1
669,0.5100518941359626,5,0.0,2,1,1,0.28434805523927537,1,1,0,0,0,1
782,0.43902439024390244,5,0.32368010453965596,2,0,1,0.5400105710095314,3,1,0,0,0,1
672,0.39024390243902446,8,0.0,2,1,1,0.08117610231777134,2,1,0,0,1,0
558,0.34146341463414637,1,0.431501371732244,1,1,1,0.03462195639683589,0,0,1,0,1,0
605,0.9268292682926831,1,0.29545533806176044,2,1,1,0.3109706977016305,1,0,1,0,1,0
850,0.5121951219512195,0,0.56528796213634,1,1,1,0.4637271859462579,4,0,0,1,0,1
850,0.43902439024390244,3,0.6736832073930894,1,1,0,0.8712005996572671,4,0,1,0,1,0
614,0.4634146341463415,6,0.38398383184184465,2,1,1,0.6968948534585052,1,0,1,0,1,0
596,0.7073170731707319,5,0.5587412004611116,2,1,1,0.8715818360653441,1,0,1,0,0,1
698,0.9512195121951221,6,0.5433500111539312,2,1,1,0.3627230900551003,2,1,0,0,0,1
733,0.34146341463414637,5,0.0,2,1,0,0.658130651477216,2,0,0,1,1,0
754,0.5121951219512195,8,0.5157547034335734,1,1,1,0.43840861802302117,3,0,1,0,1,0
723,0.39024390243902446,5,0.0,2,0,1,0.06040801896581123,2,1,0,0,0,1
567,0.5853658536585367,2,0.0,2,1,1,0.8399453647823366,0,1,0,0,0,1
611,0.2926829268292683,9,0.0,2,1,1,0.74445164513211,1,1,0,0,0,1
719,0.5121951219512195,5,0.0,2,1,0,0.7288102013742312,2,0,0,1,0,1
681,0.6097560975609757,8,0.6141947911998852,1,0,0,0.5732958997584269,2,1,0,0,1,0
710,0.6585365853658538,1,0.0,2,1,1,0.18073265996902704,2,1,0,0,0,1
452,0.3658536585365854,6,0.5249086192724705,2,1,0,0.758134051801947,0,1,0,0,1,0
812,0.48780487804878053,3,0.5066511267582787,2,1,1,0.8741392803012686,4,0,0,1,0,1
844,0.0,2,0.6416152071942837,1,0,0,0.7296931856992342,4,1,0,0,0,1
694,0.4634146341463415,1,0.3813054933977378,2,1,0,0.5016677592710104,2,0,1,0,0,1
589,0.43902439024390244,1,0.40213753719687545,1,1,1,0.3403503034539798,1,1,0,0,0,1
849,0.4634146341463415,7,0.5717570030126575,2,1,1,0.08642095320103069,4,0,1,0,0,1
590,0.43902439024390244,1,0.0,2,1,0,0.24434963539017973,1,1,0,0,0,1
706,0.4634146341463415,7,0.0,2,1,1,0.5544915539434015,2,0,0,1,1,0
682,0.1951219512195122,8,0.0,2,1,0,0.8918944259176751,2,1,0,0,0,1
850,0.4146341463414634,6,0.3255703142259872,1,1,0,0.004062487967600906,4,1,0,0,1,0
683,0.3170731707317073,2,0.0,2,0,1,0.3866129215340065,2,1,0,0,0,1
728,0.5100518941359626,10,0.4576975057881071,1,0,1,0.1882725300266175,2,1,0,0,0,1
678,0.1951219512195122,3,0.0,2,1,0,0.0248911271026383,2,1,0,0,0,1
431,0.6341463414634148,2,0.5533868352684551,1,1,0,0.18840164235684503,0,0,1,0,1,0
598,0.21951219512195125,10,0.6826831961933231,1,1,1,0.42066287330440055,1,0,1,0,1,0
583,0.5853658536585367,4,0.0,2,1,0,0.08714872270301813,1,1,0,0,1,0
604,0.5609756097560976,10,0.0,2,1,1,0.8311434241970108,1,0,0,1,1,0
615,0.5609756097560976,9,0.43449206807433255,1,1,0,0.9825357321624214,1,0,0,1,1,0
584,0.5609756097560976,3,0.35311121738710727,1,1,0,0.895017024125804,1,0,1,0,1,0
619,0.48780487804878053,10,0.4769206891929708,1,1,1,0.043179123606304395,1,0,0,1,1,0
535,0.2926829268292683,6,0.4137335999648304,1,1,1,0.6285547769812017,0,1,0,0,0,1
468,0.2439024390243903,3,0.0,2,1,0,0.8533286928901709,0,0,0,1,0,1
664,0.6097560975609757,9,0.7533996372790244,2,1,1,0.28046818471164,1,1,0,0,0,1
626,0.7560975609756098,9,0.6846917009212785,2,1,0,0.9359926372968619,1,0,1,0,0,1
660,0.4146341463414634,7,0.0,2,1,0,0.06604140695436414,1,1,0,0,0,1
763,0.12195121951219517,2,0.0,2,1,0,0.7699355788477799,3,1,0,0,1,0
660,0.7317073170731709,0,0.3588880250144591,2,0,1,0.938056534399035,1,1,0,0,1,0
660,0.5609756097560976,3,0.0,2,1,1,0.5433234373882706,1,1,0,0,0,1
803,0.5609756097560976,9,0.5489993965278891,2,1,1,0.8348109244432843,4,0,1,0,0,1
628,0.5121951219512195,8,0.4286733709292088,1,1,0,0.5876152672580232,1,0,0,1,1,0
692,0.2439024390243903,8,0.37887502451692645,2,1,0,0.22206420713178107,2,1,0,0,1,0
532,0.43902439024390244,4,0.0,2,1,1,0.6639994119438406,0,1,0,0,0,1
757,0.12195121951219517,2,0.32154074987179065,2,1,0,0.4699452297694429,3,1,0,0,0,1
511,0.26829268292682934,9,0.0,2,0,1,0.7033941741436307,0,0,0,1,1,0
726,0.853658536585366,1,0.45252528626264155,1,0,1,0.14179169110650064,2,1,0,0,1,0
696,0.17073170731707316,8,0.5039599544181464,1,1,0,0.6095225093996477,2,1,0,0,1,0
637,0.2926829268292683,6,0.48881025758306895,2,1,0,0.3280634800623459,1,0,1,0,0,1
494,0.2439024390243903,9,0.45728431013564114,2,0,1,0.39737874967059356,0,1,0,0,0,1
567,0.48780487804878053,1,0.50170828323165,2,1,1,0.5392024438333861,0,1,0,0,1,0
748,0.5121951219512195,9,0.5295598703043136,1,1,1,0.29815272358510236,3,1,0,0,1,0
748,0.4146341463414634,5,0.42045967747303303,1,1,1,0.7502997536264714,3,0,0,1,0,1
663,0.2439024390243903,8,0.49292635109338623,2,1,1,0.4399101114156402,1,0,1,0,0,1
679,0.4634146341463415,8,0.3083876405755022,2,0,1,0.87439105434569,2,0,1,0,1,0
454,0.7317073170731709,5,0.5772773718604236,1,1,1,0.46574542868843977,0,0,0,1,1,0
672,0.39024390243902446,9,0.0,2,1,0,0.8090232117167189,2,1,0,0,0,1
781,0.04878048780487804,0,0.49830231868245795,2,1,1,0.54150106335155,3,1,0,0,0,1
777,0.26829268292682934,2,0.0,2,1,0,0.6224509440651582,3,1,0,0,0,1
517,0.26829268292682934,5,0.0,2,1,0,0.5170058740609729,0,0,0,1,1,0
580,0.6341463414634148,9,0.5715112060039995,1,0,0,0.7344675916550031,0,0,1,0,0,1
575,0.878048780487805,9,0.27235344836622716,1,1,1,0.7219647976381744,0,1,0,0,1,0
664,0.5609756097560976,5,0.0,1,1,1,0.7602863573471266,1,1,0,0,1,0
586,0.48780487804878053,2,0.0,2,1,0,0.4358260213850423,1,1,0,0,1,0
685,0.6097560975609757,9,0.0,2,1,0,0.5390499792730206,2,0,0,1,0,1
806,0.5365853658536586,5,0.32130148938160513,1,1,1,0.7142035064348645,4,1,0,0,0,1
552,0.43902439024390244,8,0.0,2,0,0,0.6627404917169589,0,1,0,0,0,1
816,0.48780487804878053,5,0.5216410774589795,3,1,0,0.35950528275450305,4,0,1,0,1,0
728,0.34146341463414637,9,0.5092589584878865,2,1,1,0.7632323886931202,2,0,1,0,1,0
616,0.5100518941359626,7,0.30556514001362073,2,1,1,0.819065720776334,1,0,0,1,0,1
518,0.5100518941359626,3,0.36252890566046164,1,0,1,0.8115425523137458,0,1,0,0,0,1
702,0.1951219512195122,5,0.2261414983270698,2,1,1,0.5022011602108001,2,1,0,0,0,1
522,0.17073170731707316,5,0.37485307281534114,2,1,0,0.5163364101271671,0,0,1,0,1,0
564,0.3170731707317073,4,0.0,2,1,0,0.26756780272516023,0,1,0,0,0,1
677,0.48780487804878053,4,0.0,2,1,0,0.9390349278356083,2,1,0,0,0,1
814,0.7560975609756098,8,0.0,2,0,0,0.7891301619304644,4,1,0,0,0,1
527,0.2926829268292683,6,0.5048404712845762,1,1,1,0.8113591347973731,0,0,1,0,1,0
565,0.3170731707317073,2,0.3569512625624213,2,1,1,0.022151915507931004,0,0,1,0,0,1
797,0.26829268292682934,1,0.0,1,0,1,0.7499703221657669,3,1,0,0,0,1
651,0.26829268292682934,3,0.4858150175635056,1,1,0,0.2726206852754438,1,0,1,0,0,1
695,0.6829268292682928,7,0.1973412790826746,1,1,0,0.6650423115407521,2,1,0,0,0,1
547,0.5609756097560976,3,0.6026004821320083,1,1,0,0.8765052562519721,0,0,1,0,0,1
587,0.34146341463414637,3,0.49998403734360836,2,1,1,0.6525783212296774,1,0,1,0,1,0
673,0.5121951219512195,8,0.5506618244881817,1,1,1,0.55233739822153,2,0,0,1,0,1
805,0.6829268292682928,6,0.4703983996051943,3,1,0,0.8132355139915861,4,1,0,0,0,1
709,0.39024390243902446,4,0.5913763233510467,2,1,1,0.10755927191046745,2,0,1,0,0,1
709,0.43902439024390244,0,0.0,2,1,0,0.23402329922507595,2,1,0,0,0,1
647,0.8048780487804879,4,0.5227491369105282,1,1,0,0.1493745152662079,1,0,1,0,0,1
714,0.2439024390243903,6,0.4891403119091102,1,1,1,0.3352604673746343,2,1,0,0,0,1
497,0.14634146341463422,6,0.4454762489423495,2,1,0,0.2792651198189427,0,0,1,0,0,1
676,0.7560975609756098,1,0.0,1,1,0,0.3966915340415009,2,1,0,0,1,0
774,0.8292682926829269,2,0.22551359398551024,1,1,0,0.5663275842842991,3,1,0,0,1,0
729,0.34146341463414637,9,0.0,2,0,0,0.754031309990104,2,1,0,0,1,0
850,0.48780487804878053,7,0.40648300670602955,2,0,0,0.21896936157403027,4,0,1,0,0,1
829,0.7804878048780488,7,0.0,2,0,1,0.8923216167143961,4,0,0,1,0,1
581,0.878048780487805,2,0.6078523355837424,1,1,0,0.9380215810609913,1,0,1,0,1,0
713,0.7073170731707319,1,0.3826054634373662,1,1,0,0.9876825736857869,2,0,1,0,0,1
669,0.7073170731707319,9,0.24390994766042265,1,1,0,0.2908210734125109,1,1,0,0,1,0
614,0.8048780487804879,3,0.0,2,1,1,0.027706595979916076,1,1,0,0,0,1
642,0.5365853658536586,7,0.0,2,1,0,0.05351131033013652,1,1,0,0,1,0
649,0.5609756097560976,0,0.0,2,0,1,0.6528395461766598,1,1,0,0,0,1
633,0.26829268292682934,8,0.41827380989628105,1,1,1,0.4884110432546308,1,0,1,0,1,0
850,0.39024390243902446,9,0.3702669478273032,2,1,0,0.4873180888774878,4,1,0,0,1,0
725,0.26829268292682934,6,0.0,2,1,1,0.9539173491068396,2,1,0,0,1,0
708,0.7073170731707319,0,0.5045439764009364,2,0,1,0.6636558291316821,2,1,0,0,1,0
767,0.43902439024390244,3,0.5547280172599163,1,0,0,0.619402202910378,3,1,0,0,0,1
756,0.2926829268292683,2,0.5784334587800171,1,0,0,0.03771910217425764,3,0,0,1,0,1
824,0.48780487804878053,3,0.0,2,1,0,0.964035415382169,4,0,0,1,1,0
755,0.3170731707317073,5,0.0,2,0,1,0.9733389538700945,3,1,0,0,0,1
520,0.5100518941359626,6,0.0,2,1,1,0.17201127707696084,0,0,0,1,1,0
581,0.14634146341463422,10,0.6345353605521669,1,1,1,0.5125802014092345,1,0,0,1,1,0
719,0.7073170731707319,9,0.4639078360461015,1,1,0,0.3152288043508155,2,0,0,1,1,0
624,0.4634146341463415,0,0.0,2,0,0,0.5605183795052427,1,1,0,0,0,1
575,0.9512195121951221,8,0.5497727782622818,1,1,1,0.42235808519713636,0,1,0,0,1,0
585,0.34146341463414637,8,0.5767515806915868,2,0,0,0.8574367852129877,1,1,0,0,1,0
474,0.3658536585365854,5,0.0,2,1,0,0.9097565817535573,0,1,0,0,0,1
670,0.5853658536585367,6,0.44772612657194805,1,1,1,0.32850777249227303,1,1,0,0,1,0
752,0.43902439024390244,2,0.0,2,1,1,0.2278180566244076,3,0,0,1,0,1
654,0.902439024390244,3,0.34869005977686,1,1,1,0.016438719897750233,1,1,0,0,0,1
797,1.0,4,0.5154341350306813,1,1,1,0.46810955446245117,3,0,0,1,0,1
450,0.26829268292682934,7,0.4671211327276346,1,1,1,0.2173660084538073,0,1,0,0,0,1
552,0.48780487804878053,9,0.5344999238535456,1,0,0,0.2892202205310607,0,1,0,0,1,0
690,0.7560975609756098,8,0.4648211152185336,1,0,1,0.25502290468739763,2,0,0,1,0,1
604,0.1951219512195122,8,0.5960289295147684,2,0,1,0.9895942062466965,1,1,0,0,0,1
588,0.4146341463414634,0,0.0,2,1,1,0.7774425457631203,1,1,0,0,1,0
636,0.48780487804878053,1,0.0,1,1,0,0.2250404913669255,1,1,0,0,1,0
789,0.4634146341463415,3,0.0,1,1,0,0.6094196495765345,3,1,0,0,0,1
720,0.39024390243902446,6,0.44128426804683935,1,1,1,0.046938832658518885,2,1,0,0,1,0
519,0.09756097560975613,8,0.0,1,0,1,0.8377874086975305,0,1,0,0,1,0
648,0.5609756097560976,5,0.49043502084850477,1,0,1,0.025278314078994543,1,0,1,0,0,1
638,0.1951219512195122,1,0.4194920734550032,2,1,1,0.11740876253682225,1,0,1,0,1,0
626,0.6097560975609757,4,0.5485840486071457,1,1,0,0.6522147865121118,1,1,0,0,0,1
645,0.5100518941359626,2,0.0,2,0,0,0.0500626309812587,1,0,0,1,0,1
583,0.9512195121951221,3,0.9501370058257519,1,0,1,0.7398377045007797,1,1,0,0,1,0
653,0.48780487804878053,9,0.5961461882790738,1,1,0,0.5919145278374084,1,0,0,1,1,0
778,0.3658536585365854,9,0.6049174387895899,2,0,0,0.9012778720367794,3,1,0,0,1,0
487,0.6341463414634148,6,0.24588250153677935,1,1,1,0.26540734640158137,0,0,0,1,0,1
719,0.4146341463414634,1,0.40187607645797546,1,1,1,0.8250657437785308,2,0,0,1,0,1
768,0.5365853658536586,8,0.0,2,0,1,0.3453773835401281,3,1,0,0,1,0
568,0.7073170731707319,7,0.0,2,1,1,0.22985600124811917,0,1,0,0,1,0
514,0.2926829268292683,7,0.0,1,0,1,0.6250529925607895,0,0,0,1,0,1
760,0.7560975609756098,9,0.36470181977072846,1,1,0,0.5861625785262492,3,0,1,0,1,0
627,0.7560975609756098,4,0.4427594486669867,1,0,1,0.7334133909788384,1,0,0,1,0,1
684,0.6585365853658538,6,0.5901654731608361,1,1,0,0.9179048099093463,2,1,0,0,0,1
555,0.5100518941359626,4,0.4775537749211244,1,0,1,0.21749837109443948,0,0,1,0,0,1
703,0.2439024390243903,9,0.0,2,0,1,0.010698971751802297,2,1,0,0,0,1
596,0.5100518941359626,2,0.5234255470019721,1,0,0,0.005642738881563188,1,0,1,0,0,1
593,0.21951219512195125,10,0.0,3,0,0,0.47308727983522425,1,0,0,1,0,1
652,0.43902439024390244,9,0.6016654411358812,1,0,0,0.36172749497577017,1,0,1,0,0,1
762,0.024390243902439046,6,0.0,2,1,0,0.27746944833231574,3,0,0,1,1,0
602,0.39024390243902446,8,0.39212223576512684,1,1,0,0.19767097757835872,1,0,0,1,0,1
526,0.43902439024390244,5,0.3632238890300042,1,0,0,0.29052839546176656,0,0,0,1,1,0
634,0.4146341463414634,6,0.4634112997831112,1,1,0,0.6498288586560016,1,0,1,0,0,1
763,0.34146341463414637,10,0.37925266788599316,1,0,1,0.40653142375096823,3,0,0,1,1,0
531,0.4634146341463415,7,0.4856730874276485,1,1,0,0.7376192926424473,0,1,0,0,0,1
670,0.3170731707317073,9,0.0,1,0,1,0.3812526596289946,1,1,0,0,1,0
620,0.5121951219512195,9,0.6356875415034049,1,1,0,0.4028922762123783,1,0,1,0,0,1
660,0.2926829268292683,4,0.0,2,1,0,0.6457490690360929,1,0,0,1,0,1
720,0.6585365853658538,1,0.41005652932630937,2,1,1,0.17812486092421825,2,1,0,0,1,0
663,0.5100518941359626,6,0.0,2,0,1,0.07933227623238019,1,0,0,1,0,1
795,0.34146341463414637,2,0.4673818361869555,1,1,1,0.9916229499917242,3,1,0,0,0,1
684,0.43902439024390244,4,0.0,1,1,0,0.5851927859110545,2,0,0,1,1,0
492,0.5100518941359626,6,0.5071938969324159,1,1,1,0.46070654747528383,0,1,0,0,1,0
555,0.1951219512195122,9,0.0,2,0,1,0.7946081350768998,0,0,0,1,1,0
769,0.6097560975609757,4,0.4391525658884052,2,1,1,0.43767049753251436,3,0,1,0,0,1
543,0.5853658536585367,4,0.3580685289393794,3,1,0,0.4299008555317032,0,1,0,0,0,1
558,0.6585365853658538,4,0.0,1,1,0,0.6590407383905164,0,0,0,1,0,1
552,0.5853658536585367,8,0.4119686204067955,1,0,1,0.9343792332167721,0,0,1,0,1,0
538,0.5853658536585367,1,0.39278346040816814,2,0,1,0.47022575655975146,0,0,1,0,1,0
580,0.5121951219512195,9,0.5116124638493661,1,1,0,0.43020808487210527,0,1,0,0,1,0
624,0.3658536585365854,6,0.2639325393031091,1,0,1,0.8541187183376012,1,0,0,1,0,1
723,0.5100518941359626,3,0.0,2,1,1,0.6725536788763327,2,1,0,0,0,1
809,0.3658536585365854,3,0.0,2,0,1,0.7071435322073257,4,0,0,1,1,0
579,0.5121951219512195,5,0.46964606227173755,3,0,0,0.029099879038448167,0,0,1,0,1,0
575,0.6097560975609757,3,0.0,1,1,0,0.41795456466092507,0,0,0,1,0,1
689,0.48780487804878053,2,0.0,1,1,1,0.41353059217155236,2,0,0,1,0,1
689,0.7073170731707319,1,0.374143740990615,3,1,0,0.7844091110701072,2,1,0,0,0,1
648,0.34146341463414637,8,0.0,1,1,0,0.6682728200543152,1,0,0,1,0,1
809,0.5100518941359626,2,0.6168369396514737,2,1,1,0.8740271195899207,4,1,0,0,1,0
696,0.21951219512195125,4,0.3492942493105468,2,0,0,0.9805924965834236,2,1,0,0,0,1
747,0.5100518941359626,1,0.45819049479412144,1,1,0,0.9468444736472333,3,1,0,0,1,0
654,0.14634146341463422,8,0.578249639126388,1,1,1,0.6503795612480991,1,1,0,0,1,0
652,0.4634146341463415,9,0.5787979493984988,1,1,0,0.7956822376536958,1,0,1,0,1,0
663,0.6829268292682928,2,0.56487827388403,1,1,1,0.29125606495420314,1,0,1,0,1,0
710,0.5100518941359626,2,0.5391749295500815,1,1,0,0.7110107515267707,2,0,0,1,1,0
582,0.1951219512195122,4,0.26245062288038945,2,1,0,0.15070254209276984,1,0,0,1,0,1
850,0.39024390243902446,4,0.2844961075630349,2,1,1,0.7700205869660551,4,1,0,0,1,0
755,0.48780487804878053,1,0.0,2,1,0,0.10362604628742045,3,1,0,0,1,0
762,0.6341463414634148,7,0.6349854636199105,1,0,0,0.1238545781122097,3,1,0,0,1,0
717,0.5100518941359626,1,0.0,3,0,0,0.8738762551823699,2,0,0,1,0,1
837,0.7560975609756098,8,0.4117303961939288,1,1,1,0.254839287151923,4,1,0,0,0,1
739,0.5365853658536586,1,0.43715601820643596,1,1,1,0.9666409142073067,2,0,0,1,0,1
739,0.21951219512195125,8,0.3942891713524005,1,1,1,0.5348430775139025,2,0,0,1,1,0
509,0.6829268292682928,1,0.0,1,1,0,0.35619906701089954,0,1,0,0,1,0
579,0.3170731707317073,2,0.3608934607672781,2,1,1,0.0939517223894882,0,0,1,0,0,1
721,0.5365853658536586,6,0.3996677694915893,1,1,0,0.6928306653285389,2,0,1,0,0,1
731,0.024390243902439046,6,0.0,2,1,1,0.7579234316877261,2,1,0,0,0,1
771,0.5100518941359626,5,0.0,2,1,0,0.04331338642840391,3,0,0,1,1,0
551,0.8292682926829269,1,0.0,1,0,0,0.31789520899245877,0,1,0,0,0,1
697,0.17073170731707316,1,0.0,2,0,0,0.43900062455964545,2,1,0,0,1,0
638,0.5853658536585367,8,0.5786327030229684,1,1,0,0.9673931860492676,1,0,1,0,0,1
579,0.4634146341463415,5,0.6066721352880766,2,0,0,0.6010952045920385,0,0,0,1,0,1
739,0.48780487804878053,0,0.5116278087250485,1,1,0,0.06393035534893582,2,0,0,1,0,1
680,0.34146341463414637,7,0.6993038488256328,1,0,1,0.3867286325844118,2,0,1,0,0,1
763,0.48780487804878053,0,0.6081441273626277,2,0,0,0.15942142474606322,3,1,0,0,1,0
774,0.43902439024390244,7,0.41326815202140443,1,0,1,0.5948576089016501,3,1,0,0,0,1
564,0.3658536585365854,4,0.5418385608276254,1,1,0,0.315822261025928,0,1,0,0,1,0
488,0.34146341463414637,3,0.4565215303153564,1,1,0,0.4628266499450698,0,0,1,0,0,1
571,0.5100518941359626,2,0.0,2,1,0,0.1401843376042412,0,1,0,0,1,0
594,0.5100518941359626,4,0.4175154940398311,2,1,0,0.2837517982967373,1,0,1,0,1,0
496,0.6341463414634148,0,0.7148570959627474,2,1,0,0.014539538525929225,0,0,0,1,1,0
611,0.39024390243902446,4,0.0,2,1,0,0.8547766311682764,1,0,0,1,0,1
592,0.21951219512195125,3,0.0,2,1,1,0.09817972616384864,1,1,0,0,0,1
632,0.5853658536585367,4,0.4767856144301458,2,1,1,0.9799299833134063,1,0,1,0,0,1
694,0.5100518941359626,1,0.0,2,0,1,0.784308001414135,2,1,0,0,0,1
643,0.39024390243902446,8,0.4681242093154237,1,1,0,0.32684761394713197,1,0,0,1,1,0
621,0.43902439024390244,7,0.4636889822477326,1,1,1,0.7787338690844976,1,0,0,1,1,0
647,0.6097560975609757,9,0.0,2,1,1,0.39242152625575744,1,1,0,0,0,1
684,0.5609756097560976,2,0.47741583046726266,2,0,0,0.601422885885602,2,0,0,1,0,1
627,0.5100518941359626,6,0.2304095658918727,1,1,0,0.9413244464846392,1,0,1,0,1,0
616,0.6585365853658538,4,0.48941767551917204,1,1,1,0.30998190327176245,1,0,1,0,1,0
680,0.4634146341463415,10,0.4934524611167826,1,1,0,0.40886534664060414,2,1,0,0,1,0
518,0.5365853658536586,4,0.0,2,0,1,0.9721178372534576,0,1,0,0,0,1
842,0.6341463414634148,2,0.44899536700339177,2,1,0,0.6332274732236928,4,0,0,1,1,0
607,0.48780487804878053,3,0.39141696933603604,1,1,0,0.8816176444850482,1,0,1,0,0,1
541,0.5121951219512195,7,0.0,2,1,0,0.09906666086611271,0,1,0,0,0,1
710,0.43902439024390244,4,0.4626781335800524,1,1,0,0.2929781294113588,2,1,0,0,1,0
632,0.5100518941359626,3,0.48816039213371454,1,1,0,0.7361662538772452,1,0,1,0,0,1
620,0.17073170731707316,1,0.5488762788110504,1,1,1,0.3809637320364095,1,0,1,0,1,0
565,0.34146341463414637,9,0.2712943729464023,1,1,0,0.7164484208241886,0,0,1,0,1,0
655,0.34146341463414637,2,0.0,1,1,1,0.3552135728962115,1,1,0,0,1,0
752,0.48780487804878053,10,0.4051385963121521,2,1,0,0.8600314330018516,3,0,1,0,1,0
550,0.34146341463414637,8,0.3886600730997993,1,1,1,0.9957313923479691,0,1,0,0,0,1
609,0.853658536585366,6,0.0,2,1,1,0.6210927643589963,1,1,0,0,1,0
497,0.5609756097560976,5,0.32101802767809035,1,0,0,0.44363056671912166,0,0,1,0,0,1
676,0.6097560975609757,2,0.0,1,1,1,0.2755660665593564,2,1,0,0,1,0
618,0.6829268292682928,6,0.598704079413279,1,1,0,0.60334201916283,1,1,0,0,1,0
525,0.7073170731707319,1,0.4706599400577342,1,1,0,0.4405880761612734,0,0,1,0,1,0
570,0.0,4,0.329884615701937,1,1,0,0.359035887927297,0,1,0,0,1,0
476,0.5365853658536586,4,0.0,2,0,0,0.9127644690067901,0,1,0,0,1,0
753,0.2926829268292683,1,0.44171129401582937,1,1,1,0.2894510925793413,3,0,1,0,0,1
760,0.26829268292682934,5,0.41294551106387467,2,0,1,0.4316565231979654,3,0,1,0,0,1
850,0.2926829268292683,3,0.0,2,1,0,0.5834618206038676,4,1,0,0,1,0
702,0.6097560975609757,6,0.462824049397905,1,1,0,0.3079836124349875,2,0,0,1,0,1
682,0.5609756097560976,6,0.0,2,0,1,0.6707966110763577,2,1,0,0,0,1
677,0.4146341463414634,0,0.0,2,0,0,0.383165592314066,2,0,0,1,1,0
605,0.2439024390243903,6,0.0,2,0,0,0.7975608670628044,1,1,0,0,1,0
520,0.4146341463414634,4,0.4610669216334011,1,1,1,0.45138870762157784,0,0,0,1,1,0
772,0.5853658536585367,0,0.40645650192076,1,1,0,0.45462791696607024,3,0,1,0,1,0
599,0.5121951219512195,2,0.7532017880247714,2,0,1,0.8807366603510635,1,0,1,0,0,1
596,0.3658536585365854,1,0.5506730242545889,1,1,0,0.4270455828531624,1,1,0,0,1,0
630,0.5365853658536586,8,0.0,2,1,1,0.21244143815734398,1,1,0,0,0,1
545,0.34146341463414637,4,0.0,1,1,0,0.4736833367586604,0,0,0,1,1,0
653,0.9756097560975612,1,0.5285129113577549,1,1,0,0.02543287883992921,1,0,1,0,0,1
550,0.3170731707317073,5,0.5667647370292855,2,1,1,0.6111090109105419,0,1,0,0,0,1
523,0.39024390243902446,2,0.6440419295340193,1,1,1,0.2567599205724147,0,1,0,0,0,1
641,0.3170731707317073,3,0.6110693788063514,1,1,0,0.2996106628182991,1,0,0,1,0,1
579,0.5121951219512195,3,0.663620715486515,2,1,0,0.469165105267553,0,1,0,0,1,0
749,0.4634146341463415,10,0.7376050570970868,2,1,1,0.6726406871856262,3,1,0,0,0,1
640,0.6097560975609757,7,0.5277536389376261,1,0,0,0.34789682414670603,1,1,0,0,0,1
495,0.48780487804878053,2,0.2514686739942899,1,1,1,0.23541318195887706,0,1,0,0,1,0
451,0.3658536585365854,6,0.0,2,1,0,0.9248009684924909,0,1,0,0,0,1
610,0.6585365853658538,3,0.0,1,1,0,0.1913445734067603,1,0,0,1,1,0
729,0.2926829268292683,9,0.0,2,1,0,0.7593613690107405,2,1,0,0,0,1
605,0.4146341463414634,6,0.0,2,1,1,0.22599653266886985,1,1,0,0,0,1
502,0.3658536585365854,7,0.0,2,0,1,0.02035664405950768,0,1,0,0,0,1
623,0.12195121951219517,1,0.4225309168355965,2,0,1,0.9571132043110117,1,1,0,0,0,1
758,0.8292682926829269,7,0.49859263575900487,1,1,0,0.8559729954210625,3,1,0,0,1,0
684,0.4634146341463415,4,0.5519229341283547,2,1,1,0.26180355223923885,2,0,1,0,0,1
632,0.5100518941359626,4,0.0,2,0,0,0.9625621246829071,1,1,0,0,0,1
743,0.5609756097560976,7,0.0,1,1,0,0.8187007359202804,3,0,0,1,0,1
506,0.5100518941359626,3,0.7586868437300579,1,1,0,0.39180826768956434,0,0,1,0,1,0
662,0.1951219512195122,0,0.0,2,0,1,0.3646267218519369,1,1,0,0,0,1
513,0.4146341463414634,8,0.0,1,1,0,0.38318014370372366,0,1,0,0,0,1
569,0.39024390243902446,3,0.0,1,1,0,0.6699937344016353,0,0,0,1,1,0
700,0.26829268292682934,8,0.0,2,0,1,0.7604998277335484,2,0,0,1,0,1
674,0.2439024390243903,5,0.0,1,1,1,0.7596408957055398,2,1,0,0,0,1
639,0.26829268292682934,4,0.5318277632165316,2,1,0,0.489906086031216,1,0,0,1,0,1
688,0.5121951219512195,0,0.0,2,1,0,0.2660782604738753,2,1,0,0,1,0
652,0.21951219512195125,10,0.4276785048463303,2,0,0,0.2221421145719416,1,1,0,0,0,1
612,0.3658536585365854,5,0.2769194855170082,1,1,0,0.044814729806696534,1,0,0,1,0,1
702,0.43902439024390244,2,0.41955233696677413,2,1,1,0.2645167113459336,2,0,1,0,1,0
655,0.4634146341463415,8,0.6524903398029056,2,0,0,0.3812746617301952,1,0,0,1,0,1
755,0.2439024390243903,7,0.4963779517014259,1,0,1,0.944286729382656,3,1,0,0,1,0
697,0.7317073170731709,2,0.4309676490562364,2,1,1,0.5197135826471427,2,0,1,0,1,0
528,0.26829268292682934,9,0.6784197918764548,2,1,0,0.24638562982764853,0,0,1,0,1,0
740,0.43902439024390244,4,0.4346170989185291,1,0,0,0.47276094867059804,2,0,1,0,1,0
531,0.3170731707317073,2,0.47389539713116197,2,0,0,0.2070086693279208,0,0,0,1,0,1
470,0.5100518941359626,1,0.38451305069719743,1,0,0,0.029756441740186185,0,1,0,0,0,1
659,0.3658536585365854,7,0.3584707241095379,1,1,0,0.6827077485899903,1,1,0,0,1,0
525,0.3658536585365854,4,0.5222190412051364,2,0,0,0.2753330443057312,0,0,1,0,0,1
749,0.5853658536585367,9,0.8858880910572099,1,0,0,0.5055346285570272,3,0,0,1,0,1
556,0.2926829268292683,7,0.0,2,1,1,0.9332721774929505,0,1,0,0,1,0
656,0.4146341463414634,6,0.0,2,1,0,0.007369153754183524,1,1,0,0,0,1
685,0.6341463414634148,2,0.4769168629382552,1,1,0,0.7269467734168612,2,0,1,0,1,0
625,0.5609756097560976,6,0.38925429842849746,2,1,0,0.28561327606786446,1,1,0,0,0,1
680,0.5100518941359626,5,0.0,2,1,1,0.8992446278619607,2,1,0,0,1,0
667,0.5100518941359626,10,0.25669489951079344,2,0,0,0.1300663713384628,1,0,1,0,1,0
701,0.5853658536585367,5,0.0,2,0,0,0.12100645611655912,2,0,0,1,1,0
444,0.6097560975609757,3,0.0,2,1,1,0.7956741368800719,0,1,0,0,0,1
589,0.3170731707317073,10,0.4409572029822946,1,1,0,0.7411071757352826,1,1,0,0,1,0
652,0.3170731707317073,2,0.4748882305162228,1,0,0,0.7487147022540652,1,1,0,0,0,1
597,0.14634146341463422,0,0.4306851040595806,2,1,1,0.9391623400034702,1,0,0,1,0,1
484,0.5121951219512195,5,0.0,2,1,1,0.8761463719785239,0,0,0,1,1,0
667,0.9268292682926831,2,0.6731142512882422,1,0,1,0.09444001902181656,1,0,0,1,0,1
656,0.0,10,0.6048780203946551,1,0,1,0.6350743496003869,1,1,0,0,0,1
598,0.5365853658536586,2,0.6822620690336862,1,1,0,0.6899108864896597,1,1,0,0,1,0
700,0.48780487804878053,8,0.5373149711900955,1,1,0,0.006441465159922772,2,1,0,0,0,1
750,0.5365853658536586,5,0.6707377086848291,3,1,0,0.10221181122797227,3,0,1,0,0,1
648,0.4634146341463415,7,0.5520309461104308,2,1,0,0.2860486676477603,1,0,1,0,1,0
496,0.34146341463414637,4,0.5095528228214093,1,1,0,0.33231983654438996,0,1,0,0,0,1
578,0.5100518941359626,7,0.0,2,0,0,0.5111595657385279,0,1,0,0,1,0
656,0.6585365853658538,7,0.5816436067727738,1,1,1,0.9969980133102712,1,1,0,0,1,0
729,0.5121951219512195,6,0.5078390592770157,1,1,1,0.9249164295190191,2,0,1,0,0,1
562,0.3658536585365854,8,0.369310105150661,2,1,0,0.006713991186158277,0,0,1,0,0,1
850,0.26829268292682934,1,0.6163474979024353,1,1,1,0.820217980817168,4,0,1,0,0,1
773,0.5609756097560976,5,0.0,1,1,0,0.14129009320390096,3,0,0,1,1,0
778,0.3170731707317073,9,0.7264911024232987,2,1,0,0.9531892795761995,3,0,1,0,0,1
779,0.7560975609756098,9,0.4231214753368589,1,0,0,0.5844672666239625,3,1,0,0,0,1
596,0.43902439024390244,2,0.0,2,0,1,0.6277918041172932,1,0,0,1,0,1
593,0.7804878048780488,6,0.6845037760151942,1,0,0,0.10442012212166261,1,1,0,0,0,1
654,0.26829268292682934,4,0.3865113919360646,1,0,1,0.7070299713622651,1,1,0,0,1,0
850,0.5121951219512195,2,0.5922190958089798,1,1,1,0.8839828703641197,4,1,0,0,1,0
677,0.5853658536585367,5,0.396894731243271,1,1,0,0.10499192672900261,2,1,0,0,0,1
660,0.5365853658536586,8,0.666330341534286,1,1,1,0.9258152153530662,1,1,0,0,1,0
465,0.8048780487804879,8,0.48833500486193426,1,0,0,0.9065169223660858,0,1,0,0,1,0
679,0.5121951219512195,5,0.0,2,1,1,0.5002925779411933,2,0,0,1,0,1
744,0.9268292682926831,9,0.0,2,1,1,0.8475160877863834,3,1,0,0,0,1
582,0.3658536585365854,2,0.48782356214828104,1,1,1,0.11052230488011604,1,0,1,0,0,1
693,0.5365853658536586,4,0.5207770214591909,1,1,1,0.5095855654214978,2,1,0,0,0,1
850,0.6097560975609757,2,0.5002462155052676,1,1,1,0.3954003607344502,4,0,0,1,1,0
535,0.3170731707317073,7,0.44581861902575665,2,1,1,0.1813538692945176,0,1,0,0,1,0
510,0.7804878048780488,7,0.49397163605350686,1,1,1,0.11879349477875135,0,0,1,0,1,0
758,0.8048780487804879,8,0.32567190926005063,1,1,1,0.5825980881174152,3,1,0,0,0,1
586,0.4146341463414634,7,0.6567169164181362,3,1,0,0.5990705612385983,1,1,0,0,1,0
708,0.5853658536585367,8,0.7668074316548206,2,1,0,0.004059287661971718,2,0,1,0,1,0
704,0.43902439024390244,2,0.6995262498809776,2,1,0,0.760213050346308,2,0,0,1,1,0
490,0.5121951219512195,1,0.0,3,1,0,0.8553238334260922,0,1,0,0,0,1
651,0.6341463414634148,2,0.0,3,1,0,0.5126428073881055,1,1,0,0,0,1
512,0.8048780487804879,6,0.5777377978445353,1,1,1,0.8251967562902257,0,1,0,0,0,1
713,0.6585365853658538,4,0.5222763553122306,1,1,0,0.3700026352516665,2,0,1,0,0,1
645,0.3170731707317073,1,0.5138657293086608,1,1,1,0.014193505479773319,1,0,1,0,1,0
573,0.1951219512195122,8,0.34384849242973514,2,1,1,0.4508716582433622,0,1,0,0,0,1
509,0.48780487804878053,2,0.0,1,0,0,0.8423231418600475,0,0,0,1,0,1
850,0.3170731707317073,1,0.5184956170850086,2,1,1,0.022275277288981096,4,0,1,0,1,0
630,0.5100518941359626,4,0.326961436812851,1,0,0,0.7316442220232032,1,0,0,1,0,1
624,0.5100518941359626,0,0.7186313773851368,2,1,0,0.817959715152797,1,0,1,0,1,0
786,0.5100518941359626,3,0.0,2,1,0,0.463551219141428,3,1,0,0,0,1
555,0.14634146341463422,2,0.0,2,0,1,0.9893693347714706,0,0,0,1,1,0
770,0.3170731707317073,3,0.6179702683268733,2,1,1,0.9303526486779486,3,1,0,0,0,1
754,0.4634146341463415,6,0.0,1,1,1,0.5807061574380353,3,1,0,0,0,1
663,0.2926829268292683,4,0.0,3,1,0,0.5068457537694849,1,0,0,1,0,1
683,0.26829268292682934,0,0.5328972014095446,1,1,0,0.27788133766774725,2,0,0,1,0,1
525,0.9512195121951221,2,0.5817713877375471,1,1,1,0.32221467150112837,0,0,0,1,1,0
754,0.48780487804878053,2,0.0,2,0,0,0.017567227670242505,3,1,0,0,1,0
665,0.5853658536585367,2,0.6232475105729183,2,0,1,0.7838916616536878,1,0,0,1,1,0
590,0.4634146341463415,6,0.6771790092144585,1,1,1,0.6412842426451726,1,0,0,1,0,1
717,0.7804878048780488,9,0.3599300417153435,1,1,1,0.6231344593408671,2,1,0,0,0,1
681,0.34146341463414637,3,0.0,2,1,1,0.29837009434400985,2,0,0,1,1,0
668,0.48780487804878053,10,0.3466664891709619,1,0,1,0.1854335589048754,1,1,0,0,0,1
646,0.4634146341463415,7,0.38485211266454844,1,0,0,0.8171560384016673,1,1,0,0,1,0
714,0.5365853658536586,9,0.18541667654783664,1,1,1,0.48342451704137746,2,1,0,0,0,1
429,0.21951219512195125,6,0.46755015153762236,2,1,1,0.12005601534946587,0,1,0,0,1,0
826,0.26829268292682934,4,0.5178918261195213,1,0,1,0.9510355738973071,4,0,0,1,1,0
519,0.9512195121951221,2,0.4744370513143405,2,1,1,0.14931530961206793,0,0,0,1,1,0
583,0.5365853658536586,3,0.0,2,1,0,0.2386048867666862,1,1,0,0,0,1
628,0.7804878048780488,4,0.48716078308926153,1,0,1,0.07103773410360689,1,0,1,0,0,1
634,0.3170731707317073,9,0.43297451965457373,1,1,1,0.8974576072014876,1,0,0,1,0,1
809,0.14634146341463422,4,0.0,2,1,0,0.967628308503462,4,1,0,0,1,0
755,0.26829268292682934,3,0.0,3,1,0,0.023614055142266083,3,1,0,0,1,0
744,0.6341463414634148,5,0.4808911857399951,1,1,0,0.41143544208471905,3,0,0,1,0,1
615,0.7560975609756098,3,0.0,2,1,1,0.24932756078205467,1,1,0,0,0,1
717,0.3658536585365854,1,0.3950079093866359,1,0,0,0.9723711114411426,2,0,0,1,0,1
576,0.43902439024390244,6,0.0,2,1,1,0.24153516660841107,0,1,0,0,0,1
818,0.1951219512195122,4,0.0,2,1,1,0.8352065622266927,4,0,0,1,0,1
679,0.4146341463414634,8,0.47502446112682645,1,0,0,0.6060504278158564,2,0,0,1,1,0
638,0.39024390243902446,7,0.0,2,0,0,0.01967542900346983,1,0,0,1,1,0
703,0.04878048780487804,3,0.6586777125326064,1,1,1,0.20809587315588635,2,0,0,1,0,1
678,0.43902439024390244,0,0.4279812572507029,1,1,1,0.4222833280578295,2,1,0,0,0,1
701,0.4146341463414634,10,0.6364891020095051,2,1,1,0.3558442831290388,2,0,0,1,0,1
696,0.43902439024390244,3,0.0,3,1,0,0.3251726539884559,2,0,0,1,1,0
676,0.2439024390243903,1,0.27684168500445744,2,1,1,0.6423098905945517,2,0,1,0,0,1
415,0.34146341463414637,5,0.5811426862595885,1,1,1,0.015266807980162105,0,1,0,0,0,1
602,0.12195121951219517,7,0.45340512556313206,2,0,0,0.42037024535843176,1,1,0,0,0,1
663,0.2439024390243903,8,0.2442214685651852,2,1,0,0.6802793166747425,1,0,0,1,1,0
498,0.2926829268292683,1,0.0,2,0,0,0.6789845930286342,0,1,0,0,1,0
760,0.6097560975609757,8,0.4859008292968672,1,1,0,0.9665960599237226,3,1,0,0,0,1
572,0.2926829268292683,6,0.4691014985407024,1,1,0,0.5042093519931153,0,1,0,0,0,1
630,0.4146341463414634,1,0.0,2,0,0,0.9341624125103947,1,0,0,1,0,1
656,0.34146341463414637,1,0.4155243668853757,1,1,1,0.08512207915855963,1,0,0,1,1,0
703,0.48780487804878053,9,0.39525027870877777,1,1,0,0.32857807920656423,2,0,1,0,1,0
637,0.878048780487805,5,0.0,1,0,1,0.7541990260069836,1,0,0,1,1,0
687,0.39024390243902446,7,0.5177209200755575,1,0,1,0.14344664915499428,2,1,0,0,0,1
622,0.4146341463414634,8,0.0,2,1,1,0.658867571853112,1,1,0,0,0,1
685,0.3658536585365854,6,0.6971464788751481,1,1,1,0.21962577426144195,2,1,0,0,0,1
515,0.5365853658536586,0,0.4366007329908331,1,1,1,0.8318755941192383,0,1,0,0,0,1
706,0.878048780487805,9,0.4680964689687355,1,1,1,0.9312252820144323,2,1,0,0,0,1
750,0.43902439024390244,7,0.5440173737472455,3,1,1,0.13245619956705865,3,1,0,0,0,1
649,0.43902439024390244,6,0.3451895149939165,1,0,0,0.09907701185463211,1,0,0,1,1,0
602,0.4146341463414634,8,0.0,1,1,1,0.11244928890709062,1,1,0,0,0,1
654,0.4634146341463415,5,0.0,1,0,1,0.35743763529417055,1,1,0,0,1,0
758,0.39024390243902446,3,0.0,2,1,1,0.6211322181268311,3,1,0,0,1,0
641,0.4634146341463415,7,0.0,2,1,0,0.37621952896501615,1,1,0,0,0,1
622,0.5853658536585367,9,0.0,2,1,0,0.5956342830740335,1,0,0,1,0,1
646,0.14634146341463422,0,0.3682693638680151,1,1,1,0.09443756878781923,1,0,1,0,0,1
581,0.5100518941359626,7,0.7545619817193507,2,1,0,0.22509474654829537,1,0,0,1,1,0
738,0.5100518941359626,9,0.0,2,1,1,0.24319002464735381,2,1,0,0,0,1
505,0.3658536585365854,3,0.42450211558007483,3,1,0,0.22719269690255417,0,0,1,0,1,0
640,0.6341463414634148,7,0.44573264786511535,1,1,0,0.33598788684319353,1,1,0,0,0,1
554,0.3170731707317073,6,0.5399439270342792,1,1,0,0.5353672775750083,0,0,1,0,1,0
515,0.4634146341463415,2,0.360436861037882,1,1,1,0.9418622478446691,0,0,1,0,0,1
651,0.17073170731707316,2,0.4351373898462121,2,1,0,0.5728291551843201,1,0,1,0,1,0
778,0.39024390243902446,5,0.5542651201529674,2,0,0,0.3397211433691918,3,1,0,0,0,1
721,0.48780487804878053,7,0.0,1,0,1,0.26764165977850884,2,0,0,1,0,1
619,0.5609756097560976,3,0.5897779453004207,2,1,0,0.8526176749879613,1,0,1,0,0,1
532,0.48780487804878053,9,0.0,2,0,0,0.15287644970094644,0,1,0,0,0,1
512,0.5365853658536586,5,0.0,2,1,1,0.7323011847631448,0,1,0,0,0,1
699,0.5100518941359626,1,0.0,2,0,1,0.15054367692114595,2,0,0,1,0,1
744,0.43902439024390244,2,0.6130155873247183,1,1,1,0.43605039281251357,3,0,0,1,0,1
485,0.2926829268292683,7,0.0,1,1,0,0.535330074022069,0,0,0,1,1,0
715,0.4634146341463415,9,0.6586439936629251,1,1,0,0.4264143225678052,2,1,0,0,0,1
689,0.3658536585365854,2,0.6449416972444869,2,1,0,0.8469324820520359,2,0,1,0,0,1
569,0.17073170731707316,9,0.6913542068016542,2,1,1,0.22186858845019697,0,0,1,0,0,1
707,0.7560975609756098,10,0.0,1,1,0,0.4148215654595014,2,1,0,0,1,0
700,1.0,5,0.5486227894361413,1,1,0,0.7148956225319517,2,0,1,0,1,0
699,0.17073170731707316,8,0.0,2,1,1,0.2619894699943845,2,0,0,1,1,0
523,0.1951219512195122,4,0.0,2,1,0,0.9274747238361263,0,1,0,0,1,0
504,0.34146341463414637,8,0.6787266495332827,2,0,1,0.0782445223518846,0,0,1,0,0,1
632,0.7073170731707319,3,0.0,2,1,0,0.894139090283122,1,0,0,1,0,1
539,0.5100518941359626,6,0.0,2,1,1,0.4338209298988053,0,1,0,0,0,1
697,0.5365853658536586,4,0.0,2,0,1,0.13267117009674423,2,1,0,0,0,1
679,0.2439024390243903,9,0.0,2,0,1,0.30878043853187975,2,0,0,1,1,0
661,0.3658536585365854,9,0.0,2,1,1,0.42085634178064,1,1,0,0,0,1
494,0.5100518941359626,9,0.37194703235883547,1,1,1,0.1224009892944776,0,1,0,0,0,1
456,0.34146341463414637,9,0.5879130048379404,1,1,1,0.6770028037677598,0,0,0,1,0,1
762,0.26829268292682934,6,0.5635318307923349,1,1,0,0.270582390618304,3,1,0,0,0,1
837,0.4634146341463415,6,0.3746605245181421,2,1,0,0.7036245461441567,4,0,1,0,0,1
553,0.6097560975609757,6,0.3395833742696089,2,1,1,0.8028892259210754,0,0,1,0,0,1
703,0.3658536585365854,8,0.7595380658338213,1,1,1,0.39996599675268985,2,1,0,0,1,0
593,0.48780487804878053,4,0.35367523124628014,2,1,0,0.3350742495908359,1,0,0,1,1,0
749,0.39024390243902446,2,0.0,1,0,0,0.8709704776806185,3,0,0,1,0,1
619,0.9756097560975612,5,0.6066181292970385,1,1,1,0.43009362394108636,1,1,0,0,0,1
712,0.5365853658536586,3,0.4356700762449009,2,1,0,0.600793075738733,2,0,1,0,1,0
753,0.6829268292682928,8,0.0,3,1,0,0.4537251307499866,3,1,0,0,0,1
850,0.7560975609756098,8,0.3931857352919666,1,1,0,0.5958734059102644,4,0,1,0,0,1
695,0.43902439024390244,2,0.0,2,0,1,0.8387699025256912,2,1,0,0,1,0
690,0.43902439024390244,6,0.44034005998212267,1,0,0,0.4064425652649828,2,1,0,0,1,0
767,0.4146341463414634,9,0.0,2,1,0,0.19751901306574776,3,1,0,0,1,0
627,0.07317073170731708,7,0.3945546974869359,1,1,1,0.8458060744801129,1,1,0,0,1,0
850,0.7073170731707319,9,0.547241591197446,1,1,0,0.22172212446288617,4,1,0,0,1,0
719,0.6341463414634148,2,0.0,2,1,0,0.9829469214309966,2,0,0,1,0,1
701,0.2926829268292683,3,0.6243998110946162,2,1,0,0.22867603856168262,2,1,0,0,0,1
644,0.3170731707317073,5,0.3427937614032853,1,1,1,0.3695921460499477,1,0,0,1,1,0
516,0.5100518941359626,2,0.4494802252181354,2,1,1,0.696841548367869,0,1,0,0,1,0
611,0.5365853658536586,1,0.0,2,1,1,0.5127288656066654,1,1,0,0,0,1
707,0.7073170731707319,3,0.0,2,1,0,0.871541782240204,2,1,0,0,0,1
706,0.6341463414634148,4,0.51656826084248,1,0,0,0.34930290842775485,2,1,0,0,1,0
681,0.3658536585365854,10,0.0,1,0,0,0.7916995073029474,2,0,0,1,0,1
655,0.34146341463414637,6,0.5218675040531398,1,1,0,0.04615565786532613,1,0,1,0,1,0
590,0.6341463414634148,3,0.555733086688703,1,1,0,0.3110858586995058,1,0,0,1,1,0
528,0.1951219512195122,10,0.40683318872614777,2,0,0,0.8340213990436086,0,1,0,0,1,0
520,0.6829268292682928,10,0.33964630818831665,1,1,0,0.5868457437685299,0,1,0,0,1,0
614,0.5365853658536586,3,0.45177107565864694,1,1,1,0.38892429226991176,1,0,0,1,1,0
437,0.4146341463414634,6,0.5053977891979967,2,1,1,0.805686043017108,0,0,1,0,0,1
750,0.48780487804878053,1,0.0,2,1,0,0.23878985443109813,3,1,0,0,1,0
837,0.3170731707317073,9,0.4172156910401351,1,0,1,0.25482943621115817,4,0,0,1,0,1
525,0.43902439024390244,2,0.4568723500445938,1,0,1,0.8414727606486418,0,1,0,0,0,1
678,0.5609756097560976,2,0.5902321137637995,1,1,0,0.0703644198020911,2,1,0,0,0,1
795,0.4634146341463415,2,0.5550685140727856,2,1,1,0.9937667047203007,3,0,1,0,0,1
791,0.3658536585365854,3,0.0,1,1,1,0.7220806587029062,3,1,0,0,1,0
570,0.4634146341463415,6,0.0,1,1,1,0.9388242577166118,0,1,0,0,0,1
737,0.6341463414634148,7,0.0,2,0,0,0.2894626436824717,2,1,0,0,0,1
612,0.6829268292682928,9,0.6434884777321342,1,1,1,0.484793397769487,1,0,1,0,0,1
596,0.39024390243902446,4,0.3963410403004663,2,0,1,0.023955737772957317,1,0,1,0,0,1
527,0.26829268292682934,2,0.11062646989460942,1,1,0,0.4873308400952291,0,0,0,1,1,0
513,0.6097560975609757,9,0.0,2,1,0,0.7625139200793675,0,1,0,0,1,0
833,0.2439024390243903,4,0.544741133740795,2,0,0,0.026338515328213838,4,1,0,0,1,0
683,0.5121951219512195,2,0.3988159495355266,2,1,0,0.5460013931330442,2,0,1,0,1,0
711,0.1951219512195122,9,0.513330452216675,1,1,0,0.09626154297735433,2,0,1,0,0,1
679,0.43902439024390244,6,0.5888193090668806,1,0,1,0.8625313717460017,2,1,0,0,0,1
669,0.5121951219512195,3,0.47609780528819495,1,1,1,0.8579017296151782,1,1,0,0,0,1
775,0.2926829268292683,10,0.7616309075927999,2,1,1,0.48083992021238026,3,1,0,0,1,0
604,0.5609756097560976,3,0.0,1,0,0,0.05904693898267284,1,0,0,1,0,1
660,0.3170731707317073,6,0.6868353202688791,1,0,1,0.2271556933687167,1,1,0,0,1,0
734,0.5100518941359626,6,0.3671859757880182,2,0,0,0.5648627443920894,2,0,0,1,1,0
741,0.853658536585366,3,0.0,2,1,1,0.1945290775269038,3,0,0,1,0,1
528,0.5100518941359626,9,0.482118417083207,1,1,0,0.0270412324376978,0,1,0,0,0,1
566,0.39024390243902446,3,0.0,1,0,0,0.9407103878420389,0,1,0,0,0,1
535,0.7560975609756098,3,0.0,1,0,0,0.3090736665351541,0,1,0,0,1,0
755,0.5100518941359626,2,0.4779594774914389,1,1,0,0.7843580561943665,3,1,0,0,0,1
698,0.5100518941359626,3,0.3611238730434337,1,1,1,0.07173395059228155,2,1,0,0,0,1
478,0.5100518941359626,1,0.0,2,1,1,0.9896187585914453,0,0,0,1,0,1
712,0.26829268292682934,7,0.31056346423362574,1,1,0,0.6127385165283284,2,0,0,1,1,0
850,0.5365853658536586,6,0.0,1,1,0,0.6849329110930092,4,1,0,0,0,1
716,0.21951219512195125,1,0.48845465503543695,2,1,0,0.3380311819778789,2,0,1,0,0,1
547,0.5100518941359626,6,0.4163079121088567,1,1,1,0.18576124019843893,0,1,0,0,1,0
830,0.5365853658536586,4,0.0,2,0,1,0.4080936729457663,4,0,0,1,0,1
546,0.26829268292682934,5,0.0,1,1,1,0.4741071272306505,0,1,0,0,0,1
731,0.8292682926829269,10,0.0,1,1,1,0.12494778251323,2,1,0,0,1,0
618,0.4634146341463415,2,0.6703048636201256,2,0,1,0.5063566070559739,1,1,0,0,0,1
684,0.7317073170731709,3,0.29218787596190954,1,0,0,0.10609393197050317,2,1,0,0,1,0
541,0.34146341463414637,4,0.0,1,1,1,0.574754089015501,0,1,0,0,1,0
741,0.4146341463414634,1,0.0,2,1,0,0.18274730236737607,3,1,0,0,1,0
850,0.6341463414634148,7,0.35519704434577404,1,1,0,0.5211957241916603,4,0,0,1,0,1
786,0.3170731707317073,9,0.0,2,1,1,0.09100259074741637,3,0,0,1,0,1
773,0.5853658536585367,8,0.6071176548215255,2,1,0,0.8586902049145693,3,0,1,0,1,0
605,0.9512195121951221,2,0.0,3,1,0,0.3332376741978859,1,0,0,1,1,0
771,0.5121951219512195,5,0.0,2,1,0,0.48134126809110267,3,1,0,0,0,1
613,0.2926829268292683,5,0.5243717877645063,2,1,0,0.8532184823650658,1,0,1,0,1,0
653,0.2926829268292683,2,0.35170969217023534,2,1,1,0.4832795531973303,1,0,0,1,1,0
642,0.3658536585365854,9,0.0,2,1,1,0.7523896532118818,1,0,0,1,1,0
643,0.17073170731707316,4,0.458922983431241,1,1,1,0.7405075684727892,1,0,1,0,0,1
624,0.902439024390244,7,0.47347351269194604,1,1,1,0.47509757181810863,1,1,0,0,0,1
753,0.6341463414634148,3,0.5503289004711037,1,1,0,0.07756495745343679,3,0,1,0,0,1
662,0.04878048780487804,9,0.41653872295321187,2,0,0,0.36551465664971006,1,0,0,1,0,1
712,0.39024390243902446,8,0.4547197629125037,1,1,0,0.46395945812825123,2,1,0,0,0,1
537,0.7317073170731709,4,0.5254515887307074,1,1,0,0.832406344805929,0,0,1,0,0,1
537,0.5121951219512195,2,0.0,2,1,1,0.6882658293867064,0,1,0,0,0,1
418,0.2439024390243903,7,0.3935419356918979,1,1,0,0.6109515458726308,0,1,0,0,0,1
590,0.8048780487804879,10,0.33668897200452985,2,1,1,0.9547187256382984,1,0,0,1,1,0
576,0.2926829268292683,7,0.5268051661931744,2,0,0,0.468822022503149,0,0,1,0,0,1
484,0.5609756097560976,5,0.0,1,1,1,0.37131431051665437,0,1,0,0,0,1
579,0.3170731707317073,9,0.0,2,1,0,0.5619756686763585,0,0,0,1,1,0
592,0.48780487804878053,8,0.0,2,1,0,0.902159256208968,1,0,0,1,0,1
585,0.2439024390243903,9,0.5394121971992692,2,1,1,0.20188943044060706,1,0,1,0,1,0
850,0.5100518941359626,9,0.5652786356404707,2,1,1,0.7473071178297528,4,0,1,0,0,1
654,0.26829268292682934,7,0.0,2,1,1,0.7459340867052803,1,1,0,0,0,1
577,0.26829268292682934,2,0.0,1,1,1,0.8446448135796968,0,0,0,1,0,1
716,0.5100518941359626,10,0.3505263431857931,1,1,1,0.9126879617003423,2,1,0,0,1,0
669,0.6097560975609757,1,0.639600684086515,1,1,1,0.4798036212458289,1,1,0,0,1,0
653,0.902439024390244,2,0.2800492821607371,1,0,1,0.31171041834495195,1,0,0,1,0,1
620,0.5609756097560976,3,0.0,2,1,1,0.6865529658082347,1,1,0,0,0,1
543,0.2926829268292683,6,0.2928720979900645,1,1,1,0.883489723268572,0,0,1,0,0,1
669,0.3658536585365854,8,0.0,2,0,1,0.6426937272509524,1,0,0,1,1,0
645,0.5853658536585367,4,0.3917852862092334,1,1,1,0.003322717319504012,1,1,0,0,0,1
681,0.39024390243902446,7,0.0,2,0,0,0.6534374532767879,2,1,0,0,0,1
850,0.6341463414634148,5,0.5125799084401161,1,0,1,0.8555048007084677,4,0,1,0,1,0
620,0.5100518941359626,0,0.0,1,1,0,0.16290490741865846,1,1,0,0,0,1
846,0.5609756097560976,5,0.0,3,1,0,0.0171460874513516,4,1,0,0,1,0
629,0.39024390243902446,8,0.0,2,1,1,0.9030034368282169,1,0,0,1,0,1
603,0.5365853658536586,8,0.5934561717867203,1,0,0,0.525256762020773,1,0,1,0,1,0
577,0.6341463414634148,8,0.4605734543455473,1,0,1,0.6375367847629448,0,0,0,1,1,0
736,0.26829268292682934,9,0.0,2,0,0,0.8807897154178224,2,1,0,0,1,0
509,0.5100518941359626,0,0.4293080509301606,2,1,1,0.46447730758287414,0,0,1,0,1,0
755,0.6097560975609757,9,0.0,2,1,0,0.0902841721384392,3,1,0,0,1,0
730,0.48780487804878053,0,0.1548365314379237,2,0,0,0.4700025352421156,2,0,1,0,0,1
615,1.0,4,0.6208339409837675,1,1,1,0.5513706058928627,1,0,0,1,0,1
648,0.21951219512195125,7,0.0,2,1,1,0.8153221132618164,1,0,0,1,1,0
624,0.48780487804878053,3,0.0,2,1,1,0.8183545028550226,1,1,0,0,1,0
748,0.5100518941359626,4,0.4488307184801607,1,0,1,0.01018582274607225,3,1,0,0,0,1
553,0.7317073170731709,3,0.0,1,0,1,0.15361151990015046,0,0,0,1,1,0
765,0.39024390243902446,5,0.34298854168240184,2,1,1,0.5210943645118109,3,0,1,0,0,1
501,0.26829268292682934,8,0.0,2,1,0,0.5633170967827428,0,1,0,0,1,0
659,0.43902439024390244,4,0.5284174144171445,2,1,0,0.4215870615643794,1,0,1,0,0,1
616,0.3170731707317073,1,0.0,2,1,1,0.27350196943808136,1,1,0,0,0,1
850,0.5100518941359626,7,0.31590511510071684,1,0,1,0.9345850528725492,4,1,0,0,1,0
536,0.5365853658536586,9,0.0,2,1,1,0.059742955452245686,0,0,0,1,0,1
521,0.4634146341463415,5,0.42185757571928906,2,1,1,0.42452364200781173,0,1,0,0,0,1
850,0.2439024390243903,2,0.40295332658769945,2,1,1,0.17664551964712627,4,0,1,0,0,1
683,0.14634146341463422,8,0.39285711581144367,1,1,0,0.9399669168405582,2,0,0,1,1,0
803,0.6585365853658538,7,0.0,2,1,1,0.64189360083888,4,0,0,1,1,0
565,0.48780487804878053,5,0.0,2,0,1,0.40313219912501647,0,1,0,0,0,1
695,0.6829268292682928,3,0.4884438936940493,1,1,1,0.2814582292608944,2,0,0,1,0,1
425,0.5121951219512195,4,0.0,2,1,0,0.9861678790324475,0,1,0,0,0,1
762,0.34146341463414637,10,0.7643567553662924,1,1,0,0.8983170392772508,3,1,0,0,0,1
667,0.5365853658536586,9,0.0,1,1,1,0.48333925889922486,1,1,0,0,0,1
721,0.878048780487805,5,0.0,2,1,1,0.02240984013973334,2,1,0,0,0,1
677,0.6829268292682928,2,0.2273342933778412,1,1,1,0.7926728502571996,2,1,0,0,0,1
520,0.5121951219512195,1,0.292920404455849,1,0,1,0.5481250959466629,0,1,0,0,1,0
616,0.6097560975609757,7,0.3825625376422755,1,0,1,0.5763098375894897,1,0,1,0,1,0
705,0.5121951219512195,5,0.5953798213449932,2,1,0,0.4803657249267305,2,1,0,0,1,0
500,0.6341463414634148,9,0.6410496389191326,2,1,0,0.9813440183537527,0,0,1,0,0,1
623,0.26829268292682934,1,0.0,2,0,0,0.19687120119971455,1,1,0,0,1,0
582,0.5609756097560976,1,0.16137532174916122,1,1,0,0.6426476228479819,1,1,0,0,0,1
634,0.5609756097560976,8,0.2718792717792312,1,1,1,0.031857442385747836,1,1,0,0,1,0
773,0.5365853658536586,10,0.0,2,0,1,0.34649093988475893,3,1,0,0,1,0
756,0.34146341463414637,4,0.0,2,1,0,0.7352135628952564,3,1,0,0,1,0
653,0.902439024390244,7,0.0,2,1,1,0.20979728564077868,1,0,0,1,0,1
777,0.5100518941359626,2,0.5363592046475922,1,0,1,0.5915654945047252,3,1,0,0,1,0
508,0.6097560975609757,9,0.0,1,1,0,0.5186251787045663,0,1,0,0,1,0
580,0.6585365853658538,2,0.7147716030839454,2,1,1,0.8465411946840923,0,0,1,0,0,1
612,0.6097560975609757,4,0.5559880906227704,2,1,1,0.38562007671732645,1,1,0,0,1,0
796,0.6585365853658538,2,0.4373497622082337,1,1,1,0.6194149041233438,3,1,0,0,1,0
732,0.43902439024390244,7,0.0,2,1,1,0.3041223436838218,2,1,0,0,0,1
435,0.43902439024390244,4,0.0,1,1,1,0.9851121782130193,0,1,0,0,0,1
655,0.4634146341463415,9,0.4836315812527709,1,1,1,0.9012353679776418,1,0,1,0,0,1
727,0.43902439024390244,6,0.559664722836272,1,1,1,0.5651647232310685,2,0,1,0,0,1
575,0.43902439024390244,7,0.0,1,1,1,0.2793136244511351,0,1,0,0,0,1
643,0.39024390243902446,6,0.0,2,1,1,0.58022861183243,1,0,0,1,0,1
680,0.7560975609756098,10,0.0,2,1,0,0.9350736495335304,2,1,0,0,0,1
583,0.5365853658536586,4,0.4266325821770904,1,1,1,0.028122935740363203,1,0,1,0,0,1
715,0.5609756097560976,8,0.22405451552062436,2,0,0,0.4648995479068251,2,1,0,0,1,0
630,0.2439024390243903,8,0.4241791956248053,1,1,1,0.10167601005896063,1,0,1,0,1,0
681,0.7317073170731709,8,0.5559236421449044,1,1,1,0.817928562177688,2,0,1,0,1,0
669,0.8048780487804879,3,0.3540382870192436,1,0,0,0.42623665560060986,1,0,0,1,0,1
664,0.5609756097560976,7,0.49194750745212934,1,1,1,0.8246414032540106,1,0,0,1,0,1
675,0.5100518941359626,3,0.0,2,1,0,0.22670415024634852,2,0,0,1,0,1
739,0.9756097560975612,2,0.40486270740442865,1,1,1,0.36081920823438635,2,1,0,0,0,1
651,0.5365853658536586,1,0.5371113426969493,2,0,0,0.8721956946888427,1,0,1,0,0,1
807,0.3170731707317073,1,0.37250371256313675,2,0,0,0.863938056084356,4,0,1,0,1,0
650,0.902439024390244,2,0.5615485554314105,3,1,1,0.8992002236213559,1,0,1,0,1,0
744,0.34146341463414637,4,0.3830512619685547,1,1,1,0.39904405870760656,3,0,1,0,0,1
709,0.12195121951219517,10,0.0,2,0,0,0.6479548796910104,2,0,0,1,0,1
705,0.6097560975609757,10,0.5840928482157837,1,0,1,0.050309654572011614,2,0,1,0,1,0
718,0.17073170731707316,7,0.0,2,1,0,0.15185720236282563,2,1,0,0,1,0
579,0.2439024390243903,6,0.599164186542831,1,1,0,0.7278037052538517,0,0,1,0,0,1
714,0.39024390243902446,5,0.5626708039108629,1,0,1,0.49446962184888654,2,1,0,0,0,1
513,0.5100518941359626,10,0.0,2,1,1,0.2647285815795408,0,0,0,1,0,1
520,0.39024390243902446,4,0.5341128742749696,1,1,1,0.9660799106314651,0,1,0,0,0,1
803,0.34146341463414637,9,0.7657405442982846,1,1,1,0.2713552644277528,4,1,0,0,1,0
654,0.5853658536585367,7,0.3956311106234408,1,1,1,0.33801388032557106,1,1,0,0,0,1
579,0.3170731707317073,6,0.0,2,1,0,0.13070083192944926,0,1,0,0,0,1
673,0.7073170731707319,1,0.0,2,0,0,0.543804833361586,2,1,0,0,0,1
677,0.0,8,0.5372574577989015,2,1,1,0.5742914448329814,2,0,0,1,0,1
646,0.5100518941359626,6,0.4960002684755393,1,1,0,0.4423909483355661,1,1,0,0,0,1
799,0.09756097560975613,8,0.6942499243417917,2,0,1,0.9632033359185802,3,1,0,0,1,0
591,0.3658536585365854,9,0.5251762578184633,1,1,0,0.5939091183207996,1,1,0,0,0,1
730,0.3658536585365854,7,0.5196048722411558,1,1,0,0.07565982551333651,2,0,1,0,1,0
549,0.3170731707317073,9,0.5381476200157602,2,1,1,0.11666914190305173,0,0,1,0,1,0
737,0.2926829268292683,8,0.6949280881333135,1,0,0,0.15959984178489045,2,1,0,0,0,1
837,0.4146341463414634,0,0.5740880689845029,1,1,0,0.7266380939379711,4,0,1,0,0,1
595,0.04878048780487804,4,0.38194961946501865,1,1,0,0.8887218729388656,1,1,0,0,0,1
499,0.853658536585366,1,0.2998250405174468,2,0,0,0.7242567665212027,0,0,0,1,1,0
735,0.39024390243902446,1,0.565155478066812,1,1,0,0.22925644399040104,2,1,0,0,0,1
656,0.6097560975609757,7,0.5377476169706992,1,1,0,0.9734948187551911,1,1,0,0,0,1
773,0.39024390243902446,10,0.50610090335881,1,0,0,0.18407607926556985,3,0,1,0,0,1
728,0.39024390243902446,6,0.3604058922887775,2,1,1,0.057936082895916556,2,1,0,0,1,0
540,0.3170731707317073,7,0.0,1,0,1,0.9152875099572009,0,1,0,0,1,0
843,0.48780487804878053,8,0.537618799728607,1,1,1,0.05396745389184667,4,1,0,0,1,0
686,0.7073170731707319,6,0.0,1,1,0,0.16036086446255615,2,0,0,1,1,0
729,0.43902439024390244,8,0.43486500833864467,1,0,0,0.6065556260622889,2,1,0,0,1,0
664,0.34146341463414637,5,0.5329085606032314,1,0,0,0.6722855032655618,1,0,0,1,0,1
779,0.4634146341463415,7,0.47865059474944593,2,1,0,0.6796356052002966,3,0,1,0,0,1
553,0.6829268292682928,3,0.3279861556538753,1,1,0,0.5627457922231573,0,0,1,0,0,1
577,0.6829268292682928,1,0.0,1,1,1,0.7937705550880109,0,1,0,0,1,0
712,0.7317073170731709,8,0.0,2,1,0,0.9162062476966549,2,0,0,1,1,0
643,0.43902439024390244,0,0.5905174885946721,1,0,0,0.279147058544091,1,1,0,0,0,1
661,0.5609756097560976,1,0.0,2,0,1,0.6565081965327688,1,1,0,0,1,0
681,0.3170731707317073,4,0.38795907135044355,2,0,0,0.24109892494733245,2,0,1,0,0,1
655,0.2926829268292683,1,0.33150503457399777,2,1,1,0.9213280868322924,1,0,1,0,1,0
678,0.5365853658536586,8,0.5127359080334172,1,0,0,0.8383890161510423,2,0,1,0,1,0
644,0.2439024390243903,7,0.6180214843405146,1,1,0,0.14585362902157153,1,1,0,0,0,1
850,0.7073170731707319,10,0.535602004782101,1,0,0,0.13401934884781494,4,0,1,0,1,0
667,0.7317073170731709,2,0.0,1,1,0,0.2161087383845157,1,1,0,0,0,1
751,0.26829268292682934,1,0.5402053877731792,1,1,0,0.3341006566127065,3,1,0,0,0,1
515,0.7317073170731709,5,0.5156991828833771,1,0,1,0.7397923001646657,0,1,0,0,0,1
572,0.3170731707317073,5,0.3910304378961195,1,0,1,0.5999841484861804,0,0,0,1,0,1
681,0.4634146341463415,8,0.2916695778752242,2,1,1,0.126416822806578,2,0,1,0,0,1
536,0.12195121951219517,6,0.36814437288063856,2,1,0,0.6033082659393972,0,0,1,0,0,1
661,0.1951219512195122,8,0.0,2,0,0,0.98441546167659,1,1,0,0,0,1
623,0.5365853658536586,5,0.47345346471150906,1,1,0,0.9643711974493563,1,1,0,0,0,1
703,0.5100518941359626,6,0.6085554497445557,1,0,0,0.9183103986430703,2,0,0,1,0,1
499,0.48780487804878053,9,0.0,2,0,1,0.9152405054682722,0,1,0,0,1,0
643,0.39024390243902446,3,0.33133807435520934,1,1,1,0.10675669526439774,1,0,0,1,0,1
634,0.9268292682926831,3,0.4633404742140525,1,0,1,0.21211175667276222,1,0,1,0,1,0
662,0.4146341463414634,6,0.0,2,0,0,0.012062751992815314,1,0,0,1,1,0
509,0.2926829268292683,6,0.0,2,1,0,0.9030226386619921,0,1,0,0,0,1
633,0.6829268292682928,3,0.0,2,1,0,0.6012524196060723,1,0,0,1,1,0
693,0.6829268292682928,2,0.41755363701652737,1,1,1,0.31181352819194236,2,0,1,0,0,1
850,0.3170731707317073,4,0.3638636707039101,1,1,1,0.8107648780458534,4,0,0,1,1,0
757,0.43902439024390244,1,0.2604631625533698,1,0,0,0.3226711150914912,3,0,1,0,0,1
544,0.4634146341463415,2,0.0,2,0,0,0.675341695131885,0,0,0,1,0,1
841,0.34146341463414637,2,0.46660462819784726,1,1,0,0.5674072873959463,4,0,1,0,0,1
469,0.8292682926829269,8,0.5559757350085847,3,0,0,0.7504803708754186,0,0,1,0,1,0
832,0.39024390243902446,6,0.5507819130867039,2,0,1,0.7325680602497538,4,0,0,1,1,0
679,0.6585365853658538,3,0.5849316748485411,1,1,0,0.24229968962035872,2,1,0,0,0,1
581,0.2926829268292683,1,0.0,2,1,0,0.9973577476649018,1,1,0,0,0,1
579,0.4146341463414634,1,0.5161073964333488,2,0,1,0.04290034698313688,0,0,0,1,1,0
582,0.34146341463414637,1,0.4639714475307485,1,0,1,0.7639696591024443,1,1,0,0,1,0
709,0.34146341463414637,2,0.3500022260033945,1,1,0,0.6929001219616473,2,1,0,0,1,0
601,0.5853658536585367,1,0.3925726178306101,1,1,0,0.20003500334281923,1,0,1,0,0,1
696,0.3170731707317073,8,0.0,2,0,0,0.9554038910715972,2,1,0,0,1,0
788,0.9512195121951221,8,0.37352504357446487,1,1,1,0.9007805745448689,3,0,1,0,1,0
682,0.43902439024390244,5,0.0,2,1,1,0.7388052058971631,2,0,0,1,0,1
711,0.39024390243902446,8,0.0,2,0,0,0.24126609091168205,2,1,0,0,0,1
687,0.39024390243902446,9,0.500101216394274,1,1,0,0.9946862925409375,2,1,0,0,1,0
661,0.5121951219512195,6,0.5286169376578356,1,0,0,0.19402397929002216,1,0,0,1,0,1
687,0.21951219512195125,9,0.6071344743995462,2,0,0,0.6324766015154447,2,0,1,0,1,0
654,0.26829268292682934,4,0.5299149148564664,1,1,1,0.7335875076069764,1,1,0,0,0,1
630,0.7560975609756098,1,0.0,2,0,1,0.8143113167307477,1,0,0,1,1,0
769,0.17073170731707316,10,0.0,2,0,0,0.9396605875861144,3,1,0,0,1,0
619,0.5853658536585367,8,0.5292827856919916,3,1,1,0.9591404479127756,1,0,1,0,1,0
567,0.4634146341463415,7,0.0,2,1,1,0.14341029568323774,0,1,0,0,1,0
476,0.5365853658536586,6,0.0,1,1,1,0.11363020168426084,0,1,0,0,0,1
595,0.6829268292682928,5,0.5674041599918118,2,1,0,0.24207221789680913,1,0,1,0,0,1
611,0.48780487804878053,4,0.2830575553604255,2,1,0,0.012164711729970211,1,1,0,0,0,1
721,0.8048780487804879,0,0.6748243081483802,1,1,0,0.5453859343567311,2,0,0,1,0,1
668,0.34146341463414637,1,0.535859160984446,1,0,1,0.5562020672974268,1,0,0,1,0,1
533,0.7073170731707319,9,0.3321956336933454,1,1,1,0.6884891007091177,0,1,0,0,0,1
646,0.5365853658536586,5,0.37338040317485083,2,1,1,0.8973941011366585,1,1,0,0,0,1
502,0.6585365853658538,0,0.0,1,0,0,0.4232985750139138,0,1,0,0,0,1
589,0.48780487804878053,2,0.0,1,1,0,0.3995566576608066,1,1,0,0,0,1
711,0.5609756097560976,3,0.5809327205320695,1,1,1,0.5072658938928668,2,1,0,0,1,0
709,0.6097560975609757,8,0.0,2,0,0,0.840200439141938,2,1,0,0,1,0
534,0.8292682926829269,1,0.0,3,1,1,0.5201688261228947,0,1,0,0,0,1
548,0.34146341463414637,5,0.6983501149809471,1,1,1,0.7758442431252184,0,0,1,0,0,1
677,0.9756097560975612,9,0.0,1,0,1,0.8432746327274254,2,1,0,0,0,1
805,0.3658536585365854,3,0.42114134866471087,2,0,1,0.16661246149007228,4,0,1,0,1,0
442,0.39024390243902446,4,0.0,2,1,0,0.34169013140754945,0,1,0,0,0,1
719,0.34146341463414637,7,0.0,1,0,0,0.3812998641370251,2,0,0,1,1,0
850,0.09756097560975613,3,0.0,1,1,1,0.7219387451501619,4,0,0,1,0,1
641,0.5365853658536586,4,0.402913669051845,1,1,1,0.2584822350534476,1,0,0,1,1,0
819,0.5121951219512195,9,0.5305059117827482,1,1,0,0.13518731038814205,4,1,0,0,1,0
682,0.21951219512195125,1,0.39017116471472546,1,1,0,0.8307463362751143,2,1,0,0,1,0
737,0.6585365853658538,2,0.395258768211428,2,1,1,0.39323440388557107,2,0,1,0,1,0
526,0.3658536585365854,8,0.4568971808434254,2,1,0,0.5505665791083049,0,0,0,1,1,0
692,0.2926829268292683,2,0.0,2,0,1,0.6524372577581159,2,1,0,0,0,1
422,0.878048780487805,4,0.0,2,1,1,0.03577906690088903,0,0,0,1,1,0
586,0.3658536585365854,7,0.0,2,1,1,0.8413294469621848,1,0,0,1,1,0
667,0.43902439024390244,1,0.45592862026171666,1,1,1,0.2670303013937831,1,0,1,0,1,0
569,0.5609756097560976,4,0.5573592050860172,1,1,1,0.8176436849719149,0,0,0,1,1,0
641,0.5365853658536586,5,0.407118005561541,1,1,1,0.5031755032605614,1,0,0,1,0,1
597,0.2926829268292683,2,0.4757712982191296,1,1,1,0.9136604545734117,1,0,0,1,1,0
444,0.6585365853658538,4,0.0,2,1,0,0.8082867913885775,0,1,0,0,1,0
644,0.4634146341463415,9,0.0,2,1,1,0.4822024503340069,1,0,0,1,0,1
567,0.6585365853658538,4,0.0,2,0,1,0.6052658528889509,0,1,0,0,1,0
635,0.6097560975609757,10,0.4870432054703964,2,0,1,0.895750344157867,1,1,0,0,0,1
582,0.7804878048780488,6,0.38456478484949813,2,1,1,0.10167190966737323,1,0,1,0,1,0
685,0.5121951219512195,9,0.0,2,1,1,0.09408138477224574,2,0,0,1,0,1
715,0.3170731707317073,2,0.44724190606632364,2,1,1,0.9080324170958326,2,1,0,0,1,0
624,0.48780487804878053,8,0.0,2,1,0,0.47700470394922717,1,0,0,1,1,0
785,0.7073170731707319,9,0.4863789517090386,1,1,1,0.16907574673381306,3,1,0,0,1,0
500,0.5100518941359626,7,0.0,2,0,0,0.9600999395442265,0,0,0,1,0,1
626,0.4146341463414634,4,0.3511776833374858,1,1,1,0.16408527014329866,1,0,1,0,0,1
669,0.5100518941359626,9,0.0,2,0,0,0.6781584641333247,1,1,0,0,1,0
610,0.3170731707317073,5,0.0,2,0,0,0.3186543314886572,1,0,0,1,1,0
695,0.5121951219512195,4,0.26114666715876556,1,1,1,0.006162538522428891,2,0,0,1,0,1
667,0.7317073170731709,2,0.0,2,1,1,0.7430550117536225,1,1,0,0,1,0
705,0.6341463414634148,0,0.7355660619018662,1,1,0,0.3442764784036876,2,0,0,1,0,1
712,0.26829268292682934,7,0.5866886830425853,1,1,1,0.42464465356441533,2,0,1,0,1,0
741,0.5121951219512195,7,0.5724937164726922,2,0,1,0.8711635961234298,3,0,0,1,0,1
655,0.1951219512195122,7,0.42327344939134454,1,0,1,0.1600594856808825,1,1,0,0,1,0
686,0.39024390243902446,3,0.49411101535288693,2,1,0,0.7389858231461104,2,1,0,0,1,0
678,0.3170731707317073,1,0.0,2,0,1,0.6522376386944952,2,1,0,0,1,0
766,0.6585365853658538,6,0.3892136444721441,1,1,0,0.6366645514646648,3,0,1,0,1,0
667,0.21951219512195125,7,0.6250017287895655,1,1,1,0.7470263910203424,1,1,0,0,0,1
798,0.2439024390243903,3,0.0,2,1,0,0.011469545341580121,3,1,0,0,0,1
660,0.39024390243902446,1,0.0,2,1,0,0.04840962311900786,1,1,0,0,0,1
538,0.3658536585365854,6,0.3738226145922435,1,1,1,0.9962836950928813,0,1,0,0,0,1
786,0.39024390243902446,9,0.0,2,1,0,0.5851695836952429,3,0,0,1,1,0
712,0.3658536585365854,6,0.0,2,1,1,0.9534639558077795,2,1,0,0,1,0
585,0.5121951219512195,7,0.6600704293922685,2,0,0,0.6592651098179876,1,0,1,0,1,0
680,0.4634146341463415,4,0.0,2,1,0,0.30617568977837384,2,1,0,0,0,1
678,0.2439024390243903,5,0.5526872683646177,1,1,1,0.27068800070406723,2,0,0,1,0,1
767,0.5853658536585367,2,0.5325524399169401,1,1,0,0.14303475981956276,3,1,0,0,1,0
803,0.7804878048780488,8,0.3912864382506858,1,0,0,0.11223906883107336,4,0,1,0,1,0
536,0.2439024390243903,4,0.0,1,1,1,0.680995385059273,0,0,0,1,1,0
521,0.26829268292682934,2,0.34760248673076793,1,1,1,0.004916869561043079,0,0,1,0,1,0
438,1.0,7,0.5069673507677959,1,1,0,0.25779661957716965,0,0,1,0,0,1
649,0.48780487804878053,1,0.48710613938910424,1,0,1,0.4448118795344956,1,1,0,0,0,1
658,0.26829268292682934,5,0.3005026064566694,2,0,1,0.27454291884875004,1,0,1,0,0,1
508,0.3170731707317073,8,0.2891272707576212,1,1,0,0.6490194813604699,0,1,0,0,0,1
648,0.39024390243902446,3,0.0,1,1,0,0.2736003788361789,1,1,0,0,1,0
734,0.5121951219512195,3,0.3692214635830827,2,1,1,0.6283585582423121,2,0,0,1,1,0
630,0.6097560975609757,9,0.0,2,1,1,0.17164869245012898,1,1,0,0,0,1
827,0.48780487804878053,5,0.0,2,0,0,0.5165164773235843,4,1,0,0,0,1
675,0.39024390243902446,1,0.49669301986316444,2,0,1,0.81835805319408,2,1,0,0,0,1
490,0.4146341463414634,7,0.42945336889571384,1,1,1,0.019630824743763025,0,1,0,0,1,0
813,0.21951219512195125,1,0.5471359307677471,1,0,1,0.5786631623320027,4,0,0,1,0,1
763,0.5121951219512195,7,0.0,2,1,0,0.09724513691057494,3,0,0,1,1,0
500,0.2926829268292683,2,0.500185712852577,2,1,1,0.3440123031749532,0,0,1,0,0,1
430,0.3658536585365854,8,0.0,1,1,1,0.34877495800848984,0,1,0,0,1,0
604,0.5100518941359626,7,0.5870332452510898,1,1,1,0.2890049499727224,1,0,0,1,1,0
718,0.34146341463414637,9,0.677356332206435,2,1,1,0.1398512557949284,2,0,1,0,0,1
698,0.6585365853658538,5,0.6554491506890309,1,1,0,0.7098599916292004,2,0,0,1,0,1
728,0.6829268292682928,2,0.43725131586294663,1,1,0,0.1013361276001858,2,1,0,0,1,0
647,0.1951219512195122,8,0.4382582187054513,1,1,1,0.6829685234939936,1,0,0,1,1,0
621,0.21951219512195125,1,0.29612991473948647,1,1,1,0.262877004753954,1,0,1,0,0,1
665,0.8048780487804879,9,0.4408579196437885,2,0,1,0.00550642586366998,1,0,1,0,1,0
527,0.853658536585366,8,0.0,1,1,1,0.25852463910303436,0,0,0,1,0,1
762,0.3170731707317073,7,0.469064351984505,1,1,1,0.796740338702346,3,1,0,0,0,1
652,0.8048780487804879,3,0.0,1,1,0,0.8699725323768419,1,1,0,0,1,0
742,0.6341463414634148,8,0.43015879475208446,1,0,1,0.08682674195385659,3,0,1,0,1,0
603,0.9268292682926831,5,0.3618152692991804,2,1,0,0.8111379136707556,1,0,0,1,1,0
734,0.2926829268292683,7,0.4903998272764851,1,1,1,0.3824939281701402,2,0,1,0,1,0
738,0.26829268292682934,2,0.0,2,1,1,0.8521291283317557,2,1,0,0,0,1
578,1.0,10,0.7412038887980377,1,0,0,0.04717370508883598,0,1,0,0,0,1
617,0.43902439024390244,7,0.46081355182895184,1,1,1,0.35757324824520736,1,0,0,1,1,0
757,0.48780487804878053,0,0.0,1,1,0,0.4162971563784341,3,1,0,0,0,1
593,0.7317073170731709,3,0.5336952545154888,2,1,1,0.4294950667788774,1,0,1,0,1,0
461,0.17073170731707316,6,0.0,2,1,1,0.0764808539215495,0,0,0,1,1,0
695,0.5853658536585367,5,0.0,1,0,1,0.36083720995355056,2,1,0,0,1,0
631,0.3658536585365854,4,0.49122215318578155,1,0,0,0.5634337579238817,1,0,1,0,1,0
714,0.8048780487804879,4,0.3519710731954955,3,0,0,0.02925754409546111,2,1,0,0,1,0
620,0.2439024390243903,9,0.28658057938982323,1,0,1,0.9510740775744083,1,1,0,0,0,1
427,0.26829268292682934,1,0.5632787399856253,1,1,1,0.46918340701537,0,1,0,0,0,1
754,0.4146341463414634,6,0.3929322060602375,2,0,1,0.5305769701006445,3,0,1,0,0,1
751,0.39024390243902446,9,0.432499306790259,2,1,1,0.13544413491488436,3,0,1,0,0,1
655,0.4146341463414634,1,0.4240966122938601,1,1,1,0.414482933120113,1,0,0,1,1,0
676,0.12195121951219517,1,0.42960657851161804,1,0,1,0.5818917706640985,2,1,0,0,0,1
580,0.14634146341463422,1,0.5333312023220265,1,1,0,0.08588005154492254,0,0,1,0,0,1
542,0.26829268292682934,9,0.0,1,1,0,0.041657828322604805,0,1,0,0,0,1
720,0.6829268292682928,3,0.38678094360941534,1,1,1,0.6675884046926481,2,0,1,0,0,1
688,0.4146341463414634,6,0.0,1,1,0,0.12739641635776217,2,0,0,1,1,0
796,0.7804878048780488,1,0.3753077594173794,1,1,1,0.9471062486467456,3,1,0,0,1,0
741,0.17073170731707316,4,0.0,2,1,1,0.36934562250694936,3,0,0,1,0,1
509,0.1951219512195122,10,0.0,2,1,1,0.03083419466559056,0,1,0,0,0,1
780,0.39024390243902446,1,0.0,1,1,1,0.3239932413545494,3,1,0,0,0,1
588,0.09756097560975613,9,0.267750902368368,1,1,1,0.817693939771248,1,0,0,1,1,0
540,0.5853658536585367,9,0.3478360875525199,2,1,0,0.8628877057759016,0,0,1,0,1,0
737,0.4146341463414634,0,0.5316014960496511,1,0,1,0.3202236313567946,2,0,1,0,0,1
550,0.8292682926829269,5,0.4823322090654417,1,1,1,0.20861387262483566,0,0,1,0,0,1
697,0.3658536585365854,1,0.34814015523195097,1,1,0,0.8626470327916316,2,1,0,0,1,0
606,0.48780487804878053,7,0.5124730921626387,1,1,1,0.9694272303004937,1,0,0,1,0,1
714,0.21951219512195125,3,0.0,3,1,1,0.6456542099770528,2,0,0,1,0,1
838,0.3170731707317073,2,0.0,2,1,0,0.04106082130843495,4,1,0,0,0,1
589,0.48780487804878053,4,0.0,1,1,0,0.4774050921863037,1,1,0,0,0,1
811,0.2439024390243903,4,0.6685535948081551,2,1,1,0.04946392380472334,4,0,1,0,1,0
785,0.2439024390243903,8,0.0,2,1,0,0.3861353259236257,3,1,0,0,0,1
702,0.4634146341463415,10,0.5999479709072317,1,1,1,0.47362978164414704,2,1,0,0,0,1
649,0.6585365853658538,7,0.0,2,0,1,0.3759990579100304,1,1,0,0,0,1
568,0.48780487804878053,3,0.5299040738014388,1,0,1,0.622432942345994,0,1,0,0,1,0
720,0.3658536585365854,2,0.0,2,0,1,0.7051648432425296,2,1,0,0,0,1
682,0.6829268292682928,2,0.0,1,1,1,0.5722100460593986,2,1,0,0,1,0
691,0.21951219512195125,3,0.6391387036864251,2,1,0,0.7118486815490879,2,0,1,0,0,1
695,0.7804878048780488,8,0.0,1,1,0,0.6319104474477313,2,1,0,0,1,0
773,0.5121951219512195,4,0.0,2,0,1,0.9104362966663316,3,0,0,1,1,0
617,0.7804878048780488,7,0.0,1,1,0,0.9242288638564983,1,0,0,1,0,1
593,0.48780487804878053,5,0.3412803979496218,1,1,1,0.62540007570723,1,0,1,0,1,0
584,0.34146341463414637,5,0.0,2,1,0,0.05473142685126429,1,0,0,1,0,1
538,0.2926829268292683,8,0.0,2,1,1,0.20592651598227626,0,0,0,1,1,0
585,0.2439024390243903,6,0.42166881381998567,1,1,1,0.2060572284653184,1,1,0,0,1,0
711,0.26829268292682934,9,0.0,2,0,1,0.0161176392345469,2,1,0,0,1,0
615,0.6585365853658538,5,0.0,2,1,1,0.824454035360377,1,1,0,0,0,1
619,0.21951219512195125,1,0.6157240176678906,1,1,0,0.7819904800908486,1,1,0,0,0,1
542,0.17073170731707316,8,0.5553254709910308,1,0,0,0.27182990975638177,0,0,1,0,0,1
706,0.5100518941359626,1,0.0,2,1,0,0.6118982362815648,2,1,0,0,0,1
826,0.5609756097560976,5,0.5837687325559154,2,0,0,0.904701849026582,4,0,0,1,0,1
754,0.4146341463414634,4,0.0,2,1,0,0.22411705317857852,3,1,0,0,1,0
589,0.7804878048780488,5,0.5775055920114817,2,1,1,0.17466493050086282,1,0,1,0,1,0
635,0.48780487804878053,1,0.0,2,1,0,0.45301061251349506,1,0,0,1,1,0
623,0.5365853658536586,6,0.0,2,1,1,0.33056901934134714,1,1,0,0,0,1
652,0.48780487804878053,1,0.41409366647629725,1,0,1,0.7982655343585312,1,0,0,1,1,0
652,0.5609756097560976,9,0.6354533428293536,1,1,0,0.8918969261564479,1,0,1,0,0,1
538,0.5853658536585367,4,0.32037007535609385,1,1,0,0.5960813257666107,0,0,1,0,1,0
543,0.5609756097560976,5,0.0,2,0,1,0.7199123016248051,0,0,0,1,0,1
794,0.3658536585365854,0,0.0,2,0,0,0.8906407061874408,3,1,0,0,0,1
732,0.7804878048780488,6,0.5792740789696726,1,0,0,0.45966649815057337,2,0,1,0,0,1
755,0.5365853658536586,2,0.5477555448907563,2,0,0,0.8838694595333854,3,0,1,0,0,1
681,0.48780487804878053,3,0.0,2,1,1,0.5624556145111859,2,1,0,0,0,1
767,0.7317073170731709,9,0.0,2,0,1,0.8773169337671747,3,1,0,0,0,1
608,0.5609756097560976,1,0.334031478677259,1,0,1,0.5627087386845444,1,0,0,1,1,0
564,0.853658536585366,2,0.1812380476870111,1,1,1,0.20524025044391736,0,1,0,0,1,0
783,0.6341463414634148,3,0.3260754595620876,1,1,0,0.8210881639196542,3,0,0,1,1,0
660,0.5100518941359626,7,0.0,2,0,1,0.7329397457457186,1,1,0,0,0,1
834,0.48780487804878053,8,0.0,2,1,1,0.3324001442137724,4,0,0,1,0,1
591,0.5365853658536586,1,0.3442684238847733,1,0,1,0.683843207026271,1,0,0,1,1,0
542,0.1951219512195122,2,0.0,2,1,1,0.2743159971777305,0,0,0,1,1,0
638,0.34146341463414637,0,0.0,2,1,0,0.8006685138430719,1,1,0,0,1,0
436,0.6585365853658538,3,0.4158625121458677,2,1,1,0.9177308432955347,0,0,1,0,0,1
618,0.4146341463414634,10,0.0,2,1,0,0.9022270126797108,1,1,0,0,1,0
516,0.34146341463414637,3,0.5785858712595222,2,0,0,0.5571025532938395,0,0,1,0,0,1
512,0.43902439024390244,3,0.33610367460350143,2,1,0,0.08832733526051738,0,1,0,0,1,0
679,0.39024390243902446,7,0.48252200724206395,1,1,0,0.2848922072057882,2,0,1,0,1,0
639,0.3170731707317073,3,0.3920318006406506,1,0,0,0.10482111041604472,1,1,0,0,1,0
662,0.5121951219512195,5,0.55624994992987,2,1,0,0.308152628576029,1,1,0,0,1,0
659,0.34146341463414637,2,0.6201091845697192,1,0,1,0.7683298755031105,1,1,0,0,1,0
526,0.48780487804878053,2,0.0,2,0,0,0.29002469735859776,0,0,0,1,0,1
743,0.5121951219512195,3,0.4770691957041204,1,0,1,0.13063522566405092,3,0,1,0,0,1
713,0.6829268292682928,5,0.0,1,1,1,0.27847679453387797,2,1,0,0,0,1
623,0.5100518941359626,5,0.0,2,1,0,0.5807977661866708,1,1,0,0,1,0
634,0.14634146341463422,8,0.41091524451222416,1,1,1,0.7879037948124046,1,0,1,0,0,1
813,1.0,2,0.5383795867078941,1,1,0,0.9382119992459279,4,0,1,0,0,1
564,0.3170731707317073,5,0.48410838838988374,1,1,1,0.10211230172481471,0,0,0,1,0,1
776,0.43902439024390244,1,0.0,2,1,0,0.2673564325393075,3,1,0,0,0,1
611,0.8292682926829269,7,0.0,1,0,1,0.36790313474936853,1,0,0,1,0,1
571,0.5853658536585367,4,0.43374319828421176,3,1,0,0.2777611761923264,0,1,0,0,1,0
552,0.39024390243902446,4,0.0,2,1,0,0.7014425377623563,0,0,0,1,1,0
641,0.43902439024390244,5,0.2646199498768604,1,1,0,0.15549029932358538,1,1,0,0,1,0
619,0.2439024390243903,3,0.0,2,1,0,0.26693819259739304,1,1,0,0,1,0
562,0.26829268292682934,9,0.47950775551938246,1,1,1,0.03392338968371479,0,0,0,1,1,0
580,0.3658536585365854,7,0.5247031175087863,2,0,0,0.3988561407614427,0,0,1,0,1,0
686,0.5100518941359626,0,0.0,1,1,1,0.8503878120360494,2,1,0,0,1,0
510,0.09756097560975613,3,0.6250918052026623,1,0,0,0.22183548528884509,0,1,0,0,1,0
523,0.39024390243902446,7,0.0,2,1,0,0.3101220166525903,0,0,0,1,0,1
608,0.2926829268292683,2,0.3629257201599263,2,1,0,0.6648714452230188,1,0,1,0,1,0
736,0.7804878048780488,9,0.46357072706292823,1,1,0,0.926832612514495,2,0,1,0,0,1
611,0.5365853658536586,2,0.5017148197501224,1,1,0,0.4660037533584457,1,1,0,0,1,0
621,0.5365853658536586,6,0.0,1,1,0,0.7757924381778459,1,1,0,0,1,0
597,0.5100518941359626,7,0.47480417248293927,2,1,0,0.27901834625206706,1,0,1,0,1,0
535,0.6585365853658538,2,0.0,2,0,1,0.8531313240414459,0,1,0,0,1,0
531,0.853658536585366,5,0.5087421749603595,1,1,0,0.7075169178656562,0,1,0,0,1,0
627,0.2439024390243903,3,0.6281339566993117,1,0,1,0.17044447744759622,1,0,0,1,1,0
772,0.1951219512195122,7,0.6074199688008786,2,1,0,0.3970500182767454,3,0,1,0,0,1
836,0.4634146341463415,10,0.0,2,1,0,0.556617306952814,4,0,0,1,1,0
630,0.7804878048780488,8,0.0,2,0,1,0.3968672508224535,1,1,0,0,0,1
608,0.7073170731707319,6,0.0,1,1,1,0.6300651212190764,1,1,0,0,1,0
627,0.4146341463414634,2,0.5494380606883058,1,1,1,0.8613704108742384,1,0,1,0,1,0
578,0.43902439024390244,8,0.5171227090648638,1,1,1,0.7184294600134312,0,0,1,0,1,0
599,0.5609756097560976,2,0.3640071951125655,1,1,0,0.5786212583301705,1,1,0,0,1,0
744,0.6341463414634148,3,0.0,2,1,1,0.9451130582970674,3,1,0,0,1,0
638,0.5121951219512195,0,0.48825114611275044,2,1,1,0.47502646502741014,1,0,1,0,1,0
692,0.2439024390243903,9,0.4740773036574332,1,0,0,0.08027101588201672,2,0,0,1,0,1
571,0.5365853658536586,10,0.44997098224223236,1,1,1,0.6070127197147327,0,1,0,0,0,1
711,0.9756097560975612,9,0.36383349909120477,2,1,1,0.13379412733916088,2,1,0,0,0,1
631,0.26829268292682934,3,0.0,2,1,1,0.9898539310504152,1,0,0,1,0,1
591,0.9268292682926831,9,0.5136846199187887,1,1,1,0.9812455089461043,1,1,0,0,1,0
598,1.0,8,0.47114914266585295,2,0,0,0.30093153896197083,1,0,1,0,0,1
696,0.43902439024390244,7,0.0,2,1,1,0.41147434580002384,2,0,0,1,1,0
677,0.5100518941359626,4,0.0,2,1,1,0.030822693567235666,2,0,0,1,1,0
613,0.26829268292682934,6,0.7401781336796945,2,1,1,0.3861899311384237,1,1,0,0,1,0
597,0.26829268292682934,1,0.5266853565923918,1,1,0,0.7904492379022195,1,1,0,0,1,0
656,0.1951219512195122,4,0.556339707488407,1,1,0,0.1815040836399876,1,0,0,1,0,1
602,0.7317073170731709,7,0.3052836312942837,2,0,0,0.6354784881956227,1,0,1,0,1,0
482,0.6585365853658538,7,0.6231751704447013,1,1,0,0.36319653526911816,0,0,1,0,0,1
730,0.48780487804878053,5,0.47376351091393326,1,1,1,0.8166075860244653,2,0,0,1,0,1
506,0.7804878048780488,3,0.0,2,1,0,0.06003178303527987,0,0,0,1,0,1
744,0.7804878048780488,1,0.48425282950539805,2,0,1,0.5303000936589444,3,0,1,0,1,0
747,0.5100518941359626,8,0.40894412548138576,2,1,1,0.9034964339094382,3,0,1,0,0,1
765,0.5100518941359626,9,0.6295802809818122,2,0,0,0.6830213285368751,3,1,0,0,0,1
706,0.2439024390243903,6,0.49790474690341413,2,1,1,0.2514618146032946,2,0,1,0,1,0
452,0.34146341463414637,5,0.0,2,0,1,0.37637499381190903,0,1,0,0,1,0
675,0.5853658536585367,2,0.36914047452493565,2,1,0,0.04278208568918331,2,0,1,0,0,1
603,0.14634146341463422,1,0.658231914001418,2,1,0,0.10924393279558196,1,0,0,1,0,1
643,0.5121951219512195,7,0.0,2,1,1,0.8519864147026041,1,1,0,0,0,1
590,0.878048780487805,4,0.0,2,1,1,0.4690893480327371,1,1,0,0,1,0
554,0.6585365853658538,6,0.0,2,1,1,0.9060511278827127,0,1,0,0,1,0
703,0.3170731707317073,6,0.0,2,1,1,0.3383103586392501,2,0,0,1,0,1
605,0.6097560975609757,8,0.4995605984884142,2,1,0,0.11980419130026916,1,0,1,0,1,0
432,0.6585365853658538,3,0.4392984418494378,1,1,0,0.21519615123244265,0,0,1,0,1,0
715,0.3170731707317073,7,0.0,1,1,1,0.7498666622662463,2,0,0,1,0,1
769,0.21951219512195125,7,0.7517557028831907,1,1,0,0.8567443690872477,3,0,1,0,0,1
481,0.6341463414634148,3,0.6525140147539585,1,1,0,0.4806065979301023,0,0,1,0,0,1
671,0.39024390243902446,7,0.4248886071631714,2,1,1,0.13189324580497436,2,1,0,0,0,1
496,0.26829268292682934,4,0.0,2,1,0,0.8240552472761149,0,1,0,0,1,0
741,0.5121951219512195,5,0.0,1,0,1,0.20099659517483917,3,1,0,0,0,1
739,0.26829268292682934,3,0.2366936312667825,2,1,1,0.527662291748862,2,0,1,0,0,1
695,0.3170731707317073,5,0.4228378143492444,1,0,0,0.497678028251698,2,1,0,0,1,0
679,0.34146341463414637,0,0.3520754183501358,1,0,0,0.7979423534947587,2,0,1,0,1,0
698,0.5365853658536586,7,0.41874268552622307,3,1,0,0.5390701311975293,2,1,0,0,1,0
538,0.7560975609756098,9,0.5637111067684892,1,0,0,0.8689213319872047,0,0,0,1,1,0
665,0.34146341463414637,10,0.0,1,1,1,0.11239008325295065,1,0,0,1,1,0
591,0.4146341463414634,2,0.35948595702741304,2,1,0,0.28529219540466116,1,0,1,0,1,0
661,0.4146341463414634,5,0.0,1,1,0,0.7769889024401829,1,1,0,0,0,1
619,0.6341463414634148,6,0.2105680836390584,1,1,1,0.5632419896100077,1,0,0,1,1,0
618,0.878048780487805,4,0.47210088366954095,1,1,1,0.6678723318076877,1,0,1,0,1,0
556,0.7317073170731709,8,0.6716765759356718,1,1,1,0.7565651519720133,0,0,0,1,1,0
643,0.2926829268292683,5,0.37642283366924,1,1,1,0.8280931828989667,1,1,0,0,0,1
636,0.8292682926829269,4,0.4435447475905457,1,0,1,0.16464002312220816,1,0,0,1,0,1
850,0.43902439024390244,10,0.0,2,1,1,0.5037403572041129,4,1,0,0,1,0
745,0.3170731707317073,3,0.49553521910031284,1,1,1,0.7022667664761983,3,0,0,1,1,0
535,0.48780487804878053,8,0.0,2,1,0,0.6831105370562889,0,1,0,0,1,0
587,0.8048780487804879,3,0.3337583000332925,1,0,1,0.7440054025159403,1,0,0,1,0,1
543,0.9512195121951221,1,0.42303363090567975,2,1,1,0.603286313842972,0,0,1,0,1,0
587,0.4146341463414634,5,0.4857095962747266,1,1,1,0.11736175804789356,1,0,1,0,0,1
666,0.7073170731707319,2,0.0,1,1,0,0.17519368099653515,1,1,0,0,0,1
721,0.902439024390244,3,0.17545326869566844,1,1,0,0.3292955477248077,2,1,0,0,1,0
714,0.3170731707317073,4,0.49888486596290954,1,1,1,0.5331774684482368,2,1,0,0,1,0
605,0.34146341463414637,9,0.0,2,1,1,0.27858990533595956,1,1,0,0,0,1
583,0.8048780487804879,6,0.4992785317735979,2,1,0,0.8254321787730727,1,1,0,0,0,1
577,0.1951219512195122,1,0.7195372033322375,1,0,0,0.6172741496812945,0,1,0,0,1,0
623,0.6829268292682928,4,0.0,1,1,0,0.027690294423117403,1,0,0,1,0,1
613,0.6341463414634148,3,0.0,2,0,1,0.6824658754911094,1,1,0,0,0,1
710,0.39024390243902446,8,0.5892165221345448,2,0,1,0.007750740195688687,2,0,1,0,0,1
749,0.5365853658536586,1,0.5551672792726322,1,1,0,0.914306516272304,3,1,0,0,0,1
619,0.48780487804878053,3,0.0,2,0,1,0.5823344629412108,1,1,0,0,1,0
624,0.8048780487804879,10,0.49183885776093395,2,1,1,0.6391293868564447,1,1,0,0,0,1
395,0.39024390243902446,5,0.4225284855695793,1,1,1,0.08683324257466588,0,0,1,0,1,0
725,0.6341463414634148,10,0.0,1,0,1,0.4688749275555815,2,1,0,0,1,0
507,0.3658536585365854,1,0.45218622429529065,1,0,0,0.7145702914628346,0,1,0,0,1,0
711,0.4634146341463415,2,0.0,2,1,0,0.4198764982055786,2,0,0,1,0,1
498,0.39024390243902446,5,0.0,2,1,1,0.45854419097023763,0,1,0,0,0,1
535,0.853658536585366,5,0.5644385335894745,2,1,1,0.3794215847613447,0,0,1,0,1,0
598,0.5121951219512195,5,0.0,2,1,1,0.4154990801621555,1,0,0,1,1,0
521,0.48780487804878053,6,0.0,2,1,0,0.2572369661302654,0,1,0,0,0,1
717,0.3170731707317073,4,0.5170329116495068,1,0,0,0.20584475817440562,2,1,0,0,0,1
724,0.2926829268292683,9,0.5678635098417848,1,1,1,0.5392347969231062,2,1,0,0,1,0
760,0.4634146341463415,7,0.0,1,0,0,0.1642739881658698,3,1,0,0,0,1
637,0.4634146341463415,8,0.0,1,1,1,0.9303427477324083,1,0,0,1,0,1
467,0.5121951219512195,5,0.0,2,1,1,0.037025435929131226,0,0,0,1,0,1
663,0.1951219512195122,5,0.5638230645757408,1,1,0,0.002143304685597474,1,1,0,0,0,1
690,0.1951219512195122,5,0.6282424868200472,1,1,1,0.24796213038345158,2,1,0,0,1,0
734,0.878048780487805,3,0.0,1,1,0,0.6540322600808377,2,1,0,0,1,0
645,0.5853658536585367,6,0.0,1,0,0,0.7490486841493362,1,1,0,0,0,1
555,0.07317073170731708,1,0.0,2,0,0,0.5194984621031309,0,0,0,1,0,1
607,0.39024390243902446,9,0.5278636836175198,1,1,0,0.8887655771126142,1,0,0,1,0,1
735,0.902439024390244,2,0.4112291966830039,1,0,1,0.8176009808936753,2,0,0,1,0,1
627,0.2926829268292683,6,0.0,1,1,1,0.5670386021865088,1,0,0,1,1,0
835,0.6585365853658538,3,0.3994136822643808,1,1,0,0.7629030572419665,4,0,0,1,0,1
465,0.3658536585365854,8,0.0,2,1,0,0.8883696893053286,0,1,0,0,0,1
779,0.902439024390244,0,0.5312753875487853,1,1,0,0.11411654813034643,3,0,0,1,1,0
654,0.39024390243902446,5,0.0,2,1,0,0.7965754729576674,1,0,0,1,0,1
727,0.4634146341463415,9,0.40331845491530055,1,1,1,0.1727153443153821,2,0,1,0,0,1
567,0.7317073170731709,3,0.0,1,1,0,0.27678078256473493,0,1,0,0,1,0
847,0.3170731707317073,5,0.0,2,1,1,0.38161189393587086,4,0,0,1,0,1
699,0.09756097560975613,9,0.3959336637437137,1,1,0,0.3414627596935507,2,1,0,0,0,1
555,0.5100518941359626,1,0.0,2,0,0,0.44071848861566276,0,1,0,0,0,1
520,0.3170731707317073,3,0.43409724641586556,1,1,1,0.9178917086581768,0,0,1,0,1,0
545,0.4634146341463415,3,0.36343046692782716,1,1,0,0.5273757143807233,0,1,0,0,0,1
675,0.4146341463414634,8,0.0,2,1,0,0.14526722301979839,2,0,0,1,0,1
768,0.4634146341463415,9,0.4316816839857171,1,1,0,0.2089033002651753,3,0,1,0,0,1
598,0.39024390243902446,4,0.0,2,0,0,0.3044424742562915,1,1,0,0,1,0
733,0.5100518941359626,5,0.0,2,0,0,0.0637539885059023,2,1,0,0,1,0
722,0.6829268292682928,6,0.0,1,1,1,0.4695753444453945,2,1,0,0,0,1
613,0.5365853658536586,4,0.0,1,0,0,0.756640559173401,1,1,0,0,0,1
526,0.43902439024390244,1,0.0,1,1,0,0.803502434482493,0,1,0,0,0,1
801,0.48780487804878053,5,0.0,2,1,0,0.3312550848606042,4,1,0,0,0,1
548,0.34146341463414637,2,0.3945278339902867,1,1,1,0.27930567369183756,0,0,1,0,0,1
413,0.4146341463414634,2,0.0,2,1,1,0.30483541178182516,0,0,0,1,0,1
731,0.5609756097560976,3,0.0,2,1,0,0.5068491040894405,2,0,0,1,0,1
645,0.2439024390243903,7,0.4681822408452771,2,1,1,0.17240886504661193,1,0,1,0,0,1
656,0.4634146341463415,7,0.44755757208036145,1,1,0,0.7658050843855587,1,1,0,0,0,1
718,0.7317073170731709,9,0.0,2,1,1,0.3605046781967678,2,1,0,0,0,1
850,0.4634146341463415,4,0.54685458147569,1,1,1,0.14428382910567958,4,0,0,1,0,1
725,0.5100518941359626,9,0.0,2,1,1,0.8430613123553299,2,1,0,0,1,0
477,0.5100518941359626,8,0.5818494672478377,1,1,1,0.12277732523455989,0,0,1,0,1,0
593,0.5609756097560976,6,0.0,1,1,0,0.3258265164323193,1,1,0,0,1,0
671,0.9756097560975612,1,0.7122970924170847,1,1,1,0.10879353978304926,2,0,0,1,0,1
821,0.4634146341463415,5,0.4242899178706383,2,0,1,0.6370679399882688,4,0,1,0,1,0
676,0.7317073170731709,3,0.32163433368504324,1,0,0,0.5069798165724827,2,0,1,0,0,1
474,0.39024390243902446,9,0.702721013141232,1,1,0,0.80108495361307,0,0,1,0,1,0
517,0.4634146341463415,5,0.4516130035107083,1,0,1,0.15754294535128102,0,1,0,0,0,1
545,0.12195121951219517,2,0.0,2,1,0,0.9480982433822429,0,1,0,0,0,1
750,0.4634146341463415,3,0.0,2,1,0,0.08430115075989757,3,1,0,0,0,1
672,0.4634146341463415,5,0.6105889048418025,1,1,1,0.8138348712302025,2,1,0,0,0,1
619,0.4146341463414634,4,0.36035794453437253,1,1,1,0.10272796052022967,1,1,0,0,1,0
574,0.5609756097560976,1,0.0,2,0,0,0.3527257853124973,0,1,0,0,0,1
485,0.39024390243902446,3,0.5327192407084487,1,1,0,0.3510247728658087,0,0,1,0,0,1
690,0.5121951219512195,6,0.0,2,1,0,0.8026831562414211,2,1,0,0,0,1
535,0.4634146341463415,3,0.6996258122172234,2,1,1,0.046154107717287,0,0,0,1,0,1
570,0.5853658536585367,0,0.4298819891375021,2,1,0,0.6376471953071517,0,0,1,0,0,1
407,0.4634146341463415,1,0.0,1,1,1,0.24577117114684452,0,0,0,1,0,1
707,0.5365853658536586,5,0.0,2,1,0,0.20522579906381058,2,1,0,0,1,0
560,0.6341463414634148,5,0.5709288978644677,1,1,0,0.49329555972595385,0,1,0,0,1,0
721,0.3658536585365854,4,0.28910323709518876,1,1,1,0.5196491764963554,2,0,0,1,1,0
459,0.7317073170731709,4,0.5340595458498708,1,1,1,0.09638660492076993,0,0,1,0,0,1
785,0.5121951219512195,1,0.5187284606271814,1,1,0,0.8190123656809225,3,1,0,0,1,0
687,0.26829268292682934,7,0.3731278703636206,1,0,1,0.5652506814400775,2,0,0,1,1,0
550,0.3658536585365854,9,0.2901099406535937,1,1,1,0.5180318720437801,0,0,0,1,1,0
597,0.5100518941359626,4,0.6105994270422705,1,1,1,0.4604378718167585,1,1,0,0,0,1
704,0.4634146341463415,9,0.6202501581418974,1,1,1,0.6754495054277683,2,0,0,1,1,0
684,0.5365853658536586,2,0.28015765285419275,1,1,1,0.5773414361071482,2,0,0,1,0,1
479,0.2926829268292683,7,0.5737961576351578,2,1,0,0.20936204407520914,0,0,1,0,1,0
572,0.2926829268292683,6,0.0,1,0,1,0.8751520270185802,0,1,0,0,1,0
713,0.14634146341463422,7,0.5886343734222927,1,1,1,0.6079626604340714,2,0,1,0,1,0
593,0.3170731707317073,8,0.4492395298824316,1,1,1,0.8843710074312097,1,0,0,1,0,1
621,0.6097560975609757,5,0.0,1,1,1,0.23785706534974085,1,1,0,0,1,0
780,0.4634146341463415,3,0.0,2,0,0,0.9108131326541684,3,1,0,0,1,0
535,0.48780487804878053,0,0.5417312264114884,1,1,0,0.4021087513857573,0,1,0,0,1,0
537,0.7073170731707319,4,0.49499093436701735,2,1,1,0.25437394271152897,0,0,1,0,1,0
611,0.5100518941359626,7,0.0,2,0,1,0.7824937781558139,1,1,0,0,1,0
731,0.4634146341463415,3,0.46584862403695465,1,0,0,0.8636163253590717,2,0,1,0,0,1
748,0.6585365853658538,2,0.4776919983727258,1,0,0,0.36924706309452554,3,0,1,0,0,1
686,0.26829268292682934,3,0.7388618223438848,1,1,0,0.323368331675675,2,0,1,0,0,1
410,0.7804878048780488,2,0.40765073181704975,2,1,0,0.44909738880063044,0,0,1,0,1,0
835,0.04878048780487804,4,0.4956810153477056,1,0,0,0.9010168471088988,4,0,1,0,0,1
746,0.14634146341463422,4,0.0,1,0,1,0.47051203389923735,3,1,0,0,1,0
637,0.3658536585365854,9,0.45402310555652303,1,0,1,0.3265557860775704,1,1,0,0,1,0
609,0.39024390243902446,7,0.5607646514965499,2,1,0,0.2312973388958645,1,0,0,1,0,1
645,0.2926829268292683,1,0.5011567047003028,1,1,1,0.9672406214793513,1,1,0,0,0,1
613,0.2439024390243903,7,0.3055280333142433,2,1,1,0.9274468711761972,1,0,1,0,0,1
664,0.902439024390244,8,0.0,2,1,1,0.6958167504996727,1,1,0,0,0,1
594,0.34146341463414637,4,0.4785806460304262,2,1,1,0.8148288661567179,1,0,1,0,1,0
609,0.5121951219512195,8,0.5646724134089662,1,0,1,0.8783472321606712,1,1,0,0,1,0
619,0.3170731707317073,3,0.564977676792996,1,0,1,0.3076307787393696,1,0,0,1,1,0
443,0.43902439024390244,6,0.28074350825070055,2,0,1,0.28465643468951285,0,0,0,1,0,1
745,0.43902439024390244,8,0.5782078293222559,1,0,0,0.030337297211883732,3,0,1,0,0,1
680,0.21951219512195125,3,0.0,1,1,0,0.16222889285926803,2,1,0,0,0,1
732,0.39024390243902446,8,0.48760207779979514,2,1,0,0.9399611162866053,2,1,0,0,1,0
711,0.48780487804878053,3,0.0,2,1,0,0.3424123503794612,2,1,0,0,0,1
634,0.6341463414634148,9,0.5976972961412341,1,1,0,0.28557692259610795,1,1,0,0,0,1
815,0.4634146341463415,2,0.4415229306847254,2,1,0,0.011861182742951951,4,0,1,0,0,1
818,0.6097560975609757,10,0.41969829264144665,1,1,1,0.39468774267942586,4,0,1,0,0,1
581,0.7804878048780488,2,0.573257452856656,2,1,0,0.906149837309463,1,0,1,0,0,1
473,0.17073170731707316,6,0.44108115769235234,2,0,0,0.2337565237480179,0,1,0,0,1,0
620,0.5853658536585367,4,0.0,2,1,0,0.031106620682275155,1,1,0,0,0,1
620,0.43902439024390244,8,0.0,2,1,1,0.7297017365158371,1,1,0,0,0,1
650,0.34146341463414637,2,0.338410109060615,1,1,0,0.8161024377828082,1,1,0,0,0,1
515,0.2439024390243903,9,0.0,2,0,0,0.4706958014490384,0,1,0,0,1,0
483,0.5609756097560976,1,0.4716434469469258,1,0,0,0.8157599550757096,0,0,1,0,0,1
723,0.2926829268292683,3,0.49470101585867,1,1,0,0.8110111515649744,2,1,0,0,0,1
850,0.5365853658536586,0,0.0,2,1,0,0.005442369746310773,4,1,0,0,1,0
637,0.07317073170731708,10,0.5010488521455067,1,0,0,0.8753880495587328,1,1,0,0,1,0
648,0.3658536585365854,7,0.5393042649308332,2,0,1,0.8583650738645541,1,0,1,0,0,1
630,0.39024390243902446,9,0.4262170748290671,2,1,0,0.6913831770934125,1,0,1,0,1,0
648,0.878048780487805,9,0.48080645014077233,1,0,0,0.02956682363165682,1,1,0,0,1,0
488,0.39024390243902446,3,0.0,2,1,1,0.6298990553597869,0,1,0,0,0,1
716,0.48780487804878053,1,0.0,2,1,1,0.4982969873622931,2,1,0,0,1,0
705,0.2926829268292683,1,0.0,1,1,1,0.9065302736411327,2,1,0,0,0,1
588,0.5100518941359626,2,0.0,2,1,0,0.46266628463018217,1,1,0,0,1,0
710,0.43902439024390244,8,0.0,2,0,0,0.4160127792204155,2,0,0,1,1,0
587,0.902439024390244,9,0.0,1,1,0,0.32293829060675294,1,1,0,0,0,1
552,0.26829268292682934,10,0.0,2,1,0,0.06088206423713464,0,1,0,0,0,1
767,0.7073170731707319,2,0.0,1,1,0,0.24077099362989163,3,0,0,1,0,1
777,0.4146341463414634,7,0.4899108239524662,1,1,1,0.3808268689659862,3,0,1,0,0,1
749,0.21951219512195125,9,0.0,2,1,0,0.663679831423901,3,1,0,0,1,0
698,0.43902439024390244,7,0.4833182269342904,1,1,1,0.06688788779328425,2,0,1,0,1,0
653,0.26829268292682934,2,0.0,2,1,1,0.20832104465976498,1,1,0,0,0,1
739,0.04878048780487804,4,0.5332881569564759,1,0,1,0.7512428936963479,2,1,0,0,1,0
608,0.5100518941359626,3,0.4236323201982128,1,1,1,0.18315584138285204,1,0,1,0,0,1
629,0.3170731707317073,6,0.0,1,1,1,0.08218794894912462,1,1,0,0,1,0
600,0.7560975609756098,7,0.3595838453772207,1,1,0,0.45672451719139173,1,1,0,0,0,1
632,0.5100518941359626,6,0.4447595834627518,1,1,1,0.8519384101181662,1,1,0,0,0,1
649,0.4634146341463415,9,0.3482484860685867,2,1,1,0.0011790125957028897,1,1,0,0,0,1
626,0.26829268292682934,7,0.0,2,1,0,0.24677486699979845,1,0,0,1,0,1
734,0.09756097560975613,5,0.5183627743041009,1,0,0,0.6094718545621106,2,1,0,0,0,1
533,0.4146341463414634,8,0.0,2,1,1,0.9395324253466205,0,1,0,0,1,0
781,0.48780487804878053,2,0.4695563445700205,1,0,1,0.328135086900799,3,1,0,0,0,1
731,0.6097560975609757,9,0.3153482356123158,1,0,0,0.0026849564133374733,2,0,1,0,1,0
541,0.4634146341463415,9,0.47284903603690254,1,1,1,0.3677344186369798,0,1,0,0,0,1
666,0.5365853658536586,2,0.0,2,0,0,0.18181581341018063,1,1,0,0,1,0
607,0.43902439024390244,4,0.3916582226672192,1,1,1,0.23204606039876807,1,0,0,1,1,0
555,0.34146341463414637,4,0.0,2,1,1,0.27199702571595585,0,0,0,1,0,1
701,0.4634146341463415,3,0.0,2,1,1,0.8213619400652762,2,1,0,0,1,0
628,0.5100518941359626,9,0.6213830483922776,2,1,1,0.35577527653890945,1,0,1,0,1,0
760,0.48780487804878053,6,0.649222678418955,1,1,0,0.4554793982825359,3,1,0,0,0,1
514,0.6829268292682928,3,0.4245223628446116,1,1,0,0.27532999401442837,0,1,0,0,1,0
640,0.902439024390244,10,0.5278491358782365,1,1,0,0.004835861824804268,1,1,0,0,0,1
686,0.43902439024390244,5,0.0,2,1,1,0.7649108489860782,2,0,0,1,1,0
451,0.5100518941359626,2,0.0,2,1,1,0.900740220691076,0,1,0,0,1,0
751,0.39024390243902446,8,0.5065608112042623,2,0,0,0.002340023472241599,3,0,0,1,1,0
730,0.5121951219512195,1,0.39462504477415516,1,1,0,0.974764189980143,2,1,0,0,1,0
542,0.6097560975609757,6,0.45264569371572344,1,1,0,0.447701105455571,0,0,0,1,0,1
578,0.4634146341463415,1,0.5406612700798161,1,1,0,0.9971782805257902,0,0,1,0,0,1
668,0.6829268292682928,2,0.0,3,1,0,0.44522691917078083,1,1,0,0,1,0
557,0.7317073170731709,10,0.0,2,1,1,0.9255028855255677,0,0,0,1,0,1
692,0.14634146341463422,2,0.4806610126047592,1,0,1,0.9024809369294767,2,0,1,0,0,1
622,0.5100518941359626,5,0.7146530689014015,1,1,1,0.7452321696722036,1,1,0,0,0,1
667,0.14634146341463422,4,0.0,2,0,0,0.9016773601878978,1,1,0,0,0,1
629,0.5121951219512195,10,0.0,2,1,1,0.2158351622579956,1,1,0,0,1,0
724,0.6585365853658538,5,0.33435304350065004,1,0,1,0.17056743919044265,2,0,0,1,0,1
645,0.5609756097560976,7,0.0,1,0,1,0.1432935845373233,1,1,0,0,0,1
516,0.4146341463414634,10,0.41486401909237336,2,0,0,0.5983292404424623,0,1,0,0,0,1
585,0.9268292682926831,1,0.5120517258620821,1,1,0,0.9324156956989392,1,0,0,1,1,0
760,0.39024390243902446,6,0.4834782520664068,2,1,1,0.296596474963359,3,0,1,0,0,1
641,0.34146341463414637,5,0.4900313111191879,1,1,1,0.49576374543768925,1,0,1,0,0,1
729,0.26829268292682934,5,0.43713573108507925,1,1,1,0.12769664502960032,2,0,1,0,0,1
709,0.6585365853658538,2,0.0,2,0,1,0.8146331474655829,2,0,0,1,1,0
597,0.5100518941359626,6,0.46115404864182113,2,1,1,0.12524931130923,1,0,0,1,0,1
569,0.34146341463414637,8,0.5792408782386507,1,1,1,0.6601983989470994,0,0,1,0,1,0
781,0.4146341463414634,1,0.0,2,0,0,0.2105517076880842,3,0,0,1,0,1
535,0.5365853658536586,8,0.0,1,1,1,0.13840416759800558,0,1,0,0,1,0
724,0.3170731707317073,5,0.0,1,1,0,0.6744562605728848,2,1,0,0,0,1
456,0.3658536585365854,1,0.7504468447727124,1,0,0,0.2917896659130947,0,1,0,0,1,0
623,0.14634146341463422,7,0.5905498523324749,2,1,1,0.547346071549833,1,1,0,0,1,0
534,0.21951219512195125,9,0.0,2,1,0,0.8067397936502936,0,1,0,0,0,1
714,0.6585365853658538,0,0.4969885581831253,1,0,1,0.9360022382137493,2,0,0,1,0,1
720,0.3170731707317073,4,0.563401937416104,1,0,0,0.6899364389299177,2,0,0,1,0,1
428,0.5365853658536586,3,0.5151418649699566,2,1,0,0.3643590462889206,0,0,1,0,1,0
421,0.39024390243902446,6,0.3615944625166338,1,1,1,0.06076170274261191,0,0,0,1,0,1
583,0.5609756097560976,5,0.3094786413081105,1,1,0,0.9521806332504753,1,0,1,0,1,0
747,0.9756097560975612,7,0.46358890177282747,1,1,1,0.9535149106739693,3,0,1,0,0,1
564,0.5609756097560976,9,0.41260876079208103,2,1,1,0.1716495425313117,0,0,1,0,0,1
581,0.1951219512195122,3,0.41889298559427063,1,1,1,0.9226302111851681,1,0,1,0,1,0
420,0.39024390243902446,1,0.5402587959119179,1,0,0,0.7473691237513183,0,0,1,0,1,0
620,0.5609756097560976,0,0.3902983478271995,1,1,0,0.4249842859993129,1,1,0,0,0,1
619,0.6097560975609757,1,0.49905489515683443,1,1,1,0.567048703151151,1,1,0,0,0,1
634,0.1951219512195122,8,0.0,1,1,0,0.10875728632084362,1,1,0,0,0,1
640,0.2926829268292683,5,0.12832955404323726,1,0,1,0.7072396913905278,1,0,1,0,1,0
594,0.07317073170731708,2,0.3471402273329383,2,1,0,0.8409529610077762,1,0,1,0,1,0
615,0.5609756097560976,4,0.5196764152329738,1,0,1,0.6533142415100641,1,1,0,0,0,1
721,0.6829268292682928,7,0.5497586290911981,1,1,1,0.33985740638230955,2,0,0,1,1,0
665,0.5100518941359626,8,0.0,1,1,1,0.19460308459457878,1,0,0,1,1,0
574,0.2926829268292683,5,0.4796967565596056,1,1,0,0.688974647078796,0,0,0,1,0,1
709,0.4146341463414634,2,0.0,2,1,0,0.5249041783490324,2,0,0,1,0,1
493,0.3658536585365854,8,0.3618668041673813,1,1,1,0.29826823461640584,0,1,0,0,1,0
698,0.5100518941359626,2,0.5181994011991085,1,1,1,0.20793845812275072,2,1,0,0,0,1
682,0.2926829268292683,9,0.0,2,1,1,0.9755598159624244,2,1,0,0,1,0
472,0.34146341463414637,1,0.6353087422865595,1,0,1,0.28658536890273023,0,0,0,1,1,0
556,0.5853658536585367,0,0.46200244091136766,2,0,1,0.6271793456275074,0,0,1,0,0,1
581,0.3170731707317073,6,0.46589322381848347,1,1,0,0.5356797574168333,1,0,1,0,0,1
631,0.6829268292682928,10,0.0,2,1,1,0.6475487409047564,1,0,0,1,1,0
801,0.9756097560975612,1,0.3186736495283803,2,1,1,0.1523776020609968,4,0,0,1,0,1
650,0.2439024390243903,5,0.4863903109027255,3,0,1,0.7333292829465213,1,0,1,0,1,0
828,0.5100518941359626,9,0.0,1,0,1,0.8213073848552536,4,1,0,0,0,1
782,0.21951219512195125,3,0.0,2,1,0,0.7180807267094007,3,0,0,1,1,0
730,0.39024390243902446,5,0.48806019208834955,2,1,0,0.6944233174268143,2,1,0,0,0,1
580,0.5100518941359626,10,0.5431743621483927,2,1,1,0.12395128734794172,0,0,1,0,0,1
494,0.5365853658536586,7,0.0,2,0,1,0.790376030910952,0,1,0,0,0,1
784,0.5853658536585367,2,0.43464675239257505,2,1,0,0.03199290532245829,3,0,0,1,1,0
585,0.3658536585365854,8,0.0,2,1,0,0.5709069716157893,1,0,0,1,1,0
686,0.1951219512195122,7,0.0,2,1,0,0.007647280315270108,2,1,0,0,0,1
696,0.2926829268292683,4,0.4544781508699409,1,1,1,0.9686174029619827,2,0,1,0,0,1
667,0.5365853658536586,1,0.5839106626917727,1,1,0,0.09576569562393207,1,0,0,1,1,0
485,0.4634146341463415,5,0.0,2,0,1,0.851155735372728,0,1,0,0,0,1
621,0.8048780487804879,4,0.43834064260911676,1,0,0,0.8887298737029385,1,0,1,0,0,1
632,0.48780487804878053,6,0.34503953378042856,2,1,0,0.4904434873530422,1,0,1,0,1,0
611,0.1951219512195122,2,0.4284964066486118,2,1,1,0.6040080327671292,1,1,0,0,1,0
764,0.39024390243902446,6,0.43348384995676936,2,1,0,0.8316454721425895,3,0,1,0,0,1
668,0.2439024390243903,1,0.4962612907894198,1,0,0,0.5712875579617853,1,0,1,0,1,0
668,1.0,5,0.4789596843881913,1,0,1,0.2522401889380436,1,0,1,0,1,0
755,0.48780487804878053,9,0.5935176310030899,1,1,0,0.40206129685384956,3,1,0,0,0,1
707,0.5365853658536586,3,0.4369440994947391,1,1,0,0.9468626753854993,2,0,1,0,1,0
638,0.7804878048780488,1,0.40911224154795284,1,1,0,0.8418223940386307,1,0,1,0,0,1
521,0.26829268292682934,3,0.24025938180717124,1,1,0,0.7713728161039379,0,0,0,1,0,1
569,0.6097560975609757,8,0.6438736938969922,2,0,1,0.8909635870225606,0,0,0,1,0,1
677,0.5365853658536586,7,0.3798865108937259,1,1,1,0.3146959034587803,2,0,0,1,0,1
702,0.26829268292682934,6,0.5947370504095907,1,1,1,0.048111744671616136,2,1,0,0,1,0
663,0.6829268292682928,6,0.38039109823434686,1,1,1,0.10514504135144906,1,0,1,0,1,0
636,0.43902439024390244,1,0.0,3,1,1,0.37021795581478034,1,0,0,1,0,1
721,0.7560975609756098,1,0.4787145250886526,1,0,1,0.9171384867254823,2,1,0,0,1,0
547,0.7560975609756098,8,0.484410662512417,2,1,0,0.23257156058403575,0,0,1,0,0,1
597,0.853658536585366,4,0.3522593974310447,1,1,0,0.3468987788333786,1,1,0,0,1,0
706,0.4146341463414634,5,0.0,2,1,1,0.40857296871851256,2,1,0,0,0,1
642,0.5609756097560976,7,0.4590378109295293,1,1,1,0.18833243574761388,1,1,0,0,1,0
542,0.5100518941359626,2,0.27458467300408707,2,1,0,0.03947116949668693,0,1,0,0,1,0
675,0.34146341463414637,1,0.0,3,1,0,0.4294885661580681,2,1,0,0,0,1
735,0.3658536585365854,4,0.0,2,1,0,0.7473869254513805,2,1,0,0,1,0
779,0.3658536585365854,3,0.0,2,1,0,0.15398020510958796,3,0,0,1,0,1
555,0.4634146341463415,9,0.49808721142516477,1,1,0,0.30094108987408297,0,1,0,0,0,1
652,0.4634146341463415,4,0.3675139177026019,1,0,1,0.9885355051407408,1,1,0,0,1,0
556,0.6829268292682928,10,0.0,2,0,0,0.5459154349240353,0,1,0,0,1,0
620,0.26829268292682934,3,0.0,2,0,1,0.7669767462792696,1,1,0,0,1,0
571,0.39024390243902446,1,0.405489974036869,1,0,1,0.9782938270604842,0,0,1,0,1,0
630,0.8048780487804879,0,0.43224414342891176,3,0,0,0.4418477464597869,1,0,1,0,1,0
606,0.21951219512195125,6,0.686774179907069,1,0,1,0.5572399164120173,1,0,1,0,1,0
736,0.17073170731707316,9,0.3257612682503881,2,1,0,0.6824936781462629,2,0,1,0,1,0
568,0.2439024390243903,5,0.5783449367828987,2,1,0,0.9274762239793899,0,1,0,0,0,1
592,0.39024390243902446,9,0.0,2,1,1,0.10225286514862168,1,1,0,0,1,0
533,0.7560975609756098,1,0.40768185999343404,3,1,0,0.34702209060965317,0,0,1,0,1,0
610,0.6829268292682928,5,0.46587277726984694,1,0,0,0.5398608567118159,1,0,0,1,1,0
689,0.48780487804878053,5,0.2992256338021545,1,1,1,0.04320582615639793,2,0,0,1,0,1
589,0.07317073170731708,3,0.0,2,0,1,0.27797584669335923,1,1,0,0,1,0
661,0.5121951219512195,5,0.0,2,0,0,0.9073360505928315,1,1,0,0,0,1
657,0.3170731707317073,3,0.4988759380352398,1,0,0,0.49409123571301056,1,0,0,1,0,1
650,0.5100518941359626,6,0.0,2,1,1,0.08145942937550535,1,1,0,0,1,0
552,0.3658536585365854,3,0.5777753828257521,1,1,0,0.2941943955647764,0,0,1,0,0,1
688,0.48780487804878053,7,0.49240793343624106,1,1,1,0.7883374862299348,2,1,0,0,1,0
601,0.6341463414634148,1,0.4005059584152275,2,1,1,0.31336467632658915,1,1,0,0,0,1
650,0.5121951219512195,4,0.0,2,0,0,0.931409549611988,1,1,0,0,1,0
588,0.4634146341463415,2,0.0,2,0,1,0.9391147354572361,1,0,0,1,0,1
753,0.48780487804878053,6,0.5670168712723163,1,0,1,0.16861035228864354,3,1,0,0,1,0
655,0.14634146341463422,9,0.42672827840180055,1,1,1,0.2597660076537309,1,1,0,0,0,1
659,0.4146341463414634,6,0.0,2,1,1,0.2943657619302643,1,1,0,0,0,1
555,0.7804878048780488,7,0.5104104220163653,2,1,1,0.3118473814249261,0,0,0,1,0,1
698,0.6829268292682928,0,0.0,2,1,1,0.629812347079146,2,1,0,0,1,0
735,0.2439024390243903,5,0.6395192167465285,2,0,1,0.5747830917852654,2,0,1,0,0,1
679,0.4146341463414634,1,0.439402029724499,1,1,1,0.8914826865965699,2,0,1,0,0,1
747,0.39024390243902446,10,0.0,2,1,1,0.25376533458945333,3,1,0,0,1,0
721,0.5609756097560976,7,0.0,2,0,1,0.30506548375369846,2,1,0,0,0,1
584,0.4634146341463415,1,0.0,2,1,1,0.9018460262955111,1,1,0,0,1,0
778,0.7073170731707319,6,0.5073746874677285,2,1,0,0.6234765920145374,3,0,0,1,1,0
611,0.3170731707317073,0,0.4299945447970529,2,1,1,0.9174696183485522,1,0,1,0,0,1
624,0.21951219512195125,9,0.3773137133088578,2,0,1,0.022296829347202656,1,0,1,0,0,1
575,0.853658536585366,1,0.33839767373278934,2,0,1,0.13003351820098819,0,0,0,1,0,1
678,0.878048780487805,1,0.4930259931432719,2,0,1,0.5261011426591239,2,0,1,0,1,0
705,0.5365853658536586,5,0.811943805550692,1,1,0,0.8999214424977584,2,0,0,1,1,0
576,0.7804878048780488,8,0.0,2,1,1,0.2889827978571954,0,1,0,0,1,0
784,0.48780487804878053,1,0.5520768213101981,1,1,1,0.8588679218865402,3,0,1,0,0,1
773,0.43902439024390244,4,0.4219191545061185,1,0,1,0.02192144349785404,3,0,1,0,1,0
443,0.4146341463414634,9,0.43168124556069765,1,1,0,0.6451596627477924,0,1,0,0,1,0
615,0.26829268292682934,7,0.5712700323864562,2,1,1,0.6319825043291634,1,0,0,1,1,0
482,0.4146341463414634,2,0.5305410256411279,1,0,1,0.3997700280376776,0,1,0,0,1,0
707,0.3170731707317073,2,0.32996636203966323,2,0,0,0.4571042034514296,2,1,0,0,1,0
805,0.1951219512195122,2,0.0,2,1,1,0.125164553214832,4,0,0,1,0,1
661,0.5853658536585367,9,0.3003667345574453,1,1,0,0.13799587860640689,1,0,0,1,1,0
651,0.39024390243902446,9,0.0,2,1,0,0.6905766000653062,1,1,0,0,1,0
730,0.34146341463414637,9,0.5088188993387714,1,0,0,0.3044987296286795,2,1,0,0,1,0
680,0.8048780487804879,5,0.5705100026867482,1,0,0,0.23894206896758638,2,0,1,0,1,0
667,0.12195121951219517,1,0.0,2,1,0,0.4578517748444976,1,1,0,0,0,1
738,0.3658536585365854,4,0.3693782603127828,1,1,0,0.529080777214224,2,1,0,0,0,1
782,0.39024390243902446,9,0.0,1,1,0,0.915134795372958,3,1,0,0,0,1
622,0.7073170731707319,6,0.5672383954776221,1,0,0,0.5009051864453056,1,0,0,1,1,0
449,0.34146341463414637,0,0.6202492812918584,1,1,1,0.8334818475164377,0,0,0,1,0,1
754,0.7317073170731709,7,0.5652455146230886,1,1,0,0.46773941911452543,3,0,1,0,1,0
637,0.5100518941359626,3,0.4372229776639592,1,1,1,0.4419407553421351,1,0,1,0,1,0
644,0.3170731707317073,5,0.0,2,1,1,0.2093229403408025,1,1,0,0,0,1
536,0.5609756097560976,9,0.0,1,1,0,0.6064957203412925,0,1,0,0,1,0
549,0.7560975609756098,6,0.4975293355162649,1,0,1,0.46774356951088825,0,0,1,0,1,0
588,0.3658536585365854,9,0.5985945130152247,2,1,1,0.3280284767195267,1,0,1,0,0,1
538,0.3170731707317073,0,0.0,2,0,0,0.8972960917767646,0,0,0,1,1,0
649,0.3170731707317073,2,0.0,2,1,0,0.0759524034545299,1,1,0,0,1,0
555,0.902439024390244,4,0.5850933739670956,1,1,1,0.37072635436684204,0,1,0,0,0,1
661,0.3170731707317073,3,0.533939098539969,1,1,1,0.8309569563893352,1,1,0,0,1,0
626,0.8292682926829269,0,0.0,2,1,0,0.1607547520788235,1,1,0,0,1,0
652,0.6585365853658538,9,0.4417231314913558,1,1,1,0.766933042105521,1,0,1,0,1,0
568,0.3658536585365854,7,0.0,2,1,0,0.7172636486784487,0,1,0,0,0,1
742,0.4146341463414634,5,0.5454684808481405,1,0,0,0.422530301643807,3,0,1,0,0,1
513,0.5121951219512195,7,0.3548847263046124,2,1,1,0.73370631895346,0,0,0,1,0,1
688,0.5365853658536586,6,0.0,1,1,1,0.23939716242901196,2,1,0,0,0,1
607,0.07317073170731708,0,0.0,2,1,0,0.58053014062843,1,1,0,0,1,0
555,0.3170731707317073,8,0.5814143104875769,1,1,0,0.6874639028027176,0,1,0,0,0,1
727,0.2926829268292683,8,0.47440488686063736,2,1,1,0.6895256496995463,2,0,1,0,1,0
767,0.6341463414634148,2,0.6078533718610613,1,1,1,0.6845832276982451,3,1,0,0,1,0
582,0.04878048780487804,4,0.0,1,1,1,0.27878702416080736,1,1,0,0,0,1
734,0.7073170731707319,10,0.36477774701274135,2,1,1,0.6941879449487426,2,0,1,0,1,0
458,0.2439024390243903,2,0.6852673131150581,2,1,1,0.04783786851644331,0,0,1,0,1,0
579,0.1951219512195122,10,0.6476046110992716,1,1,1,0.09224190910231926,0,1,0,0,1,0
613,0.39024390243902446,3,0.0,1,1,1,0.208585619926703,1,0,0,1,0,1
485,0.34146341463414637,6,0.4074881957052762,2,1,1,0.9700853431502707,0,0,0,1,0,1
683,0.48780487804878053,7,0.43581890161061015,2,1,0,0.5133207221289633,2,1,0,0,0,1
703,0.4634146341463415,8,0.42232956018118756,2,0,1,0.3707715086790789,2,1,0,0,0,1
786,0.34146341463414637,2,0.4800849619859601,2,0,0,0.3979944084660085,3,1,0,0,0,1
662,0.6341463414634148,8,0.0,2,1,1,0.8766001653157875,1,1,0,0,0,1
626,0.5121951219512195,10,0.5272575809564753,3,1,1,0.25730627274904755,1,0,1,0,0,1
599,0.2439024390243903,7,0.4771109257946125,1,0,0,0.15590908931802985,1,1,0,0,0,1
757,0.2926829268292683,3,0.5795041723912685,1,0,1,0.991742561414615,3,0,0,1,0,1
658,0.3170731707317073,2,0.14574427409949595,1,1,0,0.5182164896747639,1,0,0,1,1,0
782,0.4146341463414634,4,0.0,1,1,1,0.5978258923727215,3,1,0,0,1,0
676,0.2926829268292683,5,0.0,2,0,0,0.8953605069284115,2,0,0,1,1,0
586,0.39024390243902446,5,0.6699692691961108,1,0,0,0.10024472337108194,1,0,0,1,0,1
580,0.26829268292682934,9,0.24595818963787253,2,1,0,0.6403922574605875,0,0,0,1,0,1
573,0.48780487804878053,4,0.0,2,1,1,0.9826230905051432,0,0,0,1,0,1
841,0.3170731707317073,3,0.6484770370312505,2,1,1,0.6339754446549645,4,1,0,0,1,0
554,0.39024390243902446,8,0.0,1,0,1,0.5348983327907815,0,0,0,1,1,0
782,0.5853658536585367,7,0.5039033178769915,1,1,0,0.1991116151592477,3,0,1,0,0,1
711,0.39024390243902446,4,0.5319600878587797,2,1,1,0.21484581777559755,2,0,1,0,0,1
512,0.3658536585365854,3,0.7041369665269274,1,1,0,0.47334115408021465,0,0,0,1,0,1
656,0.6341463414634148,10,0.5722304223200743,1,0,0,0.637223654859039,1,1,0,0,0,1
850,0.5100518941359626,4,0.4820791581155521,1,1,0,0.33478982242804184,4,0,0,1,1,0
597,0.43902439024390244,9,0.0,2,1,1,0.0357259618293547,1,1,0,0,1,0
579,0.5853658536585367,3,0.5482719298500839,2,1,1,0.4271045884882006,0,0,1,0,1,0
540,0.5121951219512195,4,0.5072908685753647,1,1,1,0.08070150699391791,0,0,1,0,0,1
572,0.4146341463414634,4,0.6073791155604255,1,1,0,0.640621579360829,0,0,0,1,0,1
784,0.7317073170731709,7,0.0,2,1,1,0.913079149058735,3,0,0,1,0,1
550,0.3658536585365854,4,0.47190837522916185,1,0,1,0.06994697993658393,0,0,1,0,0,1
